id,marital_status_ids:id,disability,region,date_from,maximum_marginal_rate,portion_to_be_abated,addi_port_to_be_abated_per_dep,addi_port_for_disabled_armed_forces,effe_mon_with_rate_at_the_lim_of_the_brac,table,dependent,disabilit_armed_forces,pensioner,base_salary,zero_dependents,one_dependent,two_dependents,three_dependents,four_dependents,five_or_more_dependents
income_tax_nmarried_ndisab_a_01_01_2023_798,not_married_pt,FALSE,a,2023-01-01,,,,,,,,,,798,0,0,0,0,0,0
income_tax_nmarried_ndisab_a_01_01_2023_812,not_married_pt,FALSE,a,2023-01-01,,,,,,,,,,812,0.4,0,0,0,0,0
income_tax_nmarried_ndisab_a_01_01_2023_863,not_married_pt,FALSE,a,2023-01-01,,,,,,,,,,863,2.3,0.5,0,0,0,0
income_tax_nmarried_ndisab_a_01_01_2023_964,not_married_pt,FALSE,a,2023-01-01,,,,,,,,,,964,4.6,2.3,0,0,0,0
income_tax_nmarried_ndisab_a_01_01_2023_1051,not_married_pt,FALSE,a,2023-01-01,,,,,,,,,,1051,5.5,3.8,0.8,0,0,0
income_tax_nmarried_ndisab_a_01_01_2023_1113,not_married_pt,FALSE,a,2023-01-01,,,,,,,,,,1113,6.1,4.5,2.2,0,0,0
income_tax_nmarried_ndisab_a_01_01_2023_1194,not_married_pt,FALSE,a,2023-01-01,,,,,,,,,,1194,7.4,5.7,3.5,1.8,0,0
income_tax_nmarried_ndisab_a_01_01_2023_1280,not_married_pt,FALSE,a,2023-01-01,,,,,,,,,,1280,8.2,6.4,4.2,2.5,0.7,0.7
income_tax_nmarried_ndisab_a_01_01_2023_1380,not_married_pt,FALSE,a,2023-01-01,,,,,,,,,,1380,8.9,7.3,4.8,3.2,1.5,1.5
income_tax_nmarried_ndisab_a_01_01_2023_1466,not_married_pt,FALSE,a,2023-01-01,,,,,,,,,,1466,9.7,8,5.6,4.6,2.8,2.8
income_tax_nmarried_ndisab_a_01_01_2023_1609,not_married_pt,FALSE,a,2023-01-01,,,,,,,,,,1609,10.4,8.6,7,5.3,3.5,3.5
income_tax_nmarried_ndisab_a_01_01_2023_1762,not_married_pt,FALSE,a,2023-01-01,,,,,,,,,,1762,11.4,10.4,8,6.2,4.6,4.6
income_tax_nmarried_ndisab_a_01_01_2023_1925,not_married_pt,FALSE,a,2023-01-01,,,,,,,,,,1925,12.7,12.1,10.2,8.8,8.2,8.2
income_tax_nmarried_ndisab_a_01_01_2023_2035,not_married_pt,FALSE,a,2023-01-01,,,,,,,,,,2035,13.5,12.7,10.9,10.2,8.8,8.8
income_tax_nmarried_ndisab_a_01_01_2023_2151,not_married_pt,FALSE,a,2023-01-01,,,,,,,,,,2151,14.1,13.4,11.5,10.9,9.5,9.5
income_tax_nmarried_ndisab_a_01_01_2023_2283,not_married_pt,FALSE,a,2023-01-01,,,,,,,,,,2283,14.9,14.2,12.3,11.6,10.2,10.2
income_tax_nmarried_ndisab_a_01_01_2023_2437,not_married_pt,FALSE,a,2023-01-01,,,,,,,,,,2437,15.5,14.9,13,12.3,10.9,10.9
income_tax_nmarried_ndisab_a_01_01_2023_2609,not_married_pt,FALSE,a,2023-01-01,,,,,,,,,,2609,16.9,15.5,14.3,13,12.3,12.3
income_tax_nmarried_ndisab_a_01_01_2023_2848,not_married_pt,FALSE,a,2023-01-01,,,,,,,,,,2848,17.6,16.3,15,13.6,13,13
income_tax_nmarried_ndisab_a_01_01_2023_3195,not_married_pt,FALSE,a,2023-01-01,,,,,,,,,,3195,18.5,17.2,15.8,14.4,13.7,13.7
income_tax_nmarried_ndisab_a_01_01_2023_3637,not_married_pt,FALSE,a,2023-01-01,,,,,,,,,,3637,19.8,18.8,17.6,17.2,16.1,16.1
income_tax_nmarried_ndisab_a_01_01_2023_4239,not_married_pt,FALSE,a,2023-01-01,,,,,,,,,,4239,20.7,19.4,18.3,17.9,17.5,17.5
income_tax_nmarried_ndisab_a_01_01_2023_4786,not_married_pt,FALSE,a,2023-01-01,,,,,,,,,,4786,21.7,20.6,19.3,18.9,18.6,18.6
income_tax_nmarried_ndisab_a_01_01_2023_5346,not_married_pt,FALSE,a,2023-01-01,,,,,,,,,,5346,22.3,21.9,20.2,19.6,19.2,19.2
income_tax_nmarried_ndisab_a_01_01_2023_6052,not_married_pt,FALSE,a,2023-01-01,,,,,,,,,,6052,23,22.5,20.9,20.4,19.9,19.9
income_tax_nmarried_ndisab_a_01_01_2023_6924,not_married_pt,FALSE,a,2023-01-01,,,,,,,,,,6924,24.4,23.9,22.5,22.3,22.1,22.1
income_tax_nmarried_ndisab_a_01_01_2023_8171,not_married_pt,FALSE,a,2023-01-01,,,,,,,,,,8171,25.1,24.9,23.9,23,22.7,22.7
income_tax_nmarried_ndisab_a_01_01_2023_9840,not_married_pt,FALSE,a,2023-01-01,,,,,,,,,,9840,26.5,26.2,25.3,25.1,24.1,24.1
income_tax_nmarried_ndisab_a_01_01_2023_11612,not_married_pt,FALSE,a,2023-01-01,,,,,,,,,,11612,27.2,26.9,26.3,25.7,24.8,24.8
income_tax_nmarried_ndisab_a_01_01_2023_19404,not_married_pt,FALSE,a,2023-01-01,,,,,,,,,,19404,27.9,27.6,27,26.7,25.5,25.5
income_tax_nmarried_ndisab_a_01_01_2023_20811,not_married_pt,FALSE,a,2023-01-01,,,,,,,,,,20811,28.6,28.3,27.7,27.4,26.1,26.1
income_tax_nmarried_ndisab_a_01_01_2023_23413,not_married_pt,FALSE,a,2023-01-01,,,,,,,,,,23413,29.2,29,28.4,28.1,27,27
income_tax_nmarried_ndisab_a_01_01_2023_26014,not_married_pt,FALSE,a,2023-01-01,,,,,,,,,,26014,29.9,29.6,29,28.8,27.8,27.8
income_tax_nmarried_ndisab_a_01_01_2023_9999999999,not_married_pt,FALSE,a,2023-01-01,,,,,,,,,,9999999999,30.5,30.3,29.7,29.4,28.5,28.5
income_tax_moneholder_ndisab_a_01_01_2023_798,married_one_holder_pt,FALSE,a,2023-01-01,,,,,,,,,,798,0,0,0,0,0,0
income_tax_moneholder_ndisab_a_01_01_2023_813,married_one_holder_pt,FALSE,a,2023-01-01,,,,,,,,,,813,0.7,0,0,0,0,0
income_tax_moneholder_ndisab_a_01_01_2023_842,married_one_holder_pt,FALSE,a,2023-01-01,,,,,,,,,,842,1.9,0.6,0,0,0,0
income_tax_moneholder_ndisab_a_01_01_2023_878,married_one_holder_pt,FALSE,a,2023-01-01,,,,,,,,,,878,3.8,1.2,0.6,0,0,0
income_tax_moneholder_ndisab_a_01_01_2023_925,married_one_holder_pt,FALSE,a,2023-01-01,,,,,,,,,,925,4.5,2.5,0.8,0,0,0
income_tax_moneholder_ndisab_a_01_01_2023_1017,married_one_holder_pt,FALSE,a,2023-01-01,,,,,,,,,,1017,5,3.2,2,0,0,0
income_tax_moneholder_ndisab_a_01_01_2023_1129,married_one_holder_pt,FALSE,a,2023-01-01,,,,,,,,,,1129,5.6,3.8,2.5,0.6,0,0
income_tax_moneholder_ndisab_a_01_01_2023_1280,married_one_holder_pt,FALSE,a,2023-01-01,,,,,,,,,,1280,6.4,4.8,3.2,1.3,0,0
income_tax_moneholder_ndisab_a_01_01_2023_1445,married_one_holder_pt,FALSE,a,2023-01-01,,,,,,,,,,1445,7.5,6.2,5,3,1.8,1.2
income_tax_moneholder_ndisab_a_01_01_2023_1677,married_one_holder_pt,FALSE,a,2023-01-01,,,,,,,,,,1677,8.2,7,5.7,4.4,3.2,1.9
income_tax_moneholder_ndisab_a_01_01_2023_1784,married_one_holder_pt,FALSE,a,2023-01-01,,,,,,,,,,1784,9.2,8,7,5.4,4.1,3.6
income_tax_moneholder_ndisab_a_01_01_2023_1903,married_one_holder_pt,FALSE,a,2023-01-01,,,,,,,,,,1903,9.8,8.7,8.2,6.3,5.1,4.6
income_tax_moneholder_ndisab_a_01_01_2023_2056,married_one_holder_pt,FALSE,a,2023-01-01,,,,,,,,,,2056,10.5,9.3,8.8,7,6.4,5.2
income_tax_moneholder_ndisab_a_01_01_2023_2221,married_one_holder_pt,FALSE,a,2023-01-01,,,,,,,,,,2221,11.2,10,9.5,7.6,7.1,6
income_tax_moneholder_ndisab_a_01_01_2023_2416,married_one_holder_pt,FALSE,a,2023-01-01,,,,,,,,,,2416,11.9,11.4,10.2,8.3,7.8,6.7
income_tax_moneholder_ndisab_a_01_01_2023_2642,married_one_holder_pt,FALSE,a,2023-01-01,,,,,,,,,,2642,12.5,12,10.9,9.7,8.5,8
income_tax_moneholder_ndisab_a_01_01_2023_3020,married_one_holder_pt,FALSE,a,2023-01-01,,,,,,,,,,3020,13.2,12.7,11.6,10.4,9.2,8.6
income_tax_moneholder_ndisab_a_01_01_2023_3455,married_one_holder_pt,FALSE,a,2023-01-01,,,,,,,,,,3455,15.1,15,13.9,12.9,12,11.7
income_tax_moneholder_ndisab_a_01_01_2023_3717,married_one_holder_pt,FALSE,a,2023-01-01,,,,,,,,,,3717,15.7,15.6,14.7,13.6,13.3,12.3
income_tax_moneholder_ndisab_a_01_01_2023_3995,married_one_holder_pt,FALSE,a,2023-01-01,,,,,,,,,,3995,16.4,16.3,15.4,14.4,14,13
income_tax_moneholder_ndisab_a_01_01_2023_4333,married_one_holder_pt,FALSE,a,2023-01-01,,,,,,,,,,4333,17.1,17,16,15.1,14.8,14.4
income_tax_moneholder_ndisab_a_01_01_2023_4739,married_one_holder_pt,FALSE,a,2023-01-01,,,,,,,,,,4739,18.1,17.7,16.7,15.8,15.5,15.3
income_tax_moneholder_ndisab_a_01_01_2023_5224,married_one_holder_pt,FALSE,a,2023-01-01,,,,,,,,,,5224,18.8,18.4,18.1,16.5,16.2,15.9
income_tax_moneholder_ndisab_a_01_01_2023_5819,married_one_holder_pt,FALSE,a,2023-01-01,,,,,,,,,,5819,19.5,19,18.8,17.2,16.9,16.6
income_tax_moneholder_ndisab_a_01_01_2023_6568,married_one_holder_pt,FALSE,a,2023-01-01,,,,,,,,,,6568,20.2,19.7,19.5,17.9,17.6,17.3
income_tax_moneholder_ndisab_a_01_01_2023_7537,married_one_holder_pt,FALSE,a,2023-01-01,,,,,,,,,,7537,20.8,20.7,20.4,18.9,18.8,18.7
income_tax_moneholder_ndisab_a_01_01_2023_8687,married_one_holder_pt,FALSE,a,2023-01-01,,,,,,,,,,8687,21.5,21.4,21.3,20.3,19.5,19.3
income_tax_moneholder_ndisab_a_01_01_2023_9609,married_one_holder_pt,FALSE,a,2023-01-01,,,,,,,,,,9609,22.5,22.4,22.3,21.5,20.5,20.4
income_tax_moneholder_ndisab_a_01_01_2023_10754,married_one_holder_pt,FALSE,a,2023-01-01,,,,,,,,,,10754,23.2,23.1,23,22.2,22.1,21
income_tax_moneholder_ndisab_a_01_01_2023_14423,married_one_holder_pt,FALSE,a,2023-01-01,,,,,,,,,,14423,24.1,24,23.7,22.8,22.7,21.9
income_tax_moneholder_ndisab_a_01_01_2023_20706,married_one_holder_pt,FALSE,a,2023-01-01,,,,,,,,,,20706,25.5,25.4,25.3,24.6,24.4,23.6
income_tax_moneholder_ndisab_a_01_01_2023_23413,married_one_holder_pt,FALSE,a,2023-01-01,,,,,,,,,,23413,26.1,26,26,25.6,25.1,24.3
income_tax_moneholder_ndisab_a_01_01_2023_26014,married_one_holder_pt,FALSE,a,2023-01-01,,,,,,,,,,26014,26.8,26.7,26.7,26.2,26,25
income_tax_moneholder_ndisab_a_01_01_2023_29135,married_one_holder_pt,FALSE,a,2023-01-01,,,,,,,,,,29135,27.5,27.4,27.4,26.9,26.7,25.9
income_tax_moneholder_ndisab_a_01_01_2023_9999999999,married_one_holder_pt,FALSE,a,2023-01-01,,,,,,,,,,9999999999,28.2,28.1,28.1,27.6,27.4,26.6
income_tax_mtwoholders_ndisab_a_01_01_2023_798,married_two_holders_pt,FALSE,a,2023-01-01,,,,,,,,,,798,0,0,0,0,0,0
income_tax_mtwoholders_ndisab_a_01_01_2023_812,married_two_holders_pt,FALSE,a,2023-01-01,,,,,,,,,,812,0.6,0.4,0,0,0,0
income_tax_mtwoholders_ndisab_a_01_01_2023_863,married_two_holders_pt,FALSE,a,2023-01-01,,,,,,,,,,863,3.5,2.3,0.5,0,0,0
income_tax_mtwoholders_ndisab_a_01_01_2023_964,married_two_holders_pt,FALSE,a,2023-01-01,,,,,,,,,,964,6.5,5,4,2.6,2,0.7
income_tax_mtwoholders_ndisab_a_01_01_2023_1051,married_two_holders_pt,FALSE,a,2023-01-01,,,,,,,,,,1051,7.8,6,5.4,3.5,3,2
income_tax_mtwoholders_ndisab_a_01_01_2023_1113,married_two_holders_pt,FALSE,a,2023-01-01,,,,,,,,,,1113,8.4,6.6,6,4.1,3.3,2.7
income_tax_mtwoholders_ndisab_a_01_01_2023_1194,married_two_holders_pt,FALSE,a,2023-01-01,,,,,,,,,,1194,9.1,7.9,7.4,5.5,4.9,3.6
income_tax_mtwoholders_ndisab_a_01_01_2023_1280,married_two_holders_pt,FALSE,a,2023-01-01,,,,,,,,,,1280,9.8,8.6,8,6.2,5.5,4.3
income_tax_mtwoholders_ndisab_a_01_01_2023_1380,married_two_holders_pt,FALSE,a,2023-01-01,,,,,,,,,,1380,10.5,10,8.8,7.4,6.2,5.6
income_tax_mtwoholders_ndisab_a_01_01_2023_1466,married_two_holders_pt,FALSE,a,2023-01-01,,,,,,,,,,1466,11.3,10.7,9.5,8.3,7,6.4
income_tax_mtwoholders_ndisab_a_01_01_2023_1609,married_two_holders_pt,FALSE,a,2023-01-01,,,,,,,,,,1609,12,11.5,10.2,9,7.8,7.1
income_tax_mtwoholders_ndisab_a_01_01_2023_1762,married_two_holders_pt,FALSE,a,2023-01-01,,,,,,,,,,1762,13,12.4,11.3,10,9.4,8.2
income_tax_mtwoholders_ndisab_a_01_01_2023_1925,married_two_holders_pt,FALSE,a,2023-01-01,,,,,,,,,,1925,13.9,13.5,12.3,11.2,10.6,9.5
income_tax_mtwoholders_ndisab_a_01_01_2023_2035,married_two_holders_pt,FALSE,a,2023-01-01,,,,,,,,,,2035,14.6,14.3,13,11.8,11.3,10.2
income_tax_mtwoholders_ndisab_a_01_01_2023_2151,married_two_holders_pt,FALSE,a,2023-01-01,,,,,,,,,,2151,15.3,15,13.7,12.4,11.9,11.4
income_tax_mtwoholders_ndisab_a_01_01_2023_2283,married_two_holders_pt,FALSE,a,2023-01-01,,,,,,,,,,2283,16,15.6,14.5,13.2,12.5,12.1
income_tax_mtwoholders_ndisab_a_01_01_2023_2437,married_two_holders_pt,FALSE,a,2023-01-01,,,,,,,,,,2437,16.7,16.4,15.8,13.9,13.4,12.7
income_tax_mtwoholders_ndisab_a_01_01_2023_2609,married_two_holders_pt,FALSE,a,2023-01-01,,,,,,,,,,2609,17.4,17.1,16.5,14.7,14.1,13.6
income_tax_mtwoholders_ndisab_a_01_01_2023_2848,married_two_holders_pt,FALSE,a,2023-01-01,,,,,,,,,,2848,18,17.6,17.2,15.3,14.8,14.3
income_tax_mtwoholders_ndisab_a_01_01_2023_3195,married_two_holders_pt,FALSE,a,2023-01-01,,,,,,,,,,3195,18.8,18.6,18,16.2,15.6,15.1
income_tax_mtwoholders_ndisab_a_01_01_2023_3637,married_two_holders_pt,FALSE,a,2023-01-01,,,,,,,,,,3637,20,19.9,19.6,18,17.7,17.4
income_tax_mtwoholders_ndisab_a_01_01_2023_4239,married_two_holders_pt,FALSE,a,2023-01-01,,,,,,,,,,4239,20.7,20.7,20.3,19.3,18.4,18.1
income_tax_mtwoholders_ndisab_a_01_01_2023_4786,married_two_holders_pt,FALSE,a,2023-01-01,,,,,,,,,,4786,22,21.8,21.5,20.3,19.4,19.1
income_tax_mtwoholders_ndisab_a_01_01_2023_5346,married_two_holders_pt,FALSE,a,2023-01-01,,,,,,,,,,5346,22.6,22.4,22.1,21.2,20.7,19.8
income_tax_mtwoholders_ndisab_a_01_01_2023_6052,married_two_holders_pt,FALSE,a,2023-01-01,,,,,,,,,,6052,23.3,23.1,22.8,21.9,21.6,20.4
income_tax_mtwoholders_ndisab_a_01_01_2023_6924,married_two_holders_pt,FALSE,a,2023-01-01,,,,,,,,,,6924,24.6,24.5,24.2,23.7,23.5,23.4
income_tax_mtwoholders_ndisab_a_01_01_2023_8171,married_two_holders_pt,FALSE,a,2023-01-01,,,,,,,,,,8171,25.3,25.2,25.1,24.3,24.2,24.1
income_tax_mtwoholders_ndisab_a_01_01_2023_9840,married_two_holders_pt,FALSE,a,2023-01-01,,,,,,,,,,9840,26.7,26.5,26.4,25.6,25.5,25.4
income_tax_mtwoholders_ndisab_a_01_01_2023_11612,married_two_holders_pt,FALSE,a,2023-01-01,,,,,,,,,,11612,27.4,27.2,27.1,26.6,26.2,26
income_tax_mtwoholders_ndisab_a_01_01_2023_19404,married_two_holders_pt,FALSE,a,2023-01-01,,,,,,,,,,19404,28.1,27.9,27.8,27.3,27.2,26.7
income_tax_mtwoholders_ndisab_a_01_01_2023_20811,married_two_holders_pt,FALSE,a,2023-01-01,,,,,,,,,,20811,28.8,28.6,28.5,28,27.9,27.4
income_tax_mtwoholders_ndisab_a_01_01_2023_23413,married_two_holders_pt,FALSE,a,2023-01-01,,,,,,,,,,23413,29.3,29.2,29.1,28.7,28.6,28.3
income_tax_mtwoholders_ndisab_a_01_01_2023_26014,married_two_holders_pt,FALSE,a,2023-01-01,,,,,,,,,,26014,30,29.9,29.8,29.3,29.2,29.1
income_tax_mtwoholders_ndisab_a_01_01_2023_9999999999,married_two_holders_pt,FALSE,a,2023-01-01,,,,,,,,,,9999999999,30.7,30.6,30.5,30,29.9,29.8
income_tax_nmarried_disab_a_01_01_2023_1348,not_married_pt,TRUE,a,2023-01-01,,,,,,,,,,1348,0,0,0,0,0,0
income_tax_nmarried_disab_a_01_01_2023_1456,not_married_pt,TRUE,a,2023-01-01,,,,,,,,,,1456,0.8,0,0,0,0,0
income_tax_nmarried_disab_a_01_01_2023_1498,not_married_pt,TRUE,a,2023-01-01,,,,,,,,,,1498,2.9,0.4,0,0,0,0
income_tax_nmarried_disab_a_01_01_2023_1687,not_married_pt,TRUE,a,2023-01-01,,,,,,,,,,1687,3.6,1.8,0,0,0,0
income_tax_nmarried_disab_a_01_01_2023_2013,not_married_pt,TRUE,a,2023-01-01,,,,,,,,,,2013,4.6,3.3,2.6,0.1,0,0
income_tax_nmarried_disab_a_01_01_2023_2140,not_married_pt,TRUE,a,2023-01-01,,,,,,,,,,2140,5.6,4.3,3.6,1.5,0.8,0
income_tax_nmarried_disab_a_01_01_2023_2278,not_married_pt,TRUE,a,2023-01-01,,,,,,,,,,2278,6.9,5,4.3,2.9,1.5,0.8
income_tax_nmarried_disab_a_01_01_2023_2382,not_married_pt,TRUE,a,2023-01-01,,,,,,,,,,2382,8.6,6.7,5.3,4,2.6,1.9
income_tax_nmarried_disab_a_01_01_2023_2552,not_married_pt,TRUE,a,2023-01-01,,,,,,,,,,2552,10,8.1,6.7,5.3,4.1,2.6
income_tax_nmarried_disab_a_01_01_2023_2637,not_married_pt,TRUE,a,2023-01-01,,,,,,,,,,2637,10.6,9.4,8.1,6.7,4.7,4.1
income_tax_nmarried_disab_a_01_01_2023_2741,not_married_pt,TRUE,a,2023-01-01,,,,,,,,,,2741,11.4,10.1,8.7,7.4,6,5.3
income_tax_nmarried_disab_a_01_01_2023_3015,not_married_pt,TRUE,a,2023-01-01,,,,,,,,,,3015,12,10.8,9.4,8.1,7.4,6.7
income_tax_nmarried_disab_a_01_01_2023_3343,not_married_pt,TRUE,a,2023-01-01,,,,,,,,,,3343,12.8,11.8,10.7,9.7,9.2,8.8
income_tax_nmarried_disab_a_01_01_2023_3690,not_married_pt,TRUE,a,2023-01-01,,,,,,,,,,3690,13.7,12.6,11.6,10.4,10,9.6
income_tax_nmarried_disab_a_01_01_2023_3827,not_married_pt,TRUE,a,2023-01-01,,,,,,,,,,3827,14.4,13.4,12.9,11.1,10.7,10.3
income_tax_nmarried_disab_a_01_01_2023_4048,not_married_pt,TRUE,a,2023-01-01,,,,,,,,,,4048,15.1,14.1,13.7,11.8,11.4,11
income_tax_nmarried_disab_a_01_01_2023_4481,not_married_pt,TRUE,a,2023-01-01,,,,,,,,,,4481,16.4,15.5,15.1,13.3,12.7,12.3
income_tax_nmarried_disab_a_01_01_2023_4755,not_married_pt,TRUE,a,2023-01-01,,,,,,,,,,4755,17.1,16.2,15.8,14,13.6,13
income_tax_nmarried_disab_a_01_01_2023_5060,not_married_pt,TRUE,a,2023-01-01,,,,,,,,,,5060,17.8,16.9,16.5,14.7,14.3,13.9
income_tax_nmarried_disab_a_01_01_2023_5356,not_married_pt,TRUE,a,2023-01-01,,,,,,,,,,5356,18.5,17.6,17.2,15.4,15,14.6
income_tax_nmarried_disab_a_01_01_2023_5799,not_married_pt,TRUE,a,2023-01-01,,,,,,,,,,5799,19.1,18.3,17.9,16.7,15.6,15.3
income_tax_nmarried_disab_a_01_01_2023_6241,not_married_pt,TRUE,a,2023-01-01,,,,,,,,,,6241,20.2,19.3,18.9,17.8,16.7,16.2
income_tax_nmarried_disab_a_01_01_2023_6966,not_married_pt,TRUE,a,2023-01-01,,,,,,,,,,6966,20.8,20.1,19.8,18.9,17.9,17.6
income_tax_nmarried_disab_a_01_01_2023_7448,not_married_pt,TRUE,a,2023-01-01,,,,,,,,,,7448,21.5,20.9,20.5,19.5,18.6,18.3
income_tax_nmarried_disab_a_01_01_2023_8046,not_married_pt,TRUE,a,2023-01-01,,,,,,,,,,8046,22.2,21.6,21.3,20.2,20,19
income_tax_nmarried_disab_a_01_01_2023_8749,not_married_pt,TRUE,a,2023-01-01,,,,,,,,,,8749,22.8,22.3,22,21,20.3,19.7
income_tax_nmarried_disab_a_01_01_2023_9555,not_married_pt,TRUE,a,2023-01-01,,,,,,,,,,9555,23.5,22.9,22.6,21.7,20.7,20.4
income_tax_nmarried_disab_a_01_01_2023_10311,not_married_pt,TRUE,a,2023-01-01,,,,,,,,,,10311,24.6,23.9,23.7,22.7,22.4,21.5
income_tax_nmarried_disab_a_01_01_2023_12901,not_married_pt,TRUE,a,2023-01-01,,,,,,,,,,12901,25.3,24.6,24.4,23.4,23.1,22.2
income_tax_nmarried_disab_a_01_01_2023_9999999999,not_married_pt,TRUE,a,2023-01-01,,,,,,,,,,9999999999,25.9,25.3,25.1,24.1,23.8,22.8
income_tax_moneholder_disab_a_01_01_2023_1698,married_one_holder_pt,TRUE,a,2023-01-01,,,,,,,,,,1698,0,0,0,0,0,0
income_tax_moneholder_disab_a_01_01_2023_1804,married_one_holder_pt,TRUE,a,2023-01-01,,,,,,,,,,1804,0.5,0,0,0,0,0
income_tax_moneholder_disab_a_01_01_2023_1961,married_one_holder_pt,TRUE,a,2023-01-01,,,,,,,,,,1961,2.6,0.7,0.1,0,0,0
income_tax_moneholder_disab_a_01_01_2023_2030,married_one_holder_pt,TRUE,a,2023-01-01,,,,,,,,,,2030,3.3,2.1,1.5,0.3,0,0
income_tax_moneholder_disab_a_01_01_2023_2411,married_one_holder_pt,TRUE,a,2023-01-01,,,,,,,,,,2411,4,3.5,2.2,1,0,0
income_tax_moneholder_disab_a_01_01_2023_2594,married_one_holder_pt,TRUE,a,2023-01-01,,,,,,,,,,2594,4.6,4.2,2.9,1.7,0.4,0
income_tax_moneholder_disab_a_01_01_2023_2848,married_one_holder_pt,TRUE,a,2023-01-01,,,,,,,,,,2848,6,5.5,4.3,3.1,2.5,1.3
income_tax_moneholder_disab_a_01_01_2023_3058,married_one_holder_pt,TRUE,a,2023-01-01,,,,,,,,,,3058,6.7,6.2,5,3.8,3.2,2
income_tax_moneholder_disab_a_01_01_2023_3279,married_one_holder_pt,TRUE,a,2023-01-01,,,,,,,,,,3279,7.7,7.2,6,4.8,4.3,3
income_tax_moneholder_disab_a_01_01_2023_3455,married_one_holder_pt,TRUE,a,2023-01-01,,,,,,,,,,3455,8.5,8.3,7.4,6.4,6.1,5.8
income_tax_moneholder_disab_a_01_01_2023_3616,married_one_holder_pt,TRUE,a,2023-01-01,,,,,,,,,,3616,9.5,9.5,8.4,7.4,7.1,6.9
income_tax_moneholder_disab_a_01_01_2023_3722,married_one_holder_pt,TRUE,a,2023-01-01,,,,,,,,,,3722,10.2,10.2,9.9,8.1,7.8,7.6
income_tax_moneholder_disab_a_01_01_2023_3938,married_one_holder_pt,TRUE,a,2023-01-01,,,,,,,,,,3938,10.9,10.9,10.6,8.9,8.5,8.3
income_tax_moneholder_disab_a_01_01_2023_4048,married_one_holder_pt,TRUE,a,2023-01-01,,,,,,,,,,4048,11.6,11.6,11.3,9.6,9.3,8.9
income_tax_moneholder_disab_a_01_01_2023_4376,married_one_holder_pt,TRUE,a,2023-01-01,,,,,,,,,,4376,12.3,12.2,12,10.3,10,9.7
income_tax_moneholder_disab_a_01_01_2023_4587,married_one_holder_pt,TRUE,a,2023-01-01,,,,,,,,,,4587,13,12.9,12.6,11,10.7,10.4
income_tax_moneholder_disab_a_01_01_2023_5035,married_one_holder_pt,TRUE,a,2023-01-01,,,,,,,,,,5035,13.7,13.6,13.3,11.7,11.4,11.1
income_tax_moneholder_disab_a_01_01_2023_5471,married_one_holder_pt,TRUE,a,2023-01-01,,,,,,,,,,5471,14.4,14.3,14,12.3,12,11.8
income_tax_moneholder_disab_a_01_01_2023_5688,married_one_holder_pt,TRUE,a,2023-01-01,,,,,,,,,,5688,15.1,15,14.7,13.7,12.7,12.5
income_tax_moneholder_disab_a_01_01_2023_6135,married_one_holder_pt,TRUE,a,2023-01-01,,,,,,,,,,6135,15.7,15.6,15.4,14.4,13.4,13.2
income_tax_moneholder_disab_a_01_01_2023_6458,married_one_holder_pt,TRUE,a,2023-01-01,,,,,,,,,,6458,16.4,16.3,16,15.1,14.1,13.9
income_tax_moneholder_disab_a_01_01_2023_7058,married_one_holder_pt,TRUE,a,2023-01-01,,,,,,,,,,7058,17.3,17.2,17.2,16.2,15.4,15.3
income_tax_moneholder_disab_a_01_01_2023_7601,married_one_holder_pt,TRUE,a,2023-01-01,,,,,,,,,,7601,18,17.9,17.9,17,16.7,15.9
income_tax_moneholder_disab_a_01_01_2023_8465,married_one_holder_pt,TRUE,a,2023-01-01,,,,,,,,,,8465,18.7,18.6,18.6,17.7,17.6,16.6
income_tax_moneholder_disab_a_01_01_2023_9446,married_one_holder_pt,TRUE,a,2023-01-01,,,,,,,,,,9446,19.3,19.3,19.2,18.4,18.3,17.4
income_tax_moneholder_disab_a_01_01_2023_10532,married_one_holder_pt,TRUE,a,2023-01-01,,,,,,,,,,10532,20.4,20.3,20.2,19.4,19.3,18.5
income_tax_moneholder_disab_a_01_01_2023_11617,married_one_holder_pt,TRUE,a,2023-01-01,,,,,,,,,,11617,21,20.9,20.9,20.1,20,19.1
income_tax_moneholder_disab_a_01_01_2023_13389,married_one_holder_pt,TRUE,a,2023-01-01,,,,,,,,,,13389,22.1,22,21.9,21.1,20.9,20.2
income_tax_moneholder_disab_a_01_01_2023_9999999999,married_one_holder_pt,TRUE,a,2023-01-01,,,,,,,,,,9999999999,22.7,22.6,22.5,21.8,21.6,20.8
income_tax_mtwoholders_disab_a_01_01_2023_1348,married_two_holders_pt,TRUE,a,2023-01-01,,,,,,,,,,1348,0,0,0,0,0,0
income_tax_mtwoholders_disab_a_01_01_2023_1456,married_two_holders_pt,TRUE,a,2023-01-01,,,,,,,,,,1456,0.8,0,0,0,0,0
income_tax_mtwoholders_disab_a_01_01_2023_1498,married_two_holders_pt,TRUE,a,2023-01-01,,,,,,,,,,1498,2.5,2,0,0,0,0
income_tax_mtwoholders_disab_a_01_01_2023_1687,married_two_holders_pt,TRUE,a,2023-01-01,,,,,,,,,,1687,3.2,2.7,1.3,0,0,0
income_tax_mtwoholders_disab_a_01_01_2023_2013,married_two_holders_pt,TRUE,a,2023-01-01,,,,,,,,,,2013,4.6,4.1,2.9,1.6,1.1,0
income_tax_mtwoholders_disab_a_01_01_2023_2140,married_two_holders_pt,TRUE,a,2023-01-01,,,,,,,,,,2140,5.6,5.2,3.9,2.7,2.1,1.5
income_tax_mtwoholders_disab_a_01_01_2023_2278,married_two_holders_pt,TRUE,a,2023-01-01,,,,,,,,,,2278,6.9,5.8,5.3,4,2.8,2.2
income_tax_mtwoholders_disab_a_01_01_2023_2382,married_two_holders_pt,TRUE,a,2023-01-01,,,,,,,,,,2382,8.6,7.5,6.3,5.1,4.5,3.9
income_tax_mtwoholders_disab_a_01_01_2023_2552,married_two_holders_pt,TRUE,a,2023-01-01,,,,,,,,,,2552,10,8.8,7.6,6.4,5.2,4.6
income_tax_mtwoholders_disab_a_01_01_2023_2637,married_two_holders_pt,TRUE,a,2023-01-01,,,,,,,,,,2637,10.6,9.5,9,7.8,6.6,6
income_tax_mtwoholders_disab_a_01_01_2023_2741,married_two_holders_pt,TRUE,a,2023-01-01,,,,,,,,,,2741,11.4,10.2,9.7,8.5,7.3,6.7
income_tax_mtwoholders_disab_a_01_01_2023_3015,married_two_holders_pt,TRUE,a,2023-01-01,,,,,,,,,,3015,12,10.9,10.4,9.2,8,7.4
income_tax_mtwoholders_disab_a_01_01_2023_3343,married_two_holders_pt,TRUE,a,2023-01-01,,,,,,,,,,3343,12.8,12,11.7,10.7,9.8,9.5
income_tax_mtwoholders_disab_a_01_01_2023_3690,married_two_holders_pt,TRUE,a,2023-01-01,,,,,,,,,,3690,13.7,12.7,12.5,11.6,10.6,10.3
income_tax_mtwoholders_disab_a_01_01_2023_3827,married_two_holders_pt,TRUE,a,2023-01-01,,,,,,,,,,3827,14.4,13.6,13.2,12.2,12,11
income_tax_mtwoholders_disab_a_01_01_2023_4048,married_two_holders_pt,TRUE,a,2023-01-01,,,,,,,,,,4048,15.1,14.3,14,12.9,12.6,11.7
income_tax_mtwoholders_disab_a_01_01_2023_4481,married_two_holders_pt,TRUE,a,2023-01-01,,,,,,,,,,4481,16,15.3,15.1,14.1,13.7,12.7
income_tax_mtwoholders_disab_a_01_01_2023_4755,married_two_holders_pt,TRUE,a,2023-01-01,,,,,,,,,,4755,16.7,16,15.7,14.8,14.5,14.1
income_tax_mtwoholders_disab_a_01_01_2023_5060,married_two_holders_pt,TRUE,a,2023-01-01,,,,,,,,,,5060,17.4,16.7,16.4,15.5,15.2,14.9
income_tax_mtwoholders_disab_a_01_01_2023_5356,married_two_holders_pt,TRUE,a,2023-01-01,,,,,,,,,,5356,18.1,17.4,17.1,16.1,15.8,15.5
income_tax_mtwoholders_disab_a_01_01_2023_5799,married_two_holders_pt,TRUE,a,2023-01-01,,,,,,,,,,5799,18.8,18.1,17.8,16.8,16.5,16.2
income_tax_mtwoholders_disab_a_01_01_2023_6241,married_two_holders_pt,TRUE,a,2023-01-01,,,,,,,,,,6241,19.8,19,18.8,17.9,17.6,17.3
income_tax_mtwoholders_disab_a_01_01_2023_6966,married_two_holders_pt,TRUE,a,2023-01-01,,,,,,,,,,6966,20.8,20.2,20.1,19.3,19.1,19
income_tax_mtwoholders_disab_a_01_01_2023_7448,married_two_holders_pt,TRUE,a,2023-01-01,,,,,,,,,,7448,21.5,21,20.7,20,19.8,19.7
income_tax_mtwoholders_disab_a_01_01_2023_8046,married_two_holders_pt,TRUE,a,2023-01-01,,,,,,,,,,8046,22.2,21.7,21.6,20.6,20.5,20.4
income_tax_mtwoholders_disab_a_01_01_2023_8749,married_two_holders_pt,TRUE,a,2023-01-01,,,,,,,,,,8749,22.8,22.3,22.3,21.4,21.1,21
income_tax_mtwoholders_disab_a_01_01_2023_9555,married_two_holders_pt,TRUE,a,2023-01-01,,,,,,,,,,9555,23.5,23,22.9,22.1,22,21.7
income_tax_mtwoholders_disab_a_01_01_2023_10311,married_two_holders_pt,TRUE,a,2023-01-02,,,,,,,,,,10311,24.6,24.1,23.9,23.1,23,22.8
income_tax_mtwoholders_disab_a_01_01_2023_12901,married_two_holders_pt,TRUE,a,2023-01-03,,,,,,,,,,12901,25.3,24.8,24.6,23.8,23.7,23.5
income_tax_mtwoholders_disab_a_01_01_2023_9999999999,married_two_holders_pt,TRUE,a,2023-01-04,,,,,,,,,,9999999999,25.9,25.5,25.3,24.5,24.4,24.2
income_tax_nmarried_ndisab_m_01_01_2023_785,not_married_pt,FALSE,m,2023-01-01,,,,,,,,,,785,0,0,0,0,0,0
income_tax_nmarried_ndisab_m_01_01_2023_851,not_married_pt,FALSE,m,2023-01-01,,,,,,,,,,851,5.5,3.1,0.6,0,0,0
income_tax_nmarried_ndisab_m_01_01_2023_964,not_married_pt,FALSE,m,2023-01-01,,,,,,,,,,964,7,4.6,2.4,0,0,0
income_tax_nmarried_ndisab_m_01_01_2023_1051,not_married_pt,FALSE,m,2023-01-01,,,,,,,,,,1051,7.8,5.5,3.9,0.9,0,0
income_tax_nmarried_ndisab_m_01_01_2023_1113,not_married_pt,FALSE,m,2023-01-01,,,,,,,,,,1113,8.4,6.1,4.5,2.2,0,0
income_tax_nmarried_ndisab_m_01_01_2023_1194,not_married_pt,FALSE,m,2023-01-01,,,,,,,,,,1194,9.1,7.4,5.7,3.5,1.8,0.1
income_tax_nmarried_ndisab_m_01_01_2023_1280,not_married_pt,FALSE,m,2023-01-01,,,,,,,,,,1280,9.8,8.2,6.4,4.2,2.5,0.8
income_tax_nmarried_ndisab_m_01_01_2023_1380,not_married_pt,FALSE,m,2023-01-01,,,,,,,,,,1380,10.6,8.9,7.3,4.8,3.2,1.5
income_tax_nmarried_ndisab_m_01_01_2023_1466,not_married_pt,FALSE,m,2023-01-01,,,,,,,,,,1466,11.3,9.7,8,5.6,4.6,2.8
income_tax_nmarried_ndisab_m_01_01_2023_1609,not_married_pt,FALSE,m,2023-01-01,,,,,,,,,,1609,12,10.4,8.6,7,5.3,3.5
income_tax_nmarried_ndisab_m_01_01_2023_1762,not_married_pt,FALSE,m,2023-01-01,,,,,,,,,,1762,13,11.4,10.4,8,6.2,4.6
income_tax_nmarried_ndisab_m_01_01_2023_1925,not_married_pt,FALSE,m,2023-01-01,,,,,,,,,,1925,15.6,14.3,13.6,11.4,9.8,9.2
income_tax_nmarried_ndisab_m_01_01_2023_2035,not_married_pt,FALSE,m,2023-01-01,,,,,,,,,,2035,16.4,15.1,14.3,12.1,11.4,9.8
income_tax_nmarried_ndisab_m_01_01_2023_2151,not_married_pt,FALSE,m,2023-01-01,,,,,,,,,,2151,18.3,16.9,16,13.7,13,11.3
income_tax_nmarried_ndisab_m_01_01_2023_2283,not_married_pt,FALSE,m,2023-01-01,,,,,,,,,,2283,19.1,17.8,17,14.6,13.8,12.1
income_tax_nmarried_ndisab_m_01_01_2023_2437,not_married_pt,FALSE,m,2023-01-01,,,,,,,,,,2437,19.9,18.6,17.8,15.5,14.7,13
income_tax_nmarried_ndisab_m_01_01_2023_2609,not_married_pt,FALSE,m,2023-01-01,,,,,,,,,,2609,20.7,20.2,18.6,17,15.5,14.7
income_tax_nmarried_ndisab_m_01_01_2023_2848,not_married_pt,FALSE,m,2023-01-01,,,,,,,,,,2848,21.6,21,19.5,17.9,16.2,15.5
income_tax_nmarried_ndisab_m_01_01_2023_3195,not_married_pt,FALSE,m,2023-01-01,,,,,,,,,,3195,24.9,24.4,22.6,20.8,19,18.1
income_tax_nmarried_ndisab_m_01_01_2023_3637,not_married_pt,FALSE,m,2023-01-01,,,,,,,,,,3637,26.4,26.1,24.7,23.3,22.7,21.2
income_tax_nmarried_ndisab_m_01_01_2023_4239,not_married_pt,FALSE,m,2023-01-01,,,,,,,,,,4239,27.4,27.2,25.6,24.2,23.6,23.1
income_tax_nmarried_ndisab_m_01_01_2023_4786,not_married_pt,FALSE,m,2023-01-01,,,,,,,,,,4786,29,28.6,27.1,25.5,24.9,24.5
income_tax_nmarried_ndisab_m_01_01_2023_5346,not_married_pt,FALSE,m,2023-01-01,,,,,,,,,,5346,29.8,29.3,28.9,26.7,25.8,25.3
income_tax_nmarried_ndisab_m_01_01_2023_6052,not_married_pt,FALSE,m,2023-01-01,,,,,,,,,,6052,30.7,30.3,29.7,27.5,27,26.2
income_tax_nmarried_ndisab_m_01_01_2023_6924,not_married_pt,FALSE,m,2023-01-01,,,,,,,,,,6924,34.9,34.6,33.8,31.9,31.5,31.2
income_tax_nmarried_ndisab_m_01_01_2023_8171,not_married_pt,FALSE,m,2023-01-01,,,,,,,,,,8171,35.9,35.5,35.1,33.9,32.5,32.1
income_tax_nmarried_ndisab_m_01_01_2023_9840,not_married_pt,FALSE,m,2023-01-01,,,,,,,,,,9840,37.8,37.4,37,35.8,35.4,34.1
income_tax_nmarried_ndisab_m_01_01_2023_11612,not_married_pt,FALSE,m,2023-01-01,,,,,,,,,,11612,38.8,38.4,38,37.1,36.3,35
income_tax_nmarried_ndisab_m_01_01_2023_19404,not_married_pt,FALSE,m,2023-01-01,,,,,,,,,,19404,39.8,39.4,39,38.1,37.7,36
income_tax_nmarried_ndisab_m_01_01_2023_20811,not_married_pt,FALSE,m,2023-01-01,,,,,,,,,,20811,40.8,40.4,40,39.1,38.7,36.9
income_tax_nmarried_ndisab_m_01_01_2023_23413,not_married_pt,FALSE,m,2023-01-01,,,,,,,,,,23413,41.5,41.3,41,40.1,39.7,38.1
income_tax_nmarried_ndisab_m_01_01_2023_26014,not_married_pt,FALSE,m,2023-01-01,,,,,,,,,,26014,42.5,42.3,41.9,41,40.7,39.3
income_tax_nmarried_ndisab_m_01_01_2023_9999999999,not_married_pt,FALSE,m,2023-01-01,,,,,,,,,,9999999999,43.4,43.2,42.9,42,41.6,40.3
income_tax_moneholder_ndisab_m_01_01_2023_785,married_one_holder_pt,FALSE,m,2023-01-01,,,,,,,,,,785,0,0,0,0,0,0
income_tax_moneholder_ndisab_m_01_01_2023_830,married_one_holder_pt,FALSE,m,2023-01-01,,,,,,,,,,830,3.2,0.6,0,0,0,0
income_tax_moneholder_ndisab_m_01_01_2023_874,married_one_holder_pt,FALSE,m,2023-01-01,,,,,,,,,,874,3.9,1.2,0.6,0,0,0
income_tax_moneholder_ndisab_m_01_01_2023_925,married_one_holder_pt,FALSE,m,2023-01-01,,,,,,,,,,925,4.5,2.5,0.8,0,0,0
income_tax_moneholder_ndisab_m_01_01_2023_1017,married_one_holder_pt,FALSE,m,2023-01-01,,,,,,,,,,1017,5,3.2,2,0,0,0
income_tax_moneholder_ndisab_m_01_01_2023_1129,married_one_holder_pt,FALSE,m,2023-01-01,,,,,,,,,,1129,5.6,3.8,2.5,0.6,0,0
income_tax_moneholder_ndisab_m_01_01_2023_1280,married_one_holder_pt,FALSE,m,2023-01-01,,,,,,,,,,1280,6.4,4.8,3.2,1.3,0,0
income_tax_moneholder_ndisab_m_01_01_2023_1445,married_one_holder_pt,FALSE,m,2023-01-01,,,,,,,,,,1445,7.5,6.2,5,3,1.8,1.2
income_tax_moneholder_ndisab_m_01_01_2023_1677,married_one_holder_pt,FALSE,m,2023-01-01,,,,,,,,,,1677,8.2,7,5.7,4.4,3.2,1.9
income_tax_moneholder_ndisab_m_01_01_2023_1784,married_one_holder_pt,FALSE,m,2023-01-01,,,,,,,,,,1784,9.2,8,7.4,5.4,4.1,3.6
income_tax_moneholder_ndisab_m_01_01_2023_1903,married_one_holder_pt,FALSE,m,2023-01-01,,,,,,,,,,1903,11,9.7,9.2,7.1,5.7,5.1
income_tax_moneholder_ndisab_m_01_01_2023_2056,married_one_holder_pt,FALSE,m,2023-01-01,,,,,,,,,,2056,11.8,10.4,9.8,7.8,7.2,5.8
income_tax_moneholder_ndisab_m_01_01_2023_2221,married_one_holder_pt,FALSE,m,2023-01-01,,,,,,,,,,2221,13.4,12,11.3,9.1,8.5,7.1
income_tax_moneholder_ndisab_m_01_01_2023_2416,married_one_holder_pt,FALSE,m,2023-01-01,,,,,,,,,,2416,14.2,13.6,12.2,9.9,9.3,7.9
income_tax_moneholder_ndisab_m_01_01_2023_2642,married_one_holder_pt,FALSE,m,2023-01-01,,,,,,,,,,2642,14.9,14.4,13,11.5,10.1,9.5
income_tax_moneholder_ndisab_m_01_01_2023_3020,married_one_holder_pt,FALSE,m,2023-01-01,,,,,,,,,,3020,15.8,15.2,13.9,12.4,10.9,10.3
income_tax_moneholder_ndisab_m_01_01_2023_3455,married_one_holder_pt,FALSE,m,2023-01-01,,,,,,,,,,3455,19.8,19.8,18.3,17,15.8,15.4
income_tax_moneholder_ndisab_m_01_01_2023_3717,married_one_holder_pt,FALSE,m,2023-01-01,,,,,,,,,,3717,20.7,20.6,19.4,17.9,17.5,16.2
income_tax_moneholder_ndisab_m_01_01_2023_3995,married_one_holder_pt,FALSE,m,2023-01-01,,,,,,,,,,3995,21.6,21.5,20.3,19,18.5,17.2
income_tax_moneholder_ndisab_m_01_01_2023_4333,married_one_holder_pt,FALSE,m,2023-01-01,,,,,,,,,,4333,22.5,22.4,21.1,19.9,19.6,19
income_tax_moneholder_ndisab_m_01_01_2023_4739,married_one_holder_pt,FALSE,m,2023-01-01,,,,,,,,,,4739,23.9,23.4,22.1,20.8,20.4,20.1
income_tax_moneholder_ndisab_m_01_01_2023_5224,married_one_holder_pt,FALSE,m,2023-01-01,,,,,,,,,,5224,24.8,24.3,23.9,21.7,21.3,21
income_tax_moneholder_ndisab_m_01_01_2023_5819,married_one_holder_pt,FALSE,m,2023-01-01,,,,,,,,,,5819,25.7,25.1,24.8,22.6,22.2,21.9
income_tax_moneholder_ndisab_m_01_01_2023_6568,married_one_holder_pt,FALSE,m,2023-01-01,,,,,,,,,,6568,26.6,26,25.7,23.5,23.2,22.8
income_tax_moneholder_ndisab_m_01_01_2023_7537,married_one_holder_pt,FALSE,m,2023-01-01,,,,,,,,,,7537,29.4,29.3,28.9,26.7,26.6,26.4
income_tax_moneholder_ndisab_m_01_01_2023_8687,married_one_holder_pt,FALSE,m,2023-01-01,,,,,,,,,,8687,30.4,30.3,30.1,28.7,27.5,27.3
income_tax_moneholder_ndisab_m_01_01_2023_9609,married_one_holder_pt,FALSE,m,2023-01-01,,,,,,,,,,9609,31.8,31.7,31.6,30.4,29,28.8
income_tax_moneholder_ndisab_m_01_01_2023_10754,married_one_holder_pt,FALSE,m,2023-01-01,,,,,,,,,,10754,32.8,32.7,32.5,31.4,31.2,29.7
income_tax_moneholder_ndisab_m_01_01_2023_14423,married_one_holder_pt,FALSE,m,2023-01-01,,,,,,,,,,14423,34.1,34,33.5,32.3,32.1,31
income_tax_moneholder_ndisab_m_01_01_2023_20706,married_one_holder_pt,FALSE,m,2023-01-01,,,,,,,,,,20706,36,35.9,35.8,34.7,34.6,33.4
income_tax_moneholder_ndisab_m_01_01_2023_23413,married_one_holder_pt,FALSE,m,2023-01-01,,,,,,,,,,23413,36.9,36.8,36.7,36.1,35.5,34.4
income_tax_moneholder_ndisab_m_01_01_2023_26014,married_one_holder_pt,FALSE,m,2023-01-01,,,,,,,,,,26014,37.9,37.8,37.7,37,36.8,35.3
income_tax_moneholder_ndisab_m_01_01_2023_29135,married_one_holder_pt,FALSE,m,2023-01-01,,,,,,,,,,29135,38.9,38.8,38.7,38,37.8,36.6
income_tax_moneholder_ndisab_m_01_01_2023_9999999999,married_one_holder_pt,FALSE,m,2023-01-01,,,,,,,,,,9999999999,39.9,39.8,39.7,39,38.8,37.6
income_tax_mtwoholders_ndisab_m_01_01_2023_785,married_two_holders_pt,FALSE,m,2023-01-01,,,,,,,,,,785,0,0,0,0,0,0
income_tax_mtwoholders_ndisab_m_01_01_2023_851,married_two_holders_pt,FALSE,m,2023-01-01,,,,,,,,,,851,5.5,3.5,2.3,1.7,0.4,0
income_tax_mtwoholders_ndisab_m_01_01_2023_964,married_two_holders_pt,FALSE,m,2023-01-01,,,,,,,,,,964,7,5,4.5,2.6,2.1,0.8
income_tax_mtwoholders_ndisab_m_01_01_2023_1051,married_two_holders_pt,FALSE,m,2023-01-01,,,,,,,,,,1051,7.8,6,5.4,3.5,3,2.1
income_tax_mtwoholders_ndisab_m_01_01_2023_1113,married_two_holders_pt,FALSE,m,2023-01-01,,,,,,,,,,1113,8.4,6.6,6,4.1,3.3,2.7
income_tax_mtwoholders_ndisab_m_01_01_2023_1194,married_two_holders_pt,FALSE,m,2023-01-01,,,,,,,,,,1194,9.1,7.9,7.4,5.5,4.9,3.6
income_tax_mtwoholders_ndisab_m_01_01_2023_1280,married_two_holders_pt,FALSE,m,2023-01-01,,,,,,,,,,1280,9.8,8.6,8,6.2,5.5,4.3
income_tax_mtwoholders_ndisab_m_01_01_2023_1380,married_two_holders_pt,FALSE,m,2023-01-01,,,,,,,,,,1380,10.5,10,8.8,7.4,6.2,5.6
income_tax_mtwoholders_ndisab_m_01_01_2023_1466,married_two_holders_pt,FALSE,m,2023-01-01,,,,,,,,,,1466,11.3,10.7,9.5,8.3,7,6.4
income_tax_mtwoholders_ndisab_m_01_01_2023_1609,married_two_holders_pt,FALSE,m,2023-01-01,,,,,,,,,,1609,12,11.5,10.2,9,7.8,7.1
income_tax_mtwoholders_ndisab_m_01_01_2023_1762,married_two_holders_pt,FALSE,m,2023-01-01,,,,,,,,,,1762,13,12.4,11.3,10,9.4,8.2
income_tax_mtwoholders_ndisab_m_01_01_2023_1925,married_two_holders_pt,FALSE,m,2023-01-01,,,,,,,,,,1925,15.6,15.1,13.8,12.5,11.9,10.6
income_tax_mtwoholders_ndisab_m_01_01_2023_2035,married_two_holders_pt,FALSE,m,2023-01-01,,,,,,,,,,2035,16.4,16,14.5,13.2,12.6,11.4
income_tax_mtwoholders_ndisab_m_01_01_2023_2151,married_two_holders_pt,FALSE,m,2023-01-01,,,,,,,,,,2151,18.3,17.9,16.4,14.8,14.2,13.6
income_tax_mtwoholders_ndisab_m_01_01_2023_2283,married_two_holders_pt,FALSE,m,2023-01-01,,,,,,,,,,2283,19.1,18.6,17.3,15.8,15,14.5
income_tax_mtwoholders_ndisab_m_01_01_2023_2437,married_two_holders_pt,FALSE,m,2023-01-01,,,,,,,,,,2437,19.9,19.6,18.9,16.6,16,15.2
income_tax_mtwoholders_ndisab_m_01_01_2023_2609,married_two_holders_pt,FALSE,m,2023-01-01,,,,,,,,,,2609,20.7,20.4,19.7,17.6,16.9,16.2
income_tax_mtwoholders_ndisab_m_01_01_2023_2848,married_two_holders_pt,FALSE,m,2023-01-01,,,,,,,,,,2848,21.5,21.1,20.6,18.3,17.7,17
income_tax_mtwoholders_ndisab_m_01_01_2023_3195,married_two_holders_pt,FALSE,m,2023-01-01,,,,,,,,,,3195,24.8,24.5,23.7,21.3,20.6,19.9
income_tax_mtwoholders_ndisab_m_01_01_2023_3637,married_two_holders_pt,FALSE,m,2023-01-01,,,,,,,,,,3637,26.3,26.2,25.8,23.7,23.4,23
income_tax_mtwoholders_ndisab_m_01_01_2023_4239,married_two_holders_pt,FALSE,m,2023-01-01,,,,,,,,,,4239,27.3,27.2,26.8,25.5,24.3,23.9
income_tax_mtwoholders_ndisab_m_01_01_2023_4786,married_two_holders_pt,FALSE,m,2023-01-01,,,,,,,,,,4786,29,28.7,28.3,26.8,25.6,25.2
income_tax_mtwoholders_ndisab_m_01_01_2023_5346,married_two_holders_pt,FALSE,m,2023-01-01,,,,,,,,,,5346,29.8,29.5,29.2,28,27.3,26.1
income_tax_mtwoholders_ndisab_m_01_01_2023_6052,married_two_holders_pt,FALSE,m,2023-01-01,,,,,,,,,,6052,30.7,30.5,30.1,28.9,28.5,27
income_tax_mtwoholders_ndisab_m_01_01_2023_6924,married_two_holders_pt,FALSE,m,2023-01-01,,,,,,,,,,6924,34.8,34.7,34.2,33.5,33.3,33.1
income_tax_mtwoholders_ndisab_m_01_01_2023_8171,married_two_holders_pt,FALSE,m,2023-01-01,,,,,,,,,,8171,35.8,35.6,35.4,34.4,34.3,34.1
income_tax_mtwoholders_ndisab_m_01_01_2023_9840,married_two_holders_pt,FALSE,m,2023-01-01,,,,,,,,,,9840,37.7,37.5,37.3,36.2,36,35.9
income_tax_mtwoholders_ndisab_m_01_01_2023_11612,married_two_holders_pt,FALSE,m,2023-01-01,,,,,,,,,,11612,38.7,38.5,38.3,37.6,37,36.8
income_tax_mtwoholders_ndisab_m_01_01_2023_19404,married_two_holders_pt,FALSE,m,2023-01-01,,,,,,,,,,19404,39.7,39.5,39.3,38.6,38.4,37.8
income_tax_mtwoholders_ndisab_m_01_01_2023_20811,married_two_holders_pt,FALSE,m,2023-01-01,,,,,,,,,,20811,40.7,40.5,40.3,39.6,39.4,38.8
income_tax_mtwoholders_ndisab_m_01_01_2023_23413,married_two_holders_pt,FALSE,m,2023-01-01,,,,,,,,,,23413,41.4,41.3,41.2,40.6,40.4,40
income_tax_mtwoholders_ndisab_m_01_01_2023_26014,married_two_holders_pt,FALSE,m,2023-01-01,,,,,,,,,,26014,42.4,42.3,42.2,41.5,41.3,41.1
income_tax_mtwoholders_ndisab_m_01_01_2023_9999999999,married_two_holders_pt,FALSE,m,2023-01-01,,,,,,,,,,9999999999,43.4,43.3,43.2,42.5,42.3,42.1
income_tax_nmarried_disab_m_01_01_2023_1348,not_married_pt,TRUE,m,2023-01-01,,,,,,,,,,1348,0,0,0,0,0,0
income_tax_nmarried_disab_m_01_01_2023_1456,not_married_pt,TRUE,m,2023-01-01,,,,,,,,,,1456,0.8,0,0,0,0,0
income_tax_nmarried_disab_m_01_01_2023_1498,not_married_pt,TRUE,m,2023-01-01,,,,,,,,,,1498,2.9,0.4,0,0,0,0
income_tax_nmarried_disab_m_01_01_2023_1687,not_married_pt,TRUE,m,2023-01-01,,,,,,,,,,1687,3.6,1.8,0,0,0,0
income_tax_nmarried_disab_m_01_01_2023_2013,not_married_pt,TRUE,m,2023-01-01,,,,,,,,,,2013,5.2,3.7,2.9,0.2,0,0
income_tax_nmarried_disab_m_01_01_2023_2140,not_married_pt,TRUE,m,2023-01-01,,,,,,,,,,2140,6.3,4.9,4.1,1.7,0.9,0
income_tax_nmarried_disab_m_01_01_2023_2278,not_married_pt,TRUE,m,2023-01-01,,,,,,,,,,2278,7.8,5.6,4.9,3.3,1.7,0.9
income_tax_nmarried_disab_m_01_01_2023_2382,not_married_pt,TRUE,m,2023-01-01,,,,,,,,,,2382,10.3,7.9,6.4,4.8,3.1,2.3
income_tax_nmarried_disab_m_01_01_2023_2552,not_married_pt,TRUE,m,2023-01-01,,,,,,,,,,2552,12,9.6,8,6.4,4.8,3.1
income_tax_nmarried_disab_m_01_01_2023_2637,not_married_pt,TRUE,m,2023-01-01,,,,,,,,,,2637,12.7,11.2,9.6,8,5.6,4.8
income_tax_nmarried_disab_m_01_01_2023_2741,not_married_pt,TRUE,m,2023-01-01,,,,,,,,,,2741,13.6,12,10.4,8.9,7.2,6.4
income_tax_nmarried_disab_m_01_01_2023_3015,not_married_pt,TRUE,m,2023-01-01,,,,,,,,,,3015,14.4,12.9,11.2,9.7,8.9,8
income_tax_nmarried_disab_m_01_01_2023_3343,not_married_pt,TRUE,m,2023-01-01,,,,,,,,,,3343,16.9,15.6,14.1,12.7,12.2,11.6
income_tax_nmarried_disab_m_01_01_2023_3690,not_married_pt,TRUE,m,2023-01-01,,,,,,,,,,3690,18,16.6,15.2,13.8,13.2,12.6
income_tax_nmarried_disab_m_01_01_2023_3827,not_married_pt,TRUE,m,2023-01-01,,,,,,,,,,3827,18.9,17.7,17,14.7,14.1,13.6
income_tax_nmarried_disab_m_01_01_2023_4048,not_married_pt,TRUE,m,2023-01-01,,,,,,,,,,4048,19.8,18.6,18.1,15.6,15,14.5
income_tax_nmarried_disab_m_01_01_2023_4481,not_married_pt,TRUE,m,2023-01-01,,,,,,,,,,4481,21.6,20.4,19.9,17.5,16.8,16.2
income_tax_nmarried_disab_m_01_01_2023_4755,not_married_pt,TRUE,m,2023-01-01,,,,,,,,,,4755,22.5,21.3,20.8,18.5,17.9,17.2
income_tax_nmarried_disab_m_01_01_2023_5060,not_married_pt,TRUE,m,2023-01-01,,,,,,,,,,5060,23.4,22.2,21.7,19.4,18.8,18.3
income_tax_nmarried_disab_m_01_01_2023_5356,not_married_pt,TRUE,m,2023-01-01,,,,,,,,,,5356,24.4,23.2,22.6,20.3,19.8,19.2
income_tax_nmarried_disab_m_01_01_2023_5799,not_married_pt,TRUE,m,2023-01-01,,,,,,,,,,5799,25.2,24.1,23.5,22.1,20.6,20.1
income_tax_nmarried_disab_m_01_01_2023_6241,not_married_pt,TRUE,m,2023-01-01,,,,,,,,,,6241,26.6,25.4,24.9,23.4,22,21.4
income_tax_nmarried_disab_m_01_01_2023_6966,not_married_pt,TRUE,m,2023-01-01,,,,,,,,,,6966,29.4,28.4,28,26.7,25.3,24.9
income_tax_nmarried_disab_m_01_01_2023_7448,not_married_pt,TRUE,m,2023-01-01,,,,,,,,,,7448,30.4,29.5,29,27.6,26.3,25.9
income_tax_nmarried_disab_m_01_01_2023_8046,not_married_pt,TRUE,m,2023-01-01,,,,,,,,,,8046,31.4,30.5,30.1,28.6,28.2,26.8
income_tax_nmarried_disab_m_01_01_2023_8749,not_married_pt,TRUE,m,2023-01-01,,,,,,,,,,8749,32.3,31.5,31.1,29.7,28.7,27.8
income_tax_nmarried_disab_m_01_01_2023_9555,not_married_pt,TRUE,m,2023-01-01,,,,,,,,,,9555,33.3,32.4,32,30.7,29.3,28.8
income_tax_nmarried_disab_m_01_01_2023_10311,not_married_pt,TRUE,m,2023-01-01,,,,,,,,,,10311,34.7,33.9,33.5,32.1,31.7,30.4
income_tax_nmarried_disab_m_01_01_2023_12901,not_married_pt,TRUE,m,2023-01-01,,,,,,,,,,12901,35.7,34.8,34.5,33.1,32.7,31.4
income_tax_nmarried_disab_m_01_01_2023_9999999999,not_married_pt,TRUE,m,2023-01-01,,,,,,,,,,9999999999,36.6,35.8,35.4,34.1,33.7,32.3
income_tax_moneholder_disab_m_01_01_2023_1698,married_one_holder_pt,TRUE,m,2023-01-01,,,,,,,,,,1698,0,0,0,0,0,0
income_tax_moneholder_disab_m_01_01_2023_1804,married_one_holder_pt,TRUE,m,2023-01-01,,,,,,,,,,1804,0.6,0,0,0,0,0
income_tax_moneholder_disab_m_01_01_2023_1961,married_one_holder_pt,TRUE,m,2023-01-01,,,,,,,,,,1961,2.8,0.8,0.2,0,0,0
income_tax_moneholder_disab_m_01_01_2023_2030,married_one_holder_pt,TRUE,m,2023-01-01,,,,,,,,,,2030,3.7,2.4,1.7,0.3,0,0
income_tax_moneholder_disab_m_01_01_2023_2411,married_one_holder_pt,TRUE,m,2023-01-01,,,,,,,,,,2411,4.8,4.2,2.7,1.2,0,0
income_tax_moneholder_disab_m_01_01_2023_2594,married_one_holder_pt,TRUE,m,2023-01-01,,,,,,,,,,2594,5.5,5,3.5,2,0.5,0
income_tax_moneholder_disab_m_01_01_2023_2848,married_one_holder_pt,TRUE,m,2023-01-01,,,,,,,,,,2848,7.1,6.5,5.2,3.7,3,1.5
income_tax_moneholder_disab_m_01_01_2023_3058,married_one_holder_pt,TRUE,m,2023-01-01,,,,,,,,,,3058,7.9,7.4,6,4.5,3.8,2.3
income_tax_moneholder_disab_m_01_01_2023_3279,married_one_holder_pt,TRUE,m,2023-01-01,,,,,,,,,,3279,10.2,9.5,7.9,6.4,5.6,4
income_tax_moneholder_disab_m_01_01_2023_3455,married_one_holder_pt,TRUE,m,2023-01-01,,,,,,,,,,3455,11.3,11,9.7,8.4,8,7.7
income_tax_moneholder_disab_m_01_01_2023_3616,married_one_holder_pt,TRUE,m,2023-01-01,,,,,,,,,,3616,12.6,12.5,11.1,9.8,9.4,9
income_tax_moneholder_disab_m_01_01_2023_3722,married_one_holder_pt,TRUE,m,2023-01-01,,,,,,,,,,3722,13.5,13.4,13,10.7,10.3,10
income_tax_moneholder_disab_m_01_01_2023_3938,married_one_holder_pt,TRUE,m,2023-01-01,,,,,,,,,,3938,14.4,14.3,13.9,11.7,11.3,10.9
income_tax_moneholder_disab_m_01_01_2023_4048,married_one_holder_pt,TRUE,m,2023-01-01,,,,,,,,,,4048,15.3,15.2,14.9,12.6,12.3,11.7
income_tax_moneholder_disab_m_01_01_2023_4376,married_one_holder_pt,TRUE,m,2023-01-01,,,,,,,,,,4376,16.2,16.1,15.8,13.6,13.2,12.8
income_tax_moneholder_disab_m_01_01_2023_4587,married_one_holder_pt,TRUE,m,2023-01-01,,,,,,,,,,4587,17.1,17,16.6,14.5,14.1,13.8
income_tax_moneholder_disab_m_01_01_2023_5035,married_one_holder_pt,TRUE,m,2023-01-01,,,,,,,,,,5035,18,17.9,17.5,15.4,15,14.7
income_tax_moneholder_disab_m_01_01_2023_5471,married_one_holder_pt,TRUE,m,2023-01-01,,,,,,,,,,5471,18.9,18.8,18.5,16.2,15.9,15.6
income_tax_moneholder_disab_m_01_01_2023_5688,married_one_holder_pt,TRUE,m,2023-01-01,,,,,,,,,,5688,19.8,19.8,19.4,18.1,16.8,16.4
income_tax_moneholder_disab_m_01_01_2023_6135,married_one_holder_pt,TRUE,m,2023-01-01,,,,,,,,,,6135,20.7,20.6,20.3,19,17.7,17.4
income_tax_moneholder_disab_m_01_01_2023_6458,married_one_holder_pt,TRUE,m,2023-01-01,,,,,,,,,,6458,21.6,21.5,21.1,19.9,18.6,18.3
income_tax_moneholder_disab_m_01_01_2023_7058,married_one_holder_pt,TRUE,m,2023-01-01,,,,,,,,,,7058,24.5,24.4,24.3,22.9,21.8,21.6
income_tax_moneholder_disab_m_01_01_2023_7601,married_one_holder_pt,TRUE,m,2023-01-01,,,,,,,,,,7601,25.4,25.3,25.2,24.1,23.7,22.5
income_tax_moneholder_disab_m_01_01_2023_8465,married_one_holder_pt,TRUE,m,2023-01-01,,,,,,,,,,8465,26.4,26.3,26.2,25,24.8,23.5
income_tax_moneholder_disab_m_01_01_2023_9446,married_one_holder_pt,TRUE,m,2023-01-01,,,,,,,,,,9446,27.3,27.2,27.1,26,25.8,24.7
income_tax_moneholder_disab_m_01_01_2023_10532,married_one_holder_pt,TRUE,m,2023-01-01,,,,,,,,,,10532,28.8,28.7,28.6,27.4,27.2,26.1
income_tax_moneholder_disab_m_01_01_2023_11617,married_one_holder_pt,TRUE,m,2023-01-01,,,,,,,,,,11617,29.7,29.6,29.5,28.4,28.2,27
income_tax_moneholder_disab_m_01_01_2023_13389,married_one_holder_pt,TRUE,m,2023-01-01,,,,,,,,,,13389,31.2,31.1,31,29.8,29.6,28.5
income_tax_moneholder_disab_m_01_01_2023_9999999999,married_one_holder_pt,TRUE,m,2023-01-01,,,,,,,,,,9999999999,32.1,32,31.9,30.8,30.6,29.4
income_tax_mtwoholders_disab_m_01_01_2023_1348,married_two_holders_pt,TRUE,m,2023-01-01,,,,,,,,,,1348,0,0,0,0,0,0
income_tax_mtwoholders_disab_m_01_01_2023_1456,married_two_holders_pt,TRUE,m,2023-01-01,,,,,,,,,,1456,0.8,0,0,0,0,0
income_tax_mtwoholders_disab_m_01_01_2023_1498,married_two_holders_pt,TRUE,m,2023-01-01,,,,,,,,,,1498,2.5,2,0,0,0,0
income_tax_mtwoholders_disab_m_01_01_2023_1687,married_two_holders_pt,TRUE,m,2023-01-01,,,,,,,,,,1687,3.2,2.7,1.3,0,0,0
income_tax_mtwoholders_disab_m_01_01_2023_2013,married_two_holders_pt,TRUE,m,2023-01-01,,,,,,,,,,2013,5.2,4.5,3.2,1.8,1.2,0
income_tax_mtwoholders_disab_m_01_01_2023_2140,married_two_holders_pt,TRUE,m,2023-01-01,,,,,,,,,,2140,6.3,5.8,4.3,3,2.4,1.7
income_tax_mtwoholders_disab_m_01_01_2023_2278,married_two_holders_pt,TRUE,m,2023-01-01,,,,,,,,,,2278,7.8,6.5,5.9,4.5,3.1,2.5
income_tax_mtwoholders_disab_m_01_01_2023_2382,married_two_holders_pt,TRUE,m,2023-01-01,,,,,,,,,,2382,10.3,8.9,7.5,6.1,5.3,4.7
income_tax_mtwoholders_disab_m_01_01_2023_2552,married_two_holders_pt,TRUE,m,2023-01-01,,,,,,,,,,2552,12,10.5,9.1,7.7,6.2,5.5
income_tax_mtwoholders_disab_m_01_01_2023_2637,married_two_holders_pt,TRUE,m,2023-01-01,,,,,,,,,,2637,12.7,11.4,10.7,9.3,7.9,7.2
income_tax_mtwoholders_disab_m_01_01_2023_2741,married_two_holders_pt,TRUE,m,2023-01-01,,,,,,,,,,2741,13.6,12.2,11.5,10.1,8.7,8
income_tax_mtwoholders_disab_m_01_01_2023_3015,married_two_holders_pt,TRUE,m,2023-01-01,,,,,,,,,,3015,14.4,13,12.4,10.9,9.5,8.9
income_tax_mtwoholders_disab_m_01_01_2023_3343,married_two_holders_pt,TRUE,m,2023-01-01,,,,,,,,,,3343,16.9,15.8,15.4,14.1,12.9,12.6
income_tax_mtwoholders_disab_m_01_01_2023_3690,married_two_holders_pt,TRUE,m,2023-01-01,,,,,,,,,,3690,18,16.8,16.4,15.2,13.9,13.6
income_tax_mtwoholders_disab_m_01_01_2023_3827,married_two_holders_pt,TRUE,m,2023-01-01,,,,,,,,,,3827,18.9,17.9,17.4,16.1,15.8,14.5
income_tax_mtwoholders_disab_m_01_01_2023_4048,married_two_holders_pt,TRUE,m,2023-01-01,,,,,,,,,,4048,19.8,18.8,18.5,17,16.6,15.4
income_tax_mtwoholders_disab_m_01_01_2023_4481,married_two_holders_pt,TRUE,m,2023-01-01,,,,,,,,,,4481,21.1,20.2,19.8,18.6,18,16.7
income_tax_mtwoholders_disab_m_01_01_2023_4755,married_two_holders_pt,TRUE,m,2023-01-01,,,,,,,,,,4755,22.1,21,20.7,19.5,19.1,18.6
income_tax_mtwoholders_disab_m_01_01_2023_5060,married_two_holders_pt,TRUE,m,2023-01-01,,,,,,,,,,5060,23,22,21.6,20.4,20,19.7
income_tax_mtwoholders_disab_m_01_01_2023_5356,married_two_holders_pt,TRUE,m,2023-01-01,,,,,,,,,,5356,23.9,22.9,22.5,21.2,20.9,20.5
income_tax_mtwoholders_disab_m_01_01_2023_5799,married_two_holders_pt,TRUE,m,2023-01-01,,,,,,,,,,5799,24.8,23.8,23.4,22.2,21.8,21.4
income_tax_mtwoholders_disab_m_01_01_2023_6241,married_two_holders_pt,TRUE,m,2023-01-01,,,,,,,,,,6241,26.1,25.1,24.8,23.5,23.2,22.8
income_tax_mtwoholders_disab_m_01_01_2023_6966,married_two_holders_pt,TRUE,m,2023-01-01,,,,,,,,,,6966,29.4,28.6,28.4,27.2,27,26.8
income_tax_mtwoholders_disab_m_01_01_2023_7448,married_two_holders_pt,TRUE,m,2023-01-01,,,,,,,,,,7448,30.4,29.7,29.3,28.2,28,27.8
income_tax_mtwoholders_disab_m_01_01_2023_8046,married_two_holders_pt,TRUE,m,2023-01-01,,,,,,,,,,8046,31.4,30.7,30.5,29.1,29,28.8
income_tax_mtwoholders_disab_m_01_01_2023_8749,married_two_holders_pt,TRUE,m,2023-01-01,,,,,,,,,,8749,32.3,31.6,31.5,30.3,29.9,29.7
income_tax_mtwoholders_disab_m_01_01_2023_9555,married_two_holders_pt,TRUE,m,2023-01-01,,,,,,,,,,9555,33.3,32.6,32.4,31.3,31.1,30.7
income_tax_mtwoholders_disab_m_01_01_2023_10311,married_two_holders_pt,TRUE,m,2023-01-01,,,,,,,,,,10311,34.7,34.1,33.9,32.7,32.5,32.3
income_tax_mtwoholders_disab_m_01_01_2023_12901,married_two_holders_pt,TRUE,m,2023-01-01,,,,,,,,,,12901,35.7,35,34.8,33.7,33.5,33.3
income_tax_mtwoholders_disab_m_01_01_2023_9999999999,married_two_holders_pt,TRUE,m,2023-01-01,,,,,,,,,,9999999999,36.6,36,35.8,34.7,34.5,34.3
income_tax_nmarried_ndisab_c_01_01_2023_762,not_married_pt,FALSE,c,2023-01-01,,,,,,,,,,762,0,0,0,0,0,0
income_tax_nmarried_ndisab_c_01_01_2023_790,not_married_pt,FALSE,c,2023-01-01,,,,,,,,,,790,2,0.4,0,0,0,0
income_tax_nmarried_ndisab_c_01_01_2023_812,not_married_pt,FALSE,c,2023-01-01,,,,,,,,,,812,4,0.7,0,0,0,0
income_tax_nmarried_ndisab_c_01_01_2023_863,not_married_pt,FALSE,c,2023-01-01,,,,,,,,,,863,7,4.4,0.9,0,0,0
income_tax_nmarried_ndisab_c_01_01_2023_964,not_married_pt,FALSE,c,2023-01-01,,,,,,,,,,964,9.3,6.6,3.4,0,0,0
income_tax_nmarried_ndisab_c_01_01_2023_1051,not_married_pt,FALSE,c,2023-01-01,,,,,,,,,,1051,11.2,7.8,5.6,1.3,0,0
income_tax_nmarried_ndisab_c_01_01_2023_1113,not_married_pt,FALSE,c,2023-01-01,,,,,,,,,,1113,12,8.7,6.4,3.2,0,0
income_tax_nmarried_ndisab_c_01_01_2023_1194,not_married_pt,FALSE,c,2023-01-01,,,,,,,,,,1194,13,10.6,8.2,5,2.6,0.1
income_tax_nmarried_ndisab_c_01_01_2023_1280,not_married_pt,FALSE,c,2023-01-01,,,,,,,,,,1280,14,11.7,9.2,6,3.5,1.1
income_tax_nmarried_ndisab_c_01_01_2023_1380,not_married_pt,FALSE,c,2023-01-01,,,,,,,,,,1380,15.1,12.7,10.4,6.9,4.5,2.1
income_tax_nmarried_ndisab_c_01_01_2023_1466,not_married_pt,FALSE,c,2023-01-01,,,,,,,,,,1466,16.2,13.8,11.4,8,6.5,4
income_tax_nmarried_ndisab_c_01_01_2023_1609,not_married_pt,FALSE,c,2023-01-01,,,,,,,,,,1609,17.2,14.8,12.3,10,7.5,5
income_tax_nmarried_ndisab_c_01_01_2023_1762,not_married_pt,FALSE,c,2023-01-01,,,,,,,,,,1762,18.6,16.3,14.8,11.4,8.9,6.5
income_tax_nmarried_ndisab_c_01_01_2023_1925,not_married_pt,FALSE,c,2023-01-01,,,,,,,,,,1925,19.9,18.2,17.3,14.5,12.5,11.7
income_tax_nmarried_ndisab_c_01_01_2023_2035,not_married_pt,FALSE,c,2023-01-01,,,,,,,,,,2035,20.9,19.3,18.2,15.5,14.5,12.5
income_tax_nmarried_ndisab_c_01_01_2023_2151,not_married_pt,FALSE,c,2023-01-01,,,,,,,,,,2151,21.9,20.2,19.2,16.4,15.5,13.5
income_tax_nmarried_ndisab_c_01_01_2023_2283,not_married_pt,FALSE,c,2023-01-01,,,,,,,,,,2283,22.8,21.3,20.3,17.5,16.5,14.5
income_tax_nmarried_ndisab_c_01_01_2023_2437,not_married_pt,FALSE,c,2023-01-01,,,,,,,,,,2437,23.8,22.2,21.3,18.5,17.6,15.5
income_tax_nmarried_ndisab_c_01_01_2023_2609,not_married_pt,FALSE,c,2023-01-01,,,,,,,,,,2609,24.8,24.2,22.2,20.4,18.5,17.6
income_tax_nmarried_ndisab_c_01_01_2023_2848,not_married_pt,FALSE,c,2023-01-01,,,,,,,,,,2848,25.8,25.1,23.3,21.4,19.4,18.5
income_tax_nmarried_ndisab_c_01_01_2023_3195,not_married_pt,FALSE,c,2023-01-01,,,,,,,,,,3195,27,26.4,24.5,22.5,20.6,19.6
income_tax_nmarried_ndisab_c_01_01_2023_3637,not_married_pt,FALSE,c,2023-01-01,,,,,,,,,,3637,28.6,28.3,26.8,25.2,24.6,23
income_tax_nmarried_ndisab_c_01_01_2023_4239,not_married_pt,FALSE,c,2023-01-01,,,,,,,,,,4239,29.7,29.5,27.7,26.2,25.6,25
income_tax_nmarried_ndisab_c_01_01_2023_4786,not_married_pt,FALSE,c,2023-01-01,,,,,,,,,,4786,31.4,31,29.4,27.6,27,26.5
income_tax_nmarried_ndisab_c_01_01_2023_5346,not_married_pt,FALSE,c,2023-01-01,,,,,,,,,,5346,32.3,31.8,31.3,28.9,28,27.4
income_tax_nmarried_ndisab_c_01_01_2023_6052,not_married_pt,FALSE,c,2023-01-01,,,,,,,,,,6052,33.3,32.8,32.2,29.8,29.2,28.4
income_tax_nmarried_ndisab_c_01_01_2023_6924,not_married_pt,FALSE,c,2023-01-01,,,,,,,,,,6924,35.3,34.9,34.1,32.2,31.8,31.5
income_tax_nmarried_ndisab_c_01_01_2023_8171,not_married_pt,FALSE,c,2023-01-01,,,,,,,,,,8171,36.3,35.9,35.5,34.2,32.8,32.4
income_tax_nmarried_ndisab_c_01_01_2023_9840,not_married_pt,FALSE,c,2023-01-01,,,,,,,,,,9840,38.2,37.8,37.4,36.2,35.8,34.4
income_tax_nmarried_ndisab_c_01_01_2023_11612,not_married_pt,FALSE,c,2023-01-01,,,,,,,,,,11612,39.2,38.8,38.4,37.5,36.7,35.4
income_tax_nmarried_ndisab_c_01_01_2023_19404,not_married_pt,FALSE,c,2023-01-01,,,,,,,,,,19404,40.2,39.8,39.4,38.5,38.1,36.4
income_tax_nmarried_ndisab_c_01_01_2023_20811,not_married_pt,FALSE,c,2023-01-01,,,,,,,,,,20811,41.2,40.8,40.4,39.5,39.1,37.3
income_tax_nmarried_ndisab_c_01_01_2023_23413,not_married_pt,FALSE,c,2023-01-01,,,,,,,,,,23413,41.9,41.7,41.4,40.5,40.1,38.5
income_tax_nmarried_ndisab_c_01_01_2023_26014,not_married_pt,FALSE,c,2023-01-01,,,,,,,,,,26014,42.9,42.7,42.3,41.4,41.1,39.7
income_tax_nmarried_ndisab_c_01_01_2023_9999999999,not_married_pt,FALSE,c,2023-01-01,,,,,,,,,,9999999999,43.8,43.6,43.3,42.4,42,40.7
income_tax_moneholder_ndisab_c_01_01_2023_762,married_one_holder_pt,FALSE,c,2023-01-01,,,,,,,,,,762,0,0,0,0,0,0
income_tax_moneholder_ndisab_c_01_01_2023_790,married_one_holder_pt,FALSE,c,2023-01-01,,,,,,,,,,790,1.2,0,0,0,0,0
income_tax_moneholder_ndisab_c_01_01_2023_813,married_one_holder_pt,FALSE,c,2023-01-01,,,,,,,,,,813,2.4,0,0,0,0,0
income_tax_moneholder_ndisab_c_01_01_2023_842,married_one_holder_pt,FALSE,c,2023-01-01,,,,,,,,,,842,3.3,0.8,0,0,0,0
income_tax_moneholder_ndisab_c_01_01_2023_874,married_one_holder_pt,FALSE,c,2023-01-01,,,,,,,,,,874,5.5,1.7,0.8,0,0,0
income_tax_moneholder_ndisab_c_01_01_2023_925,married_one_holder_pt,FALSE,c,2023-01-01,,,,,,,,,,925,6.4,3.6,1.1,0,0,0
income_tax_moneholder_ndisab_c_01_01_2023_1017,married_one_holder_pt,FALSE,c,2023-01-01,,,,,,,,,,1017,7.2,4.5,2.8,0,0,0
income_tax_moneholder_ndisab_c_01_01_2023_1129,married_one_holder_pt,FALSE,c,2023-01-01,,,,,,,,,,1129,8,5.4,3.6,0.9,0,0
income_tax_moneholder_ndisab_c_01_01_2023_1280,married_one_holder_pt,FALSE,c,2023-01-01,,,,,,,,,,1280,9.1,6.8,4.6,1.9,0,0
income_tax_moneholder_ndisab_c_01_01_2023_1445,married_one_holder_pt,FALSE,c,2023-01-01,,,,,,,,,,1445,10.7,8.9,7.1,4.3,2.6,1.7
income_tax_moneholder_ndisab_c_01_01_2023_1677,married_one_holder_pt,FALSE,c,2023-01-01,,,,,,,,,,1677,11.7,10,8.1,6.3,4.5,2.7
income_tax_moneholder_ndisab_c_01_01_2023_1784,married_one_holder_pt,FALSE,c,2023-01-01,,,,,,,,,,1784,13.1,11.4,10,7.7,5.9,5.1
income_tax_moneholder_ndisab_c_01_01_2023_1903,married_one_holder_pt,FALSE,c,2023-01-01,,,,,,,,,,1903,14,12.4,11.7,9,7.3,6.5
income_tax_moneholder_ndisab_c_01_01_2023_2056,married_one_holder_pt,FALSE,c,2023-01-01,,,,,,,,,,2056,15,13.3,12.5,10,9.2,7.4
income_tax_moneholder_ndisab_c_01_01_2023_2221,married_one_holder_pt,FALSE,c,2023-01-01,,,,,,,,,,2221,16,14.3,13.5,10.9,10.2,8.5
income_tax_moneholder_ndisab_c_01_01_2023_2416,married_one_holder_pt,FALSE,c,2023-01-01,,,,,,,,,,2416,17,16.3,14.6,11.9,11.1,9.5
income_tax_moneholder_ndisab_c_01_01_2023_2642,married_one_holder_pt,FALSE,c,2023-01-01,,,,,,,,,,2642,17.8,17.2,15.6,13.8,12.1,11.4
income_tax_moneholder_ndisab_c_01_01_2023_3020,married_one_holder_pt,FALSE,c,2023-01-01,,,,,,,,,,3020,18.9,18.2,16.6,14.8,13.1,12.3
income_tax_moneholder_ndisab_c_01_01_2023_3455,married_one_holder_pt,FALSE,c,2023-01-01,,,,,,,,,,3455,21.5,21.4,19.8,18.4,17.1,16.7
income_tax_moneholder_ndisab_c_01_01_2023_3717,married_one_holder_pt,FALSE,c,2023-01-01,,,,,,,,,,3717,22.4,22.3,21,19.4,19,17.6
income_tax_moneholder_ndisab_c_01_01_2023_3995,married_one_holder_pt,FALSE,c,2023-01-01,,,,,,,,,,3995,23.4,23.3,22,20.6,20,18.6
income_tax_moneholder_ndisab_c_01_01_2023_4333,married_one_holder_pt,FALSE,c,2023-01-01,,,,,,,,,,4333,24.4,24.3,22.9,21.6,21.2,20.6
income_tax_moneholder_ndisab_c_01_01_2023_4739,married_one_holder_pt,FALSE,c,2023-01-01,,,,,,,,,,4739,25.9,25.3,23.9,22.5,22.1,21.8
income_tax_moneholder_ndisab_c_01_01_2023_5224,married_one_holder_pt,FALSE,c,2023-01-01,,,,,,,,,,5224,26.9,26.3,25.9,23.5,23.1,22.7
income_tax_moneholder_ndisab_c_01_01_2023_5819,married_one_holder_pt,FALSE,c,2023-01-01,,,,,,,,,,5819,27.8,27.2,26.9,24.5,24.1,23.7
income_tax_moneholder_ndisab_c_01_01_2023_6568,married_one_holder_pt,FALSE,c,2023-01-01,,,,,,,,,,6568,28.8,28.2,27.8,25.5,25.1,24.7
income_tax_moneholder_ndisab_c_01_01_2023_7537,married_one_holder_pt,FALSE,c,2023-01-01,,,,,,,,,,7537,29.7,29.6,29.2,27,26.9,26.7
income_tax_moneholder_ndisab_c_01_01_2023_8687,married_one_holder_pt,FALSE,c,2023-01-01,,,,,,,,,,8687,30.7,30.6,30.4,29,27.8,27.6
income_tax_moneholder_ndisab_c_01_01_2023_9609,married_one_holder_pt,FALSE,c,2023-01-01,,,,,,,,,,9609,32.1,32,31.9,30.7,29.3,29.1
income_tax_moneholder_ndisab_c_01_01_2023_10754,married_one_holder_pt,FALSE,c,2023-01-01,,,,,,,,,,10754,33.1,33,32.8,31.7,31.5,30
income_tax_moneholder_ndisab_c_01_01_2023_14423,married_one_holder_pt,FALSE,c,2023-01-01,,,,,,,,,,14423,34.4,34.3,33.8,32.6,32.4,31.3
income_tax_moneholder_ndisab_c_01_01_2023_20706,married_one_holder_pt,FALSE,c,2023-01-01,,,,,,,,,,20706,36.4,36.3,36.2,35.1,34.9,33.7
income_tax_moneholder_ndisab_c_01_01_2023_23413,married_one_holder_pt,FALSE,c,2023-01-01,,,,,,,,,,23413,37.3,37.2,37.1,36.5,35.9,34.7
income_tax_moneholder_ndisab_c_01_01_2023_26014,married_one_holder_pt,FALSE,c,2023-01-01,,,,,,,,,,26014,38.3,38.2,38.1,37.4,37.2,35.7
income_tax_moneholder_ndisab_c_01_01_2023_29135,married_one_holder_pt,FALSE,c,2023-01-01,,,,,,,,,,29135,39.3,39.2,39.1,38.4,38.2,37
income_tax_moneholder_ndisab_c_01_01_2023_9999999999,married_one_holder_pt,FALSE,c,2023-01-01,,,,,,,,,,9999999999,40.3,40.2,40.1,39.4,39.2,38
income_tax_mtwoholders_ndisab_c_01_01_2023_762,married_two_holders_pt,FALSE,c,2023-01-01,,,,,,,,,,762,0,0,0,0,0,0
income_tax_mtwoholders_ndisab_c_01_01_2023_790,married_two_holders_pt,FALSE,c,2023-01-01,,,,,,,,,,790,2,1.8,0.4,0,0,0
income_tax_mtwoholders_ndisab_c_01_01_2023_812,married_two_holders_pt,FALSE,c,2023-01-01,,,,,,,,,,812,4,3.6,0.9,0,0,0
income_tax_mtwoholders_ndisab_c_01_01_2023_863,married_two_holders_pt,FALSE,c,2023-01-01,,,,,,,,,,863,7,5,3.3,2.4,0.5,0
income_tax_mtwoholders_ndisab_c_01_01_2023_964,married_two_holders_pt,FALSE,c,2023-01-01,,,,,,,,,,964,9.3,7.2,6.4,3.7,3,1.1
income_tax_mtwoholders_ndisab_c_01_01_2023_1051,married_two_holders_pt,FALSE,c,2023-01-01,,,,,,,,,,1051,11.2,8.5,7.7,5,4.3,3
income_tax_mtwoholders_ndisab_c_01_01_2023_1113,married_two_holders_pt,FALSE,c,2023-01-01,,,,,,,,,,1113,12,9.4,8.5,5.9,4.7,3.8
income_tax_mtwoholders_ndisab_c_01_01_2023_1194,married_two_holders_pt,FALSE,c,2023-01-01,,,,,,,,,,1194,13,11.3,10.5,7.8,7,5.2
income_tax_mtwoholders_ndisab_c_01_01_2023_1280,married_two_holders_pt,FALSE,c,2023-01-01,,,,,,,,,,1280,14,12.3,11.4,8.8,7.9,6.2
income_tax_mtwoholders_ndisab_c_01_01_2023_1380,married_two_holders_pt,FALSE,c,2023-01-01,,,,,,,,,,1380,15,14.3,12.5,10.6,8.9,8
income_tax_mtwoholders_ndisab_c_01_01_2023_1466,married_two_holders_pt,FALSE,c,2023-01-01,,,,,,,,,,1466,16.1,15.3,13.6,11.9,10,9.2
income_tax_mtwoholders_ndisab_c_01_01_2023_1609,married_two_holders_pt,FALSE,c,2023-01-01,,,,,,,,,,1609,17.1,16.4,14.6,12.8,11.1,10.2
income_tax_mtwoholders_ndisab_c_01_01_2023_1762,married_two_holders_pt,FALSE,c,2023-01-01,,,,,,,,,,1762,18.5,17.7,16.1,14.3,13.4,11.7
income_tax_mtwoholders_ndisab_c_01_01_2023_1925,married_two_holders_pt,FALSE,c,2023-01-01,,,,,,,,,,1925,19.9,19.3,17.6,16,15.2,13.5
income_tax_mtwoholders_ndisab_c_01_01_2023_2035,married_two_holders_pt,FALSE,c,2023-01-01,,,,,,,,,,2035,20.9,20.4,18.5,16.9,16.1,14.5
income_tax_mtwoholders_ndisab_c_01_01_2023_2151,married_two_holders_pt,FALSE,c,2023-01-01,,,,,,,,,,2151,21.9,21.4,19.6,17.7,17,16.3
income_tax_mtwoholders_ndisab_c_01_01_2023_2283,married_two_holders_pt,FALSE,c,2023-01-01,,,,,,,,,,2283,22.8,22.3,20.7,18.9,17.9,17.3
income_tax_mtwoholders_ndisab_c_01_01_2023_2437,married_two_holders_pt,FALSE,c,2023-01-01,,,,,,,,,,2437,23.8,23.4,22.6,19.9,19.1,18.2
income_tax_mtwoholders_ndisab_c_01_01_2023_2609,married_two_holders_pt,FALSE,c,2023-01-01,,,,,,,,,,2609,24.8,24.4,23.6,21,20.2,19.4
income_tax_mtwoholders_ndisab_c_01_01_2023_2848,married_two_holders_pt,FALSE,c,2023-01-01,,,,,,,,,,2848,25.7,25.2,24.6,21.9,21.2,20.4
income_tax_mtwoholders_ndisab_c_01_01_2023_3195,married_two_holders_pt,FALSE,c,2023-01-01,,,,,,,,,,3195,26.9,26.5,25.7,23.1,22.3,21.6
income_tax_mtwoholders_ndisab_c_01_01_2023_3637,married_two_holders_pt,FALSE,c,2023-01-01,,,,,,,,,,3637,28.5,28.4,28,25.7,25.3,24.9
income_tax_mtwoholders_ndisab_c_01_01_2023_4239,married_two_holders_pt,FALSE,c,2023-01-01,,,,,,,,,,4239,29.6,29.5,29,27.6,26.3,25.9
income_tax_mtwoholders_ndisab_c_01_01_2023_4786,married_two_holders_pt,FALSE,c,2023-01-01,,,,,,,,,,4786,31.4,31.1,30.7,29,27.7,27.3
income_tax_mtwoholders_ndisab_c_01_01_2023_5346,married_two_holders_pt,FALSE,c,2023-01-01,,,,,,,,,,5346,32.3,32,31.6,30.3,29.6,28.3
income_tax_mtwoholders_ndisab_c_01_01_2023_6052,married_two_holders_pt,FALSE,c,2023-01-01,,,,,,,,,,6052,33.3,33,32.6,31.3,30.9,29.2
income_tax_mtwoholders_ndisab_c_01_01_2023_6924,married_two_holders_pt,FALSE,c,2023-01-01,,,,,,,,,,6924,35.2,35,34.5,33.8,33.6,33.4
income_tax_mtwoholders_ndisab_c_01_01_2023_8171,married_two_holders_pt,FALSE,c,2023-01-01,,,,,,,,,,8171,36.2,36,35.8,34.7,34.6,34.4
income_tax_mtwoholders_ndisab_c_01_01_2023_9840,married_two_holders_pt,FALSE,c,2023-01-01,,,,,,,,,,9840,38.1,37.9,37.7,36.6,36.4,36.3
income_tax_mtwoholders_ndisab_c_01_01_2023_11612,married_two_holders_pt,FALSE,c,2023-01-01,,,,,,,,,,11612,39.1,38.9,38.7,38,37.4,37.2
income_tax_mtwoholders_ndisab_c_01_01_2023_19404,married_two_holders_pt,FALSE,c,2023-01-01,,,,,,,,,,19404,40.1,39.9,39.7,39,38.8,38.2
income_tax_mtwoholders_ndisab_c_01_01_2023_20811,married_two_holders_pt,FALSE,c,2023-01-01,,,,,,,,,,20811,41.1,40.9,40.7,40,39.8,39.2
income_tax_mtwoholders_ndisab_c_01_01_2023_23413,married_two_holders_pt,FALSE,c,2023-01-01,,,,,,,,,,23413,41.8,41.7,41.6,41,40.8,40.4
income_tax_mtwoholders_ndisab_c_01_01_2023_26014,married_two_holders_pt,FALSE,c,2023-01-01,,,,,,,,,,26014,42.8,42.7,42.6,41.9,41.7,41.5
income_tax_mtwoholders_ndisab_c_01_01_2023_9999999999,married_two_holders_pt,FALSE,c,2023-01-01,,,,,,,,,,9999999999,43.8,43.7,43.6,42.9,42.7,42.5
income_tax_nmarried_disab_c_01_01_2023_1348,not_married_pt,TRUE,c,2023-01-01,,,,,,,,,,1348,0,0,0,0,0,0
income_tax_nmarried_disab_c_01_01_2023_1456,not_married_pt,TRUE,c,2023-01-01,,,,,,,,,,1456,1.2,0,0,0,0,0
income_tax_nmarried_disab_c_01_01_2023_1498,not_married_pt,TRUE,c,2023-01-01,,,,,,,,,,1498,4.1,0.6,0,0,0,0
income_tax_nmarried_disab_c_01_01_2023_1687,not_married_pt,TRUE,c,2023-01-01,,,,,,,,,,1687,5.1,2.6,0,0,0,0
income_tax_nmarried_disab_c_01_01_2023_2013,not_married_pt,TRUE,c,2023-01-01,,,,,,,,,,2013,6.6,4.7,3.7,0.2,0,0
income_tax_nmarried_disab_c_01_01_2023_2140,not_married_pt,TRUE,c,2023-01-01,,,,,,,,,,2140,8,6.2,5.2,2.2,1.2,0
income_tax_nmarried_disab_c_01_01_2023_2278,not_married_pt,TRUE,c,2023-01-01,,,,,,,,,,2278,9.9,7.2,6.2,4.2,2.2,1.2
income_tax_nmarried_disab_c_01_01_2023_2382,not_married_pt,TRUE,c,2023-01-01,,,,,,,,,,2382,12.3,9.5,7.6,5.7,3.7,2.7
income_tax_nmarried_disab_c_01_01_2023_2552,not_married_pt,TRUE,c,2023-01-01,,,,,,,,,,2552,14.3,11.5,9.6,7.6,5.8,3.7
income_tax_nmarried_disab_c_01_01_2023_2637,not_married_pt,TRUE,c,2023-01-01,,,,,,,,,,2637,15.2,13.4,11.5,9.6,6.7,5.8
income_tax_nmarried_disab_c_01_01_2023_2741,not_married_pt,TRUE,c,2023-01-01,,,,,,,,,,2741,16.3,14.4,12.4,10.6,8.6,7.6
income_tax_nmarried_disab_c_01_01_2023_3015,not_married_pt,TRUE,c,2023-01-01,,,,,,,,,,3015,17.2,15.4,13.4,11.6,10.6,9.6
income_tax_nmarried_disab_c_01_01_2023_3343,not_married_pt,TRUE,c,2023-01-01,,,,,,,,,,3343,18.3,16.9,15.3,13.8,13.2,12.6
income_tax_nmarried_disab_c_01_01_2023_3690,not_married_pt,TRUE,c,2023-01-01,,,,,,,,,,3690,19.5,18,16.5,14.9,14.3,13.7
income_tax_nmarried_disab_c_01_01_2023_3827,not_married_pt,TRUE,c,2023-01-01,,,,,,,,,,3827,20.5,19.2,18.4,15.9,15.3,14.7
income_tax_nmarried_disab_c_01_01_2023_4048,not_married_pt,TRUE,c,2023-01-01,,,,,,,,,,4048,21.5,20.2,19.6,16.9,16.3,15.7
income_tax_nmarried_disab_c_01_01_2023_4481,not_married_pt,TRUE,c,2023-01-01,,,,,,,,,,4481,23.4,22.1,21.6,19,18.2,17.6
income_tax_nmarried_disab_c_01_01_2023_4755,not_married_pt,TRUE,c,2023-01-01,,,,,,,,,,4755,24.4,23.1,22.5,20,19.4,18.6
income_tax_nmarried_disab_c_01_01_2023_5060,not_married_pt,TRUE,c,2023-01-01,,,,,,,,,,5060,25.4,24.1,23.5,21,20.4,19.8
income_tax_nmarried_disab_c_01_01_2023_5356,not_married_pt,TRUE,c,2023-01-01,,,,,,,,,,5356,26.4,25.1,24.5,22,21.4,20.8
income_tax_nmarried_disab_c_01_01_2023_5799,not_married_pt,TRUE,c,2023-01-01,,,,,,,,,,5799,27.3,26.1,25.5,23.9,22.3,21.8
income_tax_nmarried_disab_c_01_01_2023_6241,not_married_pt,TRUE,c,2023-01-01,,,,,,,,,,6241,28.8,27.5,27,25.4,23.8,23.2
income_tax_nmarried_disab_c_01_01_2023_6966,not_married_pt,TRUE,c,2023-01-01,,,,,,,,,,6966,29.7,28.7,28.3,27,25.6,25.2
income_tax_nmarried_disab_c_01_01_2023_7448,not_married_pt,TRUE,c,2023-01-01,,,,,,,,,,7448,30.7,29.8,29.3,27.9,26.6,26.2
income_tax_nmarried_disab_c_01_01_2023_8046,not_married_pt,TRUE,c,2023-01-01,,,,,,,,,,8046,31.7,30.8,30.4,28.9,28.5,27.1
income_tax_nmarried_disab_c_01_01_2023_8749,not_married_pt,TRUE,c,2023-01-01,,,,,,,,,,8749,32.6,31.8,31.4,30,29,28.1
income_tax_nmarried_disab_c_01_01_2023_9555,not_married_pt,TRUE,c,2023-01-01,,,,,,,,,,9555,33.6,32.7,32.3,31,29.6,29.1
income_tax_nmarried_disab_c_01_01_2023_10311,not_married_pt,TRUE,c,2023-01-01,,,,,,,,,,10311,35.1,34.2,33.8,32.4,32,30.7
income_tax_nmarried_disab_c_01_01_2023_12901,not_married_pt,TRUE,c,2023-01-01,,,,,,,,,,12901,36.1,35.2,34.8,33.4,33,31.7
income_tax_nmarried_disab_c_01_01_2023_9999999999,not_married_pt,TRUE,c,2023-01-01,,,,,,,,,,9999999999,37,36.2,35.8,34.4,34,32.6
income_tax_moneholder_disab_c_01_01_2023_1698,married_one_holder_pt,TRUE,c,2023-01-01,,,,,,,,,,1698,0,0,0,0,0,0
income_tax_moneholder_disab_c_01_01_2023_1804,married_one_holder_pt,TRUE,c,2023-01-01,,,,,,,,,,1804,0.8,0,0,0,0,0
income_tax_moneholder_disab_c_01_01_2023_1961,married_one_holder_pt,TRUE,c,2023-01-01,,,,,,,,,,1961,3.7,1,0.2,0,0,0
income_tax_moneholder_disab_c_01_01_2023_2030,married_one_holder_pt,TRUE,c,2023-01-01,,,,,,,,,,2030,4.7,3,2.2,0.4,0,0
income_tax_moneholder_disab_c_01_01_2023_2411,married_one_holder_pt,TRUE,c,2023-01-01,,,,,,,,,,2411,5.7,5,3.2,1.4,0,0
income_tax_moneholder_disab_c_01_01_2023_2594,married_one_holder_pt,TRUE,c,2023-01-01,,,,,,,,,,2594,6.6,6,4.2,2.4,0.6,0
income_tax_moneholder_disab_c_01_01_2023_2848,married_one_holder_pt,TRUE,c,2023-01-01,,,,,,,,,,2848,8.5,7.8,6.2,4.4,3.6,1.8
income_tax_moneholder_disab_c_01_01_2023_3058,married_one_holder_pt,TRUE,c,2023-01-01,,,,,,,,,,3058,9.5,8.8,7.2,5.4,4.6,2.8
income_tax_moneholder_disab_c_01_01_2023_3279,married_one_holder_pt,TRUE,c,2023-01-01,,,,,,,,,,3279,11,10.3,8.6,6.9,6.1,4.3
income_tax_moneholder_disab_c_01_01_2023_3455,married_one_holder_pt,TRUE,c,2023-01-01,,,,,,,,,,3455,12.2,11.9,10.5,9.1,8.7,8.3
income_tax_moneholder_disab_c_01_01_2023_3616,married_one_holder_pt,TRUE,c,2023-01-01,,,,,,,,,,3616,13.6,13.5,12,10.6,10.2,9.8
income_tax_moneholder_disab_c_01_01_2023_3722,married_one_holder_pt,TRUE,c,2023-01-01,,,,,,,,,,3722,14.6,14.5,14.1,11.6,11.2,10.8
income_tax_moneholder_disab_c_01_01_2023_3938,married_one_holder_pt,TRUE,c,2023-01-01,,,,,,,,,,3938,15.6,15.5,15.1,12.7,12.2,11.8
income_tax_moneholder_disab_c_01_01_2023_4048,married_one_holder_pt,TRUE,c,2023-01-01,,,,,,,,,,4048,16.6,16.5,16.1,13.7,13.3,12.7
income_tax_moneholder_disab_c_01_01_2023_4376,married_one_holder_pt,TRUE,c,2023-01-01,,,,,,,,,,4376,17.5,17.4,17.1,14.7,14.3,13.9
income_tax_moneholder_disab_c_01_01_2023_4587,married_one_holder_pt,TRUE,c,2023-01-01,,,,,,,,,,4587,18.5,18.4,18,15.7,15.3,14.9
income_tax_moneholder_disab_c_01_01_2023_5035,married_one_holder_pt,TRUE,c,2023-01-01,,,,,,,,,,5035,19.5,19.4,19,16.7,16.3,15.9
income_tax_moneholder_disab_c_01_01_2023_5471,married_one_holder_pt,TRUE,c,2023-01-01,,,,,,,,,,5471,20.5,20.4,20,17.6,17.2,16.9
income_tax_moneholder_disab_c_01_01_2023_5688,married_one_holder_pt,TRUE,c,2023-01-01,,,,,,,,,,5688,21.5,21.4,21,19.6,18.2,17.8
income_tax_moneholder_disab_c_01_01_2023_6135,married_one_holder_pt,TRUE,c,2023-01-01,,,,,,,,,,6135,22.4,22.3,22,20.6,19.2,18.8
income_tax_moneholder_disab_c_01_01_2023_6458,married_one_holder_pt,TRUE,c,2023-01-01,,,,,,,,,,6458,23.4,23.3,22.9,21.6,20.2,19.8
income_tax_moneholder_disab_c_01_01_2023_7058,married_one_holder_pt,TRUE,c,2023-01-01,,,,,,,,,,7058,24.7,24.6,24.5,23.1,22,21.8
income_tax_moneholder_disab_c_01_01_2023_7601,married_one_holder_pt,TRUE,c,2023-01-01,,,,,,,,,,7601,25.7,25.6,25.5,24.3,23.9,22.7
income_tax_moneholder_disab_c_01_01_2023_8465,married_one_holder_pt,TRUE,c,2023-01-01,,,,,,,,,,8465,26.7,26.6,26.5,25.3,25.1,23.7
income_tax_moneholder_disab_c_01_01_2023_9446,married_one_holder_pt,TRUE,c,2023-01-01,,,,,,,,,,9446,27.6,27.5,27.4,26.3,26.1,24.9
income_tax_moneholder_disab_c_01_01_2023_10532,married_one_holder_pt,TRUE,c,2023-01-01,,,,,,,,,,10532,29.1,29,28.9,27.7,27.5,26.4
income_tax_moneholder_disab_c_01_01_2023_11617,married_one_holder_pt,TRUE,c,2023-01-01,,,,,,,,,,11617,30,29.9,29.8,28.7,28.5,27.3
income_tax_moneholder_disab_c_01_01_2023_13389,married_one_holder_pt,TRUE,c,2023-01-01,,,,,,,,,,13389,31.5,31.4,31.3,30.1,29.9,28.8
income_tax_moneholder_disab_c_01_01_2023_9999999999,married_one_holder_pt,TRUE,c,2023-01-01,,,,,,,,,,9999999999,32.4,32.3,32.2,31.1,30.9,29.7
income_tax_mtwoholders_disab_c_01_01_2023_1348,married_two_holders_pt,TRUE,c,2023-01-01,,,,,,,,,,1348,0,0,0,0,0,0
income_tax_mtwoholders_disab_c_01_01_2023_1456,married_two_holders_pt,TRUE,c,2023-01-01,,,,,,,,,,1456,1.2,0,0,0,0,0
income_tax_mtwoholders_disab_c_01_01_2023_1498,married_two_holders_pt,TRUE,c,2023-01-01,,,,,,,,,,1498,3.6,2.8,0,0,0,0
income_tax_mtwoholders_disab_c_01_01_2023_1687,married_two_holders_pt,TRUE,c,2023-01-01,,,,,,,,,,1687,4.6,3.8,1.9,0,0,0
income_tax_mtwoholders_disab_c_01_01_2023_2013,married_two_holders_pt,TRUE,c,2023-01-01,,,,,,,,,,2013,6.6,5.8,4.1,2.3,1.5,0
income_tax_mtwoholders_disab_c_01_01_2023_2140,married_two_holders_pt,TRUE,c,2023-01-01,,,,,,,,,,2140,8,7.4,5.5,3.8,3,2.2
income_tax_mtwoholders_disab_c_01_01_2023_2278,married_two_holders_pt,TRUE,c,2023-01-01,,,,,,,,,,2278,9.9,8.3,7.5,5.7,4,3.2
income_tax_mtwoholders_disab_c_01_01_2023_2382,married_two_holders_pt,TRUE,c,2023-01-01,,,,,,,,,,2382,12.3,10.7,9,7.3,6.4,5.6
income_tax_mtwoholders_disab_c_01_01_2023_2552,married_two_holders_pt,TRUE,c,2023-01-01,,,,,,,,,,2552,14.3,12.6,10.9,9.2,7.4,6.6
income_tax_mtwoholders_disab_c_01_01_2023_2637,married_two_holders_pt,TRUE,c,2023-01-01,,,,,,,,,,2637,15.2,13.6,12.8,11.1,9.4,8.6
income_tax_mtwoholders_disab_c_01_01_2023_2741,married_two_holders_pt,TRUE,c,2023-01-01,,,,,,,,,,2741,16.3,14.6,13.8,12.1,10.4,9.6
income_tax_mtwoholders_disab_c_01_01_2023_3015,married_two_holders_pt,TRUE,c,2023-01-01,,,,,,,,,,3015,17.2,15.6,14.8,13.1,11.4,10.6
income_tax_mtwoholders_disab_c_01_01_2023_3343,married_two_holders_pt,TRUE,c,2023-01-01,,,,,,,,,,3343,18.3,17.1,16.7,15.3,14,13.6
income_tax_mtwoholders_disab_c_01_01_2023_3690,married_two_holders_pt,TRUE,c,2023-01-01,,,,,,,,,,3690,19.5,18.2,17.8,16.5,15.1,14.7
income_tax_mtwoholders_disab_c_01_01_2023_3827,married_two_holders_pt,TRUE,c,2023-01-01,,,,,,,,,,3827,20.5,19.4,18.8,17.4,17.1,15.7
income_tax_mtwoholders_disab_c_01_01_2023_4048,married_two_holders_pt,TRUE,c,2023-01-01,,,,,,,,,,4048,21.5,20.4,20,18.4,18,16.7
income_tax_mtwoholders_disab_c_01_01_2023_4481,married_two_holders_pt,TRUE,c,2023-01-01,,,,,,,,,,4481,22.9,21.9,21.5,20.1,19.5,18.1
income_tax_mtwoholders_disab_c_01_01_2023_4755,married_two_holders_pt,TRUE,c,2023-01-01,,,,,,,,,,4755,23.9,22.8,22.4,21.1,20.7,20.1
income_tax_mtwoholders_disab_c_01_01_2023_5060,married_two_holders_pt,TRUE,c,2023-01-01,,,,,,,,,,5060,24.9,23.8,23.4,22.1,21.7,21.3
income_tax_mtwoholders_disab_c_01_01_2023_5356,married_two_holders_pt,TRUE,c,2023-01-01,,,,,,,,,,5356,25.9,24.8,24.4,23,22.6,22.2
income_tax_mtwoholders_disab_c_01_01_2023_5799,married_two_holders_pt,TRUE,c,2023-01-01,,,,,,,,,,5799,26.9,25.8,25.4,24,23.6,23.2
income_tax_mtwoholders_disab_c_01_01_2023_6241,married_two_holders_pt,TRUE,c,2023-01-01,,,,,,,,,,6241,28.3,27.2,26.9,25.5,25.1,24.7
income_tax_mtwoholders_disab_c_01_01_2023_6966,married_two_holders_pt,TRUE,c,2023-01-01,,,,,,,,,,6966,29.7,28.9,28.7,27.5,27.3,27.1
income_tax_mtwoholders_disab_c_01_01_2023_7448,married_two_holders_pt,TRUE,c,2023-01-01,,,,,,,,,,7448,30.7,30,29.6,28.5,28.3,28.1
income_tax_mtwoholders_disab_c_01_01_2023_8046,married_two_holders_pt,TRUE,c,2023-01-01,,,,,,,,,,8046,31.7,31,30.8,29.4,29.3,29.1
income_tax_mtwoholders_disab_c_01_01_2023_8749,married_two_holders_pt,TRUE,c,2023-01-01,,,,,,,,,,8749,32.6,31.9,31.8,30.6,30.2,30
income_tax_mtwoholders_disab_c_01_01_2023_9555,married_two_holders_pt,TRUE,c,2023-01-01,,,,,,,,,,9555,33.6,32.9,32.7,31.6,31.4,31
income_tax_mtwoholders_disab_c_01_01_2023_10311,married_two_holders_pt,TRUE,c,2023-01-01,,,,,,,,,,10311,35.1,34.4,34.2,33,32.8,32.6
income_tax_mtwoholders_disab_c_01_01_2023_12901,married_two_holders_pt,TRUE,c,2023-01-01,,,,,,,,,,12901,36.1,35.4,35.2,34,33.8,33.6
income_tax_mtwoholders_disab_c_01_01_2023_9999999999,married_two_holders_pt,TRUE,c,2023-01-01,,,,,,,,,,9999999999,37,36.4,36.2,35,34.8,34.6
income_tax_nmarried_ndisab_a_01_07_2022_741,not_married_pt,FALSE,a,2022-07-01,,,,,,,,,,741,0,0,0,0,0,0
income_tax_nmarried_ndisab_a_01_07_2022_756,not_married_pt,FALSE,a,2022-07-01,,,,,,,,,,756,1.3,0.1,0,0,0,0
income_tax_nmarried_ndisab_a_01_07_2022_777,not_married_pt,FALSE,a,2022-07-01,,,,,,,,,,777,3.2,0.4,0,0,0,0
income_tax_nmarried_ndisab_a_01_07_2022_792,not_married_pt,FALSE,a,2022-07-01,,,,,,,,,,792,4.4,0.6,0,0,0,0
income_tax_nmarried_ndisab_a_01_07_2022_855,not_married_pt,FALSE,a,2022-07-01,,,,,,,,,,855,5.5,3.1,0.5,0,0,0
income_tax_nmarried_ndisab_a_01_07_2022_931,not_married_pt,FALSE,a,2022-07-01,,,,,,,,,,931,7,4.6,2.3,0,0,0
income_tax_nmarried_ndisab_a_01_07_2022_1015,not_married_pt,FALSE,a,2022-07-01,,,,,,,,,,1015,7.9,5.5,3.8,0.8,0,0
income_tax_nmarried_ndisab_a_01_07_2022_1075,not_married_pt,FALSE,a,2022-07-01,,,,,,,,,,1075,8.5,6.2,4.6,2.3,0,0
income_tax_nmarried_ndisab_a_01_07_2022_1154,not_married_pt,FALSE,a,2022-07-01,,,,,,,,,,1154,9.2,7.5,5.8,3.5,1.8,0
income_tax_nmarried_ndisab_a_01_07_2022_1237,not_married_pt,FALSE,a,2022-07-01,,,,,,,,,,1237,9.9,8.3,6.5,4.3,2.5,0.7
income_tax_nmarried_ndisab_a_01_07_2022_1333,not_married_pt,FALSE,a,2022-07-01,,,,,,,,,,1333,10.6,9,7.4,4.9,3.2,1.5
income_tax_nmarried_ndisab_a_01_07_2022_1437,not_married_pt,FALSE,a,2022-07-01,,,,,,,,,,1437,11.3,9.7,8,5.6,4.6,2.8
income_tax_nmarried_ndisab_a_01_07_2022_1577,not_married_pt,FALSE,a,2022-07-01,,,,,,,,,,1577,12,10.4,8.6,7,5.3,3.5
income_tax_nmarried_ndisab_a_01_07_2022_1727,not_married_pt,FALSE,a,2022-07-01,,,,,,,,,,1727,13,11.4,10.4,8,6.2,4.6
income_tax_nmarried_ndisab_a_01_07_2022_1887,not_married_pt,FALSE,a,2022-07-01,,,,,,,,,,1887,13.9,12.7,12.1,10.2,8.8,8.2
income_tax_nmarried_ndisab_a_01_07_2022_1995,not_married_pt,FALSE,a,2022-07-01,,,,,,,,,,1995,14.6,13.5,12.7,10.9,10.2,8.8
income_tax_nmarried_ndisab_a_01_07_2022_2109,not_married_pt,FALSE,a,2022-07-01,,,,,,,,,,2109,15.3,14.1,13.4,11.5,10.9,9.5
income_tax_nmarried_ndisab_a_01_07_2022_2238,not_married_pt,FALSE,a,2022-07-01,,,,,,,,,,2238,16,14.9,14.2,12.3,11.6,10.2
income_tax_nmarried_ndisab_a_01_07_2022_2389,not_married_pt,FALSE,a,2022-07-01,,,,,,,,,,2389,16.7,15.5,14.9,13,12.3,10.9
income_tax_nmarried_ndisab_a_01_07_2022_2558,not_married_pt,FALSE,a,2022-07-01,,,,,,,,,,2558,17.4,16.9,15.5,14.3,13,12.3
income_tax_nmarried_ndisab_a_01_07_2022_2792,not_married_pt,FALSE,a,2022-07-01,,,,,,,,,,2792,18.1,17.6,16.3,15,13.6,13
income_tax_nmarried_ndisab_a_01_07_2022_3132,not_married_pt,FALSE,a,2022-07-01,,,,,,,,,,3132,18.9,18.5,17.2,15.8,14.4,13.7
income_tax_nmarried_ndisab_a_01_07_2022_3566,not_married_pt,FALSE,a,2022-07-01,,,,,,,,,,3566,20,19.8,18.8,17.6,17.2,16.1
income_tax_nmarried_ndisab_a_01_07_2022_4156,not_married_pt,FALSE,a,2022-07-01,,,,,,,,,,4156,20.8,20.7,19.4,18.3,17.9,17.5
income_tax_nmarried_ndisab_a_01_07_2022_4692,not_married_pt,FALSE,a,2022-07-01,,,,,,,,,,4692,22,21.7,20.6,19.3,18.9,18.6
income_tax_nmarried_ndisab_a_01_07_2022_5241,not_married_pt,FALSE,a,2022-07-01,,,,,,,,,,5241,22.6,22.3,21.9,20.2,19.6,19.2
income_tax_nmarried_ndisab_a_01_07_2022_5933,not_married_pt,FALSE,a,2022-07-01,,,,,,,,,,5933,23.3,23,22.5,20.9,20.4,19.9
income_tax_nmarried_ndisab_a_01_07_2022_6788,not_married_pt,FALSE,a,2022-07-01,,,,,,,,,,6788,24.7,24.4,23.9,22.5,22.3,22.1
income_tax_nmarried_ndisab_a_01_07_2022_8011,not_married_pt,FALSE,a,2022-07-01,,,,,,,,,,8011,25.4,25.1,24.9,23.9,23,22.7
income_tax_nmarried_ndisab_a_01_07_2022_9647,not_married_pt,FALSE,a,2022-07-01,,,,,,,,,,9647,26.7,26.5,26.2,25.3,25.1,24.1
income_tax_nmarried_ndisab_a_01_07_2022_11384,not_married_pt,FALSE,a,2022-07-01,,,,,,,,,,11384,27.4,27.2,26.9,26.3,25.7,24.8
income_tax_nmarried_ndisab_a_01_07_2022_19024,not_married_pt,FALSE,a,2022-07-01,,,,,,,,,,19024,28.1,27.9,27.6,27,26.7,25.5
income_tax_nmarried_ndisab_a_01_07_2022_20403,not_married_pt,FALSE,a,2022-07-01,,,,,,,,,,20403,28.8,28.6,28.3,27.7,27.4,26.1
income_tax_nmarried_ndisab_a_01_07_2022_22954,not_married_pt,FALSE,a,2022-07-01,,,,,,,,,,22954,29.3,29.2,29,28.4,28.1,27
income_tax_nmarried_ndisab_a_01_07_2022_25504,not_married_pt,FALSE,a,2022-07-01,,,,,,,,,,25504,30,29.9,29.6,29,28.8,27.8
income_tax_nmarried_ndisab_a_01_07_2022_9999999999,not_married_pt,FALSE,a,2022-07-01,,,,,,,,,,9999999999,30.7,30.5,30.3,29.7,29.4,28.5
income_tax_moneholder_ndisab_a_01_07_2022_745,married_one_holder_pt,FALSE,a,2022-07-01,,,,,,,,,,745,0,0,0,0,0,0
income_tax_moneholder_ndisab_a_01_07_2022_777,married_one_holder_pt,FALSE,a,2022-07-01,,,,,,,,,,777,2.3,0,0,0,0,0
income_tax_moneholder_ndisab_a_01_07_2022_792,married_one_holder_pt,FALSE,a,2022-07-01,,,,,,,,,,792,2.3,0,0,0,0,0
income_tax_moneholder_ndisab_a_01_07_2022_834,married_one_holder_pt,FALSE,a,2022-07-01,,,,,,,,,,834,3.3,0.6,0,0,0,0
income_tax_moneholder_ndisab_a_01_07_2022_878,married_one_holder_pt,FALSE,a,2022-07-01,,,,,,,,,,878,3.8,1.2,0.6,0,0,0
income_tax_moneholder_ndisab_a_01_07_2022_886,married_one_holder_pt,FALSE,a,2022-07-01,,,,,,,,,,886,4.5,2.6,0.8,0,0,0
income_tax_moneholder_ndisab_a_01_07_2022_983,married_one_holder_pt,FALSE,a,2022-07-01,,,,,,,,,,983,5,3.2,2,0,0,0
income_tax_moneholder_ndisab_a_01_07_2022_1091,married_one_holder_pt,FALSE,a,2022-07-01,,,,,,,,,,1091,5.67,3.85,2.59,0.7,0,0
income_tax_moneholder_ndisab_a_01_07_2022_1237,married_one_holder_pt,FALSE,a,2022-07-01,,,,,,,,,,1237,6.44,4.83,3.29,1.4,0,0
income_tax_moneholder_ndisab_a_01_07_2022_1417,married_one_holder_pt,FALSE,a,2022-07-01,,,,,,,,,,1417,7.49,6.23,4.97,3.01,1.82,1.19
income_tax_moneholder_ndisab_a_01_07_2022_1644,married_one_holder_pt,FALSE,a,2022-07-01,,,,,,,,,,1644,8.19,7,5.67,4.41,3.15,1.89
income_tax_moneholder_ndisab_a_01_07_2022_1749,married_one_holder_pt,FALSE,a,2022-07-01,,,,,,,,,,1749,9.17,7.98,7.42,5.39,4.13,3.57
income_tax_moneholder_ndisab_a_01_07_2022_1866,married_one_holder_pt,FALSE,a,2022-07-01,,,,,,,,,,1866,9.8,8.68,8.19,6.3,5.11,4.55
income_tax_moneholder_ndisab_a_01_07_2022_2016,married_one_holder_pt,FALSE,a,2022-07-01,,,,,,,,,,2016,10.5,9.31,8.75,7,6.44,5.18
income_tax_moneholder_ndisab_a_01_07_2022_2177,married_one_holder_pt,FALSE,a,2022-07-01,,,,,,,,,,2177,11.2,10.01,9.45,7.63,7.14,5.95
income_tax_moneholder_ndisab_a_01_07_2022_2369,married_one_holder_pt,FALSE,a,2022-07-01,,,,,,,,,,2369,11.9,11.41,10.22,8.33,7.77,6.65
income_tax_moneholder_ndisab_a_01_07_2022_2590,married_one_holder_pt,FALSE,a,2022-07-01,,,,,,,,,,2590,12.46,12.04,10.92,9.66,8.47,7.98
income_tax_moneholder_ndisab_a_01_07_2022_2961,married_one_holder_pt,FALSE,a,2022-07-01,,,,,,,,,,2961,13.23,12.74,11.62,10.36,9.17,8.61
income_tax_moneholder_ndisab_a_01_07_2022_3387,married_one_holder_pt,FALSE,a,2022-07-01,,,,,,,,,,3387,15.05,14.98,13.86,12.88,11.97,11.69
income_tax_moneholder_ndisab_a_01_07_2022_3644,married_one_holder_pt,FALSE,a,2022-07-01,,,,,,,,,,3644,15.68,15.61,14.7,13.58,13.3,12.32
income_tax_moneholder_ndisab_a_01_07_2022_3917,married_one_holder_pt,FALSE,a,2022-07-01,,,,,,,,,,3917,16.38,16.31,15.4,14.42,14,13.02
income_tax_moneholder_ndisab_a_01_07_2022_4248,married_one_holder_pt,FALSE,a,2022-07-01,,,,,,,,,,4248,17.08,17.01,16.03,15.12,14.84,14.42
income_tax_moneholder_ndisab_a_01_07_2022_4646,married_one_holder_pt,FALSE,a,2022-07-01,,,,,,,,,,4646,18.13,17.71,16.73,15.75,15.47,15.26
income_tax_moneholder_ndisab_a_01_07_2022_5122,married_one_holder_pt,FALSE,a,2022-07-01,,,,,,,,,,5122,18.83,18.41,18.13,16.45,16.17,15.89
income_tax_moneholder_ndisab_a_01_07_2022_5705,married_one_holder_pt,FALSE,a,2022-07-01,,,,,,,,,,5705,19.46,19.04,18.83,17.15,16.87,16.59
income_tax_moneholder_ndisab_a_01_07_2022_6439,married_one_holder_pt,FALSE,a,2022-07-01,,,,,,,,,,6439,20.16,19.74,19.46,17.85,17.57,17.29
income_tax_moneholder_ndisab_a_01_07_2022_7389,married_one_holder_pt,FALSE,a,2022-07-01,,,,,,,,,,7389,20.79,20.72,20.44,18.9,18.83,18.69
income_tax_moneholder_ndisab_a_01_07_2022_8517,married_one_holder_pt,FALSE,a,2022-07-01,,,,,,,,,,8517,21.49,21.42,21.28,20.3,19.46,19.32
income_tax_moneholder_ndisab_a_01_07_2022_9421,married_one_holder_pt,FALSE,a,2022-07-01,,,,,,,,,,9421,22.47,22.4,22.33,21.49,20.51,20.37
income_tax_moneholder_ndisab_a_01_07_2022_10543,married_one_holder_pt,FALSE,a,2022-07-01,,,,,,,,,,10543,23.17,23.1,22.96,22.19,22.05,21
income_tax_moneholder_ndisab_a_01_07_2022_14140,married_one_holder_pt,FALSE,a,2022-07-01,,,,,,,,,,14140,24.08,24.01,23.66,22.82,22.68,21.91
income_tax_moneholder_ndisab_a_01_07_2022_20300,married_one_holder_pt,FALSE,a,2022-07-01,,,,,,,,,,20300,25.48,25.41,25.34,24.57,24.43,23.59
income_tax_moneholder_ndisab_a_01_07_2022_22954,married_one_holder_pt,FALSE,a,2022-07-01,,,,,,,,,,22954,26.11,26.04,25.97,25.55,25.13,24.29
income_tax_moneholder_ndisab_a_01_07_2022_25504,married_one_holder_pt,FALSE,a,2022-07-01,,,,,,,,,,25504,26.81,26.74,26.67,26.18,26.04,24.99
income_tax_moneholder_ndisab_a_01_07_2022_28564,married_one_holder_pt,FALSE,a,2022-07-01,,,,,,,,,,28564,27.51,27.44,27.37,26.88,26.74,25.9
income_tax_moneholder_ndisab_a_01_07_2022_9999999999,married_one_holder_pt,FALSE,a,2022-07-01,,,,,,,,,,9999999999,28.21,28.14,28.07,27.58,27.44,26.6
income_tax_mtwoholders_ndisab_a_01_07_2022_741,married_two_holders_pt,FALSE,a,2022-07-01,,,,,,,,,,741,0,0,0,0,0,0
income_tax_mtwoholders_ndisab_a_01_07_2022_756,married_two_holders_pt,FALSE,a,2022-07-01,,,,,,,,,,756,1.3,0.8,0,0,0,0
income_tax_mtwoholders_ndisab_a_01_07_2022_777,married_two_holders_pt,FALSE,a,2022-07-01,,,,,,,,,,777,3.2,2.4,0.4,0,0,0
income_tax_mtwoholders_ndisab_a_01_07_2022_792,married_two_holders_pt,FALSE,a,2022-07-01,,,,,,,,,,792,4.4,2.6,0.7,0,0,0
income_tax_mtwoholders_ndisab_a_01_07_2022_855,married_two_holders_pt,FALSE,a,2022-07-01,,,,,,,,,,855,5.5,3.5,2.2,1.6,0.3,0
income_tax_mtwoholders_ndisab_a_01_07_2022_931,married_two_holders_pt,FALSE,a,2022-07-01,,,,,,,,,,931,7,5.1,4.4,2.6,2,0.7
income_tax_mtwoholders_ndisab_a_01_07_2022_1015,married_two_holders_pt,FALSE,a,2022-07-01,,,,,,,,,,1015,7.9,6,5.4,3.5,3,2
income_tax_mtwoholders_ndisab_a_01_07_2022_1075,married_two_holders_pt,FALSE,a,2022-07-01,,,,,,,,,,1075,8.5,6.7,6,4.2,3.4,2.7
income_tax_mtwoholders_ndisab_a_01_07_2022_1154,married_two_holders_pt,FALSE,a,2022-07-01,,,,,,,,,,1154,9.2,8,7.4,5.5,5,3.7
income_tax_mtwoholders_ndisab_a_01_07_2022_1237,married_two_holders_pt,FALSE,a,2022-07-01,,,,,,,,,,1237,9.9,8.7,8.1,6.2,5.6,4.4
income_tax_mtwoholders_ndisab_a_01_07_2022_1333,married_two_holders_pt,FALSE,a,2022-07-01,,,,,,,,,,1333,10.6,10.1,8.8,7.5,6.3,5.7
income_tax_mtwoholders_ndisab_a_01_07_2022_1437,married_two_holders_pt,FALSE,a,2022-07-01,,,,,,,,,,1437,11.3,10.7,9.5,8.3,7,6.4
income_tax_mtwoholders_ndisab_a_01_07_2022_1577,married_two_holders_pt,FALSE,a,2022-07-01,,,,,,,,,,1577,12,11.5,10.2,9,7.8,7.1
income_tax_mtwoholders_ndisab_a_01_07_2022_1727,married_two_holders_pt,FALSE,a,2022-07-01,,,,,,,,,,1727,13,12.4,11.3,10,9.4,8.2
income_tax_mtwoholders_ndisab_a_01_07_2022_1887,married_two_holders_pt,FALSE,a,2022-07-01,,,,,,,,,,1887,13.9,13.5,12.3,11.2,10.6,9.5
income_tax_mtwoholders_ndisab_a_01_07_2022_1995,married_two_holders_pt,FALSE,a,2022-07-01,,,,,,,,,,1995,14.6,14.3,13,11.8,11.3,10.2
income_tax_mtwoholders_ndisab_a_01_07_2022_2109,married_two_holders_pt,FALSE,a,2022-07-01,,,,,,,,,,2109,15.3,15,13.7,12.4,11.9,11.4
income_tax_mtwoholders_ndisab_a_01_07_2022_2238,married_two_holders_pt,FALSE,a,2022-07-01,,,,,,,,,,2238,16,15.6,14.5,13.2,12.5,12.1
income_tax_mtwoholders_ndisab_a_01_07_2022_2389,married_two_holders_pt,FALSE,a,2022-07-01,,,,,,,,,,2389,16.7,16.4,15.8,13.9,13.4,12.7
income_tax_mtwoholders_ndisab_a_01_07_2022_2558,married_two_holders_pt,FALSE,a,2022-07-01,,,,,,,,,,2558,17.4,17.1,16.5,14.7,14.1,13.6
income_tax_mtwoholders_ndisab_a_01_07_2022_2792,married_two_holders_pt,FALSE,a,2022-07-01,,,,,,,,,,2792,18,17.6,17.2,15.3,14.8,14.3
income_tax_mtwoholders_ndisab_a_01_07_2022_3132,married_two_holders_pt,FALSE,a,2022-07-01,,,,,,,,,,3132,18.8,18.6,18,16.2,15.6,15.1
income_tax_mtwoholders_ndisab_a_01_07_2022_3566,married_two_holders_pt,FALSE,a,2022-07-01,,,,,,,,,,3566,20,19.9,19.6,18,17.7,17.4
income_tax_mtwoholders_ndisab_a_01_07_2022_4156,married_two_holders_pt,FALSE,a,2022-07-01,,,,,,,,,,4156,20.7,20.7,20.3,19.3,18.4,18.1
income_tax_mtwoholders_ndisab_a_01_07_2022_4692,married_two_holders_pt,FALSE,a,2022-07-01,,,,,,,,,,4692,22,21.8,21.5,20.3,19.4,19.1
income_tax_mtwoholders_ndisab_a_01_07_2022_5241,married_two_holders_pt,FALSE,a,2022-07-01,,,,,,,,,,5241,22.6,22.4,22.1,21.2,20.7,19.8
income_tax_mtwoholders_ndisab_a_01_07_2022_5933,married_two_holders_pt,FALSE,a,2022-07-01,,,,,,,,,,5933,23.3,23.1,22.8,21.9,21.6,20.4
income_tax_mtwoholders_ndisab_a_01_07_2022_6788,married_two_holders_pt,FALSE,a,2022-07-01,,,,,,,,,,6788,24.6,24.5,24.2,23.7,23.5,23.4
income_tax_mtwoholders_ndisab_a_01_07_2022_8011,married_two_holders_pt,FALSE,a,2022-07-01,,,,,,,,,,8011,25.3,25.2,25.1,24.3,24.2,24.1
income_tax_mtwoholders_ndisab_a_01_07_2022_9647,married_two_holders_pt,FALSE,a,2022-07-01,,,,,,,,,,9647,26.7,26.5,26.4,25.6,25.5,25.4
income_tax_mtwoholders_ndisab_a_01_07_2022_11384,married_two_holders_pt,FALSE,a,2022-07-01,,,,,,,,,,11384,27.4,27.2,27.1,26.6,26.2,26
income_tax_mtwoholders_ndisab_a_01_07_2022_19024,married_two_holders_pt,FALSE,a,2022-07-01,,,,,,,,,,19024,28.1,27.9,27.8,27.3,27.2,26.7
income_tax_mtwoholders_ndisab_a_01_07_2022_20403,married_two_holders_pt,FALSE,a,2022-07-01,,,,,,,,,,20403,28.8,28.6,28.5,28,27.9,27.4
income_tax_mtwoholders_ndisab_a_01_07_2022_22954,married_two_holders_pt,FALSE,a,2022-07-01,,,,,,,,,,22954,29.3,29.2,29.1,28.7,28.6,28.3
income_tax_mtwoholders_ndisab_a_01_07_2022_25504,married_two_holders_pt,FALSE,a,2022-07-01,,,,,,,,,,25504,30,29.9,29.8,29.3,29.2,29.1
income_tax_mtwoholders_ndisab_a_01_07_2022_9999999999,married_two_holders_pt,FALSE,a,2022-07-01,,,,,,,,,,9999999999,30.7,30.6,30.5,30,29.9,29.8
income_tax_nmarried_disab_a_01_07_2022_1322,not_married_pt,TRUE,a,2022-07-01,,,,,,,,,,1322,0,0,0,0,0,0
income_tax_nmarried_disab_a_01_07_2022_1427,not_married_pt,TRUE,a,2022-07-01,,,,,,,,,,1427,0.8,0,0,0,0,0
income_tax_nmarried_disab_a_01_07_2022_1469,not_married_pt,TRUE,a,2022-07-01,,,,,,,,,,1469,2.9,0.4,0,0,0,0
income_tax_nmarried_disab_a_01_07_2022_1654,not_married_pt,TRUE,a,2022-07-01,,,,,,,,,,1654,3.6,1.8,0,0,0,0
income_tax_nmarried_disab_a_01_07_2022_1974,not_married_pt,TRUE,a,2022-07-01,,,,,,,,,,1974,4.6,3.3,2.6,0.1,0,0
income_tax_nmarried_disab_a_01_07_2022_2098,not_married_pt,TRUE,a,2022-07-01,,,,,,,,,,2098,5.6,4.3,3.6,1.5,0.8,0
income_tax_nmarried_disab_a_01_07_2022_2233,not_married_pt,TRUE,a,2022-07-01,,,,,,,,,,2233,6.9,5,4.3,2.9,1.5,0.8
income_tax_nmarried_disab_a_01_07_2022_2335,not_married_pt,TRUE,a,2022-07-01,,,,,,,,,,2335,8.6,6.7,5.3,4,2.6,1.9
income_tax_nmarried_disab_a_01_07_2022_2502,not_married_pt,TRUE,a,2022-07-01,,,,,,,,,,2502,10,8.1,6.7,5.3,4.1,2.6
income_tax_nmarried_disab_a_01_07_2022_2585,not_married_pt,TRUE,a,2022-07-01,,,,,,,,,,2585,10.6,9.4,8.1,6.7,4.7,4.1
income_tax_nmarried_disab_a_01_07_2022_2687,not_married_pt,TRUE,a,2022-07-01,,,,,,,,,,2687,11.4,10.1,8.7,7.4,6,5.3
income_tax_nmarried_disab_a_01_07_2022_2956,not_married_pt,TRUE,a,2022-07-01,,,,,,,,,,2956,12,10.8,9.4,8.1,7.4,6.7
income_tax_nmarried_disab_a_01_07_2022_3277,not_married_pt,TRUE,a,2022-07-01,,,,,,,,,,3277,12.8,11.8,10.7,9.7,9.2,8.8
income_tax_nmarried_disab_a_01_07_2022_3618,not_married_pt,TRUE,a,2022-07-01,,,,,,,,,,3618,13.7,12.6,11.6,10.4,10,9.6
income_tax_nmarried_disab_a_01_07_2022_3752,not_married_pt,TRUE,a,2022-07-01,,,,,,,,,,3752,14.4,13.4,12.9,11.1,10.7,10.3
income_tax_nmarried_disab_a_01_07_2022_3969,not_married_pt,TRUE,a,2022-07-01,,,,,,,,,,3969,15.1,14.1,13.7,11.8,11.4,11
income_tax_nmarried_disab_a_01_07_2022_4393,not_married_pt,TRUE,a,2022-07-01,,,,,,,,,,4393,16.4,15.5,15.1,13.3,12.7,12.3
income_tax_nmarried_disab_a_01_07_2022_4662,not_married_pt,TRUE,a,2022-07-01,,,,,,,,,,4662,17.1,16.2,15.8,14,13.6,13
income_tax_nmarried_disab_a_01_07_2022_4961,not_married_pt,TRUE,a,2022-07-01,,,,,,,,,,4961,17.8,16.9,16.5,14.7,14.3,13.9
income_tax_nmarried_disab_a_01_07_2022_5251,not_married_pt,TRUE,a,2022-07-01,,,,,,,,,,5251,18.5,17.6,17.2,15.4,15,14.6
income_tax_nmarried_disab_a_01_07_2022_5685,not_married_pt,TRUE,a,2022-07-01,,,,,,,,,,5685,19.1,18.3,17.9,16.7,15.6,15.3
income_tax_nmarried_disab_a_01_07_2022_6119,not_married_pt,TRUE,a,2022-07-01,,,,,,,,,,6119,20.2,19.3,18.9,17.8,16.7,16.2
income_tax_nmarried_disab_a_01_07_2022_6829,not_married_pt,TRUE,a,2022-07-01,,,,,,,,,,6829,20.8,20.1,19.8,18.9,17.9,17.6
income_tax_nmarried_disab_a_01_07_2022_7302,not_married_pt,TRUE,a,2022-07-01,,,,,,,,,,7302,21.5,20.9,20.5,19.5,18.6,18.3
income_tax_nmarried_disab_a_01_07_2022_7888,not_married_pt,TRUE,a,2022-07-01,,,,,,,,,,7888,22.2,21.6,21.3,20.2,20,19
income_tax_nmarried_disab_a_01_07_2022_8577,not_married_pt,TRUE,a,2022-07-01,,,,,,,,,,8577,22.8,22.3,22,21,20.3,19.7
income_tax_nmarried_disab_a_01_07_2022_9368,not_married_pt,TRUE,a,2022-07-01,,,,,,,,,,9368,23.5,22.9,22.6,21.7,20.7,20.4
income_tax_nmarried_disab_a_01_07_2022_10109,not_married_pt,TRUE,a,2022-07-01,,,,,,,,,,10109,24.6,23.9,23.7,22.7,22.4,21.5
income_tax_nmarried_disab_a_01_07_2022_12648,not_married_pt,TRUE,a,2022-07-01,,,,,,,,,,12648,25.3,24.6,24.4,23.4,23.1,22.2
income_tax_nmarried_disab_a_01_07_2022_9999999999,not_married_pt,TRUE,a,2022-07-01,,,,,,,,,,9999999999,25.9,25.3,25.1,24.1,23.8,22.8
income_tax_moneholder_disab_a_01_07_2022_1665,married_one_holder_pt,TRUE,a,2022-07-01,,,,,,,,,,1665,0,0,0,0,0,0
income_tax_moneholder_disab_a_01_07_2022_1769,married_one_holder_pt,TRUE,a,2022-07-01,,,,,,,,,,1769,0.5,0,0,0,0,0
income_tax_moneholder_disab_a_01_07_2022_1923,married_one_holder_pt,TRUE,a,2022-07-01,,,,,,,,,,1923,2.6,0.7,0.1,0,0,0
income_tax_moneholder_disab_a_01_07_2022_1990,married_one_holder_pt,TRUE,a,2022-07-01,,,,,,,,,,1990,3.3,2.1,1.5,0.3,0,0
income_tax_moneholder_disab_a_01_07_2022_2364,married_one_holder_pt,TRUE,a,2022-07-01,,,,,,,,,,2364,4,3.5,2.2,1,0,0
income_tax_moneholder_disab_a_01_07_2022_2543,married_one_holder_pt,TRUE,a,2022-07-01,,,,,,,,,,2543,4.6,4.2,2.9,1.7,0.4,0
income_tax_moneholder_disab_a_01_07_2022_2792,married_one_holder_pt,TRUE,a,2022-07-01,,,,,,,,,,2792,6,5.5,4.3,3.1,2.5,1.3
income_tax_moneholder_disab_a_01_07_2022_2998,married_one_holder_pt,TRUE,a,2022-07-01,,,,,,,,,,2998,6.7,6.2,5,3.8,3.2,2
income_tax_moneholder_disab_a_01_07_2022_3215,married_one_holder_pt,TRUE,a,2022-07-01,,,,,,,,,,3215,7.7,7.2,6,4.8,4.3,3
income_tax_moneholder_disab_a_01_07_2022_3387,married_one_holder_pt,TRUE,a,2022-07-01,,,,,,,,,,3387,8.5,8.3,7.4,6.4,6.1,5.8
income_tax_moneholder_disab_a_01_07_2022_3545,married_one_holder_pt,TRUE,a,2022-07-01,,,,,,,,,,3545,9.5,9.5,8.4,7.4,7.1,6.9
income_tax_moneholder_disab_a_01_07_2022_3649,married_one_holder_pt,TRUE,a,2022-07-01,,,,,,,,,,3649,10.2,10.2,9.9,8.1,7.8,7.6
income_tax_moneholder_disab_a_01_07_2022_3861,married_one_holder_pt,TRUE,a,2022-07-01,,,,,,,,,,3861,10.9,10.9,10.6,8.9,8.5,8.3
income_tax_moneholder_disab_a_01_07_2022_3969,married_one_holder_pt,TRUE,a,2022-07-01,,,,,,,,,,3969,11.6,11.6,11.3,9.6,9.3,8.9
income_tax_moneholder_disab_a_01_07_2022_4290,married_one_holder_pt,TRUE,a,2022-07-01,,,,,,,,,,4290,12.3,12.2,12,10.3,10,9.7
income_tax_moneholder_disab_a_01_07_2022_4497,married_one_holder_pt,TRUE,a,2022-07-01,,,,,,,,,,4497,13,12.9,12.6,11,10.7,10.4
income_tax_moneholder_disab_a_01_07_2022_4936,married_one_holder_pt,TRUE,a,2022-07-01,,,,,,,,,,4936,13.7,13.6,13.3,11.7,11.4,11.1
income_tax_moneholder_disab_a_01_07_2022_5364,married_one_holder_pt,TRUE,a,2022-07-01,,,,,,,,,,5364,14.4,14.3,14,12.3,12,11.8
income_tax_moneholder_disab_a_01_07_2022_5576,married_one_holder_pt,TRUE,a,2022-07-01,,,,,,,,,,5576,15.1,15,14.7,13.7,12.7,12.5
income_tax_moneholder_disab_a_01_07_2022_6015,married_one_holder_pt,TRUE,a,2022-07-01,,,,,,,,,,6015,15.7,15.6,15.4,14.4,13.4,13.2
income_tax_moneholder_disab_a_01_07_2022_6331,married_one_holder_pt,TRUE,a,2022-07-01,,,,,,,,,,6331,16.4,16.3,16,15.1,14.1,13.9
income_tax_moneholder_disab_a_01_07_2022_6920,married_one_holder_pt,TRUE,a,2022-07-01,,,,,,,,,,6920,17.3,17.2,17.2,16.2,15.4,15.3
income_tax_moneholder_disab_a_01_07_2022_7452,married_one_holder_pt,TRUE,a,2022-07-01,,,,,,,,,,7452,18,17.9,17.9,17,16.7,15.9
income_tax_moneholder_disab_a_01_07_2022_8299,married_one_holder_pt,TRUE,a,2022-07-01,,,,,,,,,,8299,18.7,18.6,18.6,17.7,17.6,16.6
income_tax_moneholder_disab_a_01_07_2022_9261,married_one_holder_pt,TRUE,a,2022-07-01,,,,,,,,,,9261,19.3,19.3,19.2,18.4,18.3,17.4
income_tax_moneholder_disab_a_01_07_2022_10325,married_one_holder_pt,TRUE,a,2022-07-01,,,,,,,,,,10325,20.4,20.3,20.2,19.4,19.3,18.5
income_tax_moneholder_disab_a_01_07_2022_11389,married_one_holder_pt,TRUE,a,2022-07-01,,,,,,,,,,11389,21,20.9,20.9,20.1,20,19.1
income_tax_moneholder_disab_a_01_07_2022_13126,married_one_holder_pt,TRUE,a,2022-07-01,,,,,,,,,,13126,22.1,22,21.9,21.1,20.9,20.2
income_tax_moneholder_disab_a_01_07_2022_9999999999,married_one_holder_pt,TRUE,a,2022-07-01,,,,,,,,,,9999999999,22.7,22.6,22.5,21.8,21.6,20.8
income_tax_mtwoholders_disab_a_01_07_2022_1322,married_two_holders_pt,TRUE,a,2022-07-01,,,,,,,,,,1322,0,0,0,0,0,0
income_tax_mtwoholders_disab_a_01_07_2022_1427,married_two_holders_pt,TRUE,a,2022-07-01,,,,,,,,,,1427,0.8,0,0,0,0,0
income_tax_mtwoholders_disab_a_01_07_2022_1469,married_two_holders_pt,TRUE,a,2022-07-01,,,,,,,,,,1469,2.5,2,0,0,0,0
income_tax_mtwoholders_disab_a_01_07_2022_1654,married_two_holders_pt,TRUE,a,2022-07-01,,,,,,,,,,1654,3.2,2.7,1.3,0,0,0
income_tax_mtwoholders_disab_a_01_07_2022_1974,married_two_holders_pt,TRUE,a,2022-07-01,,,,,,,,,,1974,4.6,4.1,2.9,1.6,1.1,0
income_tax_mtwoholders_disab_a_01_07_2022_2098,married_two_holders_pt,TRUE,a,2022-07-01,,,,,,,,,,2098,5.6,5.2,3.9,2.7,2.1,1.5
income_tax_mtwoholders_disab_a_01_07_2022_2233,married_two_holders_pt,TRUE,a,2022-07-01,,,,,,,,,,2233,6.9,5.8,5.3,4,2.8,2.2
income_tax_mtwoholders_disab_a_01_07_2022_2335,married_two_holders_pt,TRUE,a,2022-07-01,,,,,,,,,,2335,8.6,7.5,6.3,5.1,4.5,3.9
income_tax_mtwoholders_disab_a_01_07_2022_2502,married_two_holders_pt,TRUE,a,2022-07-01,,,,,,,,,,2502,10,8.8,7.6,6.4,5.2,4.6
income_tax_mtwoholders_disab_a_01_07_2022_2585,married_two_holders_pt,TRUE,a,2022-07-01,,,,,,,,,,2585,10.6,9.5,9,7.8,6.6,6
income_tax_mtwoholders_disab_a_01_07_2022_2687,married_two_holders_pt,TRUE,a,2022-07-01,,,,,,,,,,2687,11.4,10.2,9.7,8.5,7.3,6.7
income_tax_mtwoholders_disab_a_01_07_2022_2956,married_two_holders_pt,TRUE,a,2022-07-01,,,,,,,,,,2956,12,10.9,10.4,9.2,8,7.4
income_tax_mtwoholders_disab_a_01_07_2022_3277,married_two_holders_pt,TRUE,a,2022-07-01,,,,,,,,,,3277,12.8,12,11.7,10.7,9.8,9.5
income_tax_mtwoholders_disab_a_01_07_2022_3618,married_two_holders_pt,TRUE,a,2022-07-01,,,,,,,,,,3618,13.7,12.7,12.5,11.6,10.6,10.3
income_tax_mtwoholders_disab_a_01_07_2022_3752,married_two_holders_pt,TRUE,a,2022-07-01,,,,,,,,,,3752,14.4,13.6,13.2,12.2,12,11
income_tax_mtwoholders_disab_a_01_07_2022_3969,married_two_holders_pt,TRUE,a,2022-07-01,,,,,,,,,,3969,15.1,14.3,14,12.9,12.6,11.7
income_tax_mtwoholders_disab_a_01_07_2022_4393,married_two_holders_pt,TRUE,a,2022-07-01,,,,,,,,,,4393,16,15.3,15.1,14.1,13.7,12.7
income_tax_mtwoholders_disab_a_01_07_2022_4662,married_two_holders_pt,TRUE,a,2022-07-01,,,,,,,,,,4662,16.7,16,15.7,14.8,14.5,14.1
income_tax_mtwoholders_disab_a_01_07_2022_4961,married_two_holders_pt,TRUE,a,2022-07-01,,,,,,,,,,4961,17.4,16.7,16.4,15.5,15.2,14.9
income_tax_mtwoholders_disab_a_01_07_2022_5251,married_two_holders_pt,TRUE,a,2022-07-01,,,,,,,,,,5251,18.1,17.4,17.1,16.1,15.8,15.5
income_tax_mtwoholders_disab_a_01_07_2022_5685,married_two_holders_pt,TRUE,a,2022-07-01,,,,,,,,,,5685,18.8,18.1,17.8,16.8,16.5,16.2
income_tax_mtwoholders_disab_a_01_07_2022_6119,married_two_holders_pt,TRUE,a,2022-07-01,,,,,,,,,,6119,19.8,19,18.8,17.9,17.6,17.3
income_tax_mtwoholders_disab_a_01_07_2022_6829,married_two_holders_pt,TRUE,a,2022-07-01,,,,,,,,,,6829,20.8,20.2,20.1,19.3,19.1,19
income_tax_mtwoholders_disab_a_01_07_2022_7302,married_two_holders_pt,TRUE,a,2022-07-01,,,,,,,,,,7302,21.5,21,20.7,20,19.8,19.7
income_tax_mtwoholders_disab_a_01_07_2022_7888,married_two_holders_pt,TRUE,a,2022-07-01,,,,,,,,,,7888,22.2,21.7,21.6,20.6,20.5,20.4
income_tax_mtwoholders_disab_a_01_07_2022_8577,married_two_holders_pt,TRUE,a,2022-07-01,,,,,,,,,,8577,22.8,22.3,22.3,21.4,21.1,21
income_tax_mtwoholders_disab_a_01_07_2022_9368,married_two_holders_pt,TRUE,a,2022-07-01,,,,,,,,,,9368,23.5,23,22.9,22.1,22,21.7
income_tax_mtwoholders_disab_a_01_07_2022_10109,married_two_holders_pt,TRUE,a,2022-07-01,,,,,,,,,,10109,24.6,24.1,23.9,23.1,23,22.8
income_tax_mtwoholders_disab_a_01_07_2022_12648,married_two_holders_pt,TRUE,a,2022-07-01,,,,,,,,,,12648,25.3,24.8,24.6,23.8,23.7,23.5
income_tax_mtwoholders_disab_a_01_07_2022_9999999999,married_two_holders_pt,TRUE,a,2022-07-01,,,,,,,,,,9999999999,25.9,25.5,25.3,24.5,24.4,24.2
income_tax_nmarried_ndisab_m_01_07_2022_725,not_married_pt,FALSE,m,2022-07-01,,,,,,,,,,725,0,0,0,0,0,0
income_tax_nmarried_ndisab_m_01_07_2022_740,not_married_pt,FALSE,m,2022-07-01,,,,,,,,,,740,3.2,0.4,0,0,0,0
income_tax_nmarried_ndisab_m_01_07_2022_760,not_married_pt,FALSE,m,2022-07-01,,,,,,,,,,760,3.5,0.6,0,0,0,0
income_tax_nmarried_ndisab_m_01_07_2022_822,not_married_pt,FALSE,m,2022-07-01,,,,,,,,,,822,5.5,3.2,0.7,0,0,0
income_tax_nmarried_ndisab_m_01_07_2022_931,not_married_pt,FALSE,m,2022-07-01,,,,,,,,,,931,7.1,4.7,2.5,0,0,0
income_tax_nmarried_ndisab_m_01_07_2022_1015,not_married_pt,FALSE,m,2022-07-01,,,,,,,,,,1015,7.9,5.5,4,1,0,0
income_tax_nmarried_ndisab_m_01_07_2022_1075,not_married_pt,FALSE,m,2022-07-01,,,,,,,,,,1075,9.2,6.7,4.9,2.5,0,0
income_tax_nmarried_ndisab_m_01_07_2022_1154,not_married_pt,FALSE,m,2022-07-01,,,,,,,,,,1154,9.9,8.1,6.3,3.9,2.1,0.2
income_tax_nmarried_ndisab_m_01_07_2022_1237,not_married_pt,FALSE,m,2022-07-01,,,,,,,,,,1237,10.7,9,7.1,4.6,2.7,0.9
income_tax_nmarried_ndisab_m_01_07_2022_1333,not_married_pt,FALSE,m,2022-07-01,,,,,,,,,,1333,11.5,9.7,8,5.3,3.5,1.7
income_tax_nmarried_ndisab_m_01_07_2022_1437,not_married_pt,FALSE,m,2022-07-01,,,,,,,,,,1437,12.3,10.5,8.7,6.1,4.9,3
income_tax_nmarried_ndisab_m_01_07_2022_1577,not_married_pt,FALSE,m,2022-07-01,,,,,,,,,,1577,13.1,11.2,9.3,7.6,5.7,3.8
income_tax_nmarried_ndisab_m_01_07_2022_1727,not_married_pt,FALSE,m,2022-07-01,,,,,,,,,,1727,14.1,12.4,11.2,8.7,6.8,4.9
income_tax_nmarried_ndisab_m_01_07_2022_1887,not_married_pt,FALSE,m,2022-07-01,,,,,,,,,,1887,15.6,14.3,13.6,11.4,9.8,9.2
income_tax_nmarried_ndisab_m_01_07_2022_1995,not_married_pt,FALSE,m,2022-07-01,,,,,,,,,,1995,16.4,15.1,14.3,12.1,11.4,9.8
income_tax_nmarried_ndisab_m_01_07_2022_2109,not_married_pt,FALSE,m,2022-07-01,,,,,,,,,,2109,18.3,16.9,16,13.7,13,11.3
income_tax_nmarried_ndisab_m_01_07_2022_2238,not_married_pt,FALSE,m,2022-07-01,,,,,,,,,,2238,19.1,17.8,17,14.6,13.8,12.1
income_tax_nmarried_ndisab_m_01_07_2022_2389,not_married_pt,FALSE,m,2022-07-01,,,,,,,,,,2389,19.9,18.6,17.8,15.5,14.7,13
income_tax_nmarried_ndisab_m_01_07_2022_2558,not_married_pt,FALSE,m,2022-07-01,,,,,,,,,,2558,20.7,20.2,18.6,17,15.5,14.7
income_tax_nmarried_ndisab_m_01_07_2022_2792,not_married_pt,FALSE,m,2022-07-01,,,,,,,,,,2792,21.6,21,19.5,17.9,16.2,15.5
income_tax_nmarried_ndisab_m_01_07_2022_3132,not_married_pt,FALSE,m,2022-07-01,,,,,,,,,,3132,24.9,24.4,22.6,20.8,19,18.1
income_tax_nmarried_ndisab_m_01_07_2022_3566,not_married_pt,FALSE,m,2022-07-01,,,,,,,,,,3566,26.4,26.1,24.7,23.3,22.7,21.2
income_tax_nmarried_ndisab_m_01_07_2022_4156,not_married_pt,FALSE,m,2022-07-01,,,,,,,,,,4156,27.4,27.2,25.6,24.2,23.6,23.1
income_tax_nmarried_ndisab_m_01_07_2022_4692,not_married_pt,FALSE,m,2022-07-01,,,,,,,,,,4692,29,28.6,27.1,25.5,24.9,24.5
income_tax_nmarried_ndisab_m_01_07_2022_5241,not_married_pt,FALSE,m,2022-07-01,,,,,,,,,,5241,29.8,29.3,28.9,26.7,25.8,25.3
income_tax_nmarried_ndisab_m_01_07_2022_5933,not_married_pt,FALSE,m,2022-07-01,,,,,,,,,,5933,30.7,30.3,29.7,27.5,27,26.2
income_tax_nmarried_ndisab_m_01_07_2022_6788,not_married_pt,FALSE,m,2022-07-01,,,,,,,,,,6788,34.9,34.6,33.8,31.9,31.5,31.2
income_tax_nmarried_ndisab_m_01_07_2022_8011,not_married_pt,FALSE,m,2022-07-01,,,,,,,,,,8011,35.9,35.5,35.1,33.9,32.5,32.1
income_tax_nmarried_ndisab_m_01_07_2022_9647,not_married_pt,FALSE,m,2022-07-01,,,,,,,,,,9647,37.8,37.4,37,35.8,35.4,34.1
income_tax_nmarried_ndisab_m_01_07_2022_11384,not_married_pt,FALSE,m,2022-07-01,,,,,,,,,,11384,38.8,38.4,38,37.1,36.3,35
income_tax_nmarried_ndisab_m_01_07_2022_19024,not_married_pt,FALSE,m,2022-07-01,,,,,,,,,,19024,39.8,39.4,39,38.1,37.7,36
income_tax_nmarried_ndisab_m_01_07_2022_20403,not_married_pt,FALSE,m,2022-07-01,,,,,,,,,,20403,40.8,40.4,40,39.1,38.7,36.9
income_tax_nmarried_ndisab_m_01_07_2022_22954,not_married_pt,FALSE,m,2022-07-01,,,,,,,,,,22954,41.5,41.3,41,40.1,39.7,38.1
income_tax_nmarried_ndisab_m_01_07_2022_25504,not_married_pt,FALSE,m,2022-07-01,,,,,,,,,,25504,42.5,42.3,41.9,41,40.7,39.3
income_tax_nmarried_ndisab_m_01_07_2022_9999999999,not_married_pt,FALSE,m,2022-07-01,,,,,,,,,,9999999999,43.4,43.2,42.9,42,41.6,40.3
income_tax_moneholder_ndisab_m_01_07_2022_725,married_one_holder_pt,FALSE,m,2022-07-01,,,,,,,,,,725,0,0,0,0,0,0
income_tax_moneholder_ndisab_m_01_07_2022_761,married_one_holder_pt,FALSE,m,2022-07-01,,,,,,,,,,761,2.3,0,0,0,0,0
income_tax_moneholder_ndisab_m_01_07_2022_802,married_one_holder_pt,FALSE,m,2022-07-01,,,,,,,,,,802,3.3,0.6,0,0,0,0
income_tax_moneholder_ndisab_m_01_07_2022_844,married_one_holder_pt,FALSE,m,2022-07-01,,,,,,,,,,844,3.9,1.3,0.6,0,0,0
income_tax_moneholder_ndisab_m_01_07_2022_894,married_one_holder_pt,FALSE,m,2022-07-01,,,,,,,,,,894,4.6,2.6,0.8,0,0,0
income_tax_moneholder_ndisab_m_01_07_2022_983,married_one_holder_pt,FALSE,m,2022-07-01,,,,,,,,,,983,5.1,3.2,2,0,0,0
income_tax_moneholder_ndisab_m_01_07_2022_1091,married_one_holder_pt,FALSE,m,2022-07-01,,,,,,,,,,1091,6.2,4.2,2.8,0.8,0,0
income_tax_moneholder_ndisab_m_01_07_2022_1237,married_one_holder_pt,FALSE,m,2022-07-01,,,,,,,,,,1237,7,5.2,3.6,1.5,0,0
income_tax_moneholder_ndisab_m_01_07_2022_1417,married_one_holder_pt,FALSE,m,2022-07-01,,,,,,,,,,1417,8.1,6.8,5.4,3.3,2,1.3
income_tax_moneholder_ndisab_m_01_07_2022_1644,married_one_holder_pt,FALSE,m,2022-07-01,,,,,,,,,,1644,8.9,7.6,6.2,4.8,3.4,2.1
income_tax_moneholder_ndisab_m_01_07_2022_1749,married_one_holder_pt,FALSE,m,2022-07-01,,,,,,,,,,1749,9.9,8.7,8,5.8,4.5,3.9
income_tax_moneholder_ndisab_m_01_07_2022_1866,married_one_holder_pt,FALSE,m,2022-07-01,,,,,,,,,,1866,11,9.7,9.2,7.1,5.7,5.1
income_tax_moneholder_ndisab_m_01_07_2022_2016,married_one_holder_pt,FALSE,m,2022-07-01,,,,,,,,,,2016,11.8,10.4,9.8,7.8,7.2,5.8
income_tax_moneholder_ndisab_m_01_07_2022_2177,married_one_holder_pt,FALSE,m,2022-07-01,,,,,,,,,,2177,13.4,12,11.3,9.1,8.5,7.1
income_tax_moneholder_ndisab_m_01_07_2022_2369,married_one_holder_pt,FALSE,m,2022-07-01,,,,,,,,,,2369,14.2,13.6,12.2,9.9,9.3,7.9
income_tax_moneholder_ndisab_m_01_07_2022_2590,married_one_holder_pt,FALSE,m,2022-07-01,,,,,,,,,,2590,14.9,14.4,13,11.5,10.1,9.5
income_tax_moneholder_ndisab_m_01_07_2022_2961,married_one_holder_pt,FALSE,m,2022-07-01,,,,,,,,,,2961,15.8,15.2,13.9,12.4,10.9,10.3
income_tax_moneholder_ndisab_m_01_07_2022_3387,married_one_holder_pt,FALSE,m,2022-07-01,,,,,,,,,,3387,19.8,19.8,18.3,17,15.8,15.4
income_tax_moneholder_ndisab_m_01_07_2022_3644,married_one_holder_pt,FALSE,m,2022-07-01,,,,,,,,,,3644,20.7,20.6,19.4,17.9,17.5,16.2
income_tax_moneholder_ndisab_m_01_07_2022_3917,married_one_holder_pt,FALSE,m,2022-07-01,,,,,,,,,,3917,21.6,21.5,20.3,19,18.5,17.2
income_tax_moneholder_ndisab_m_01_07_2022_4248,married_one_holder_pt,FALSE,m,2022-07-01,,,,,,,,,,4248,22.5,22.4,21.1,19.9,19.6,19
income_tax_moneholder_ndisab_m_01_07_2022_4646,married_one_holder_pt,FALSE,m,2022-07-01,,,,,,,,,,4646,23.9,23.4,22.1,20.8,20.4,20.1
income_tax_moneholder_ndisab_m_01_07_2022_5122,married_one_holder_pt,FALSE,m,2022-07-01,,,,,,,,,,5122,24.8,24.3,23.9,21.7,21.3,21
income_tax_moneholder_ndisab_m_01_07_2022_5705,married_one_holder_pt,FALSE,m,2022-07-01,,,,,,,,,,5705,25.7,25.1,24.8,22.6,22.2,21.9
income_tax_moneholder_ndisab_m_01_07_2022_6439,married_one_holder_pt,FALSE,m,2022-07-01,,,,,,,,,,6439,26.6,26,25.7,23.5,23.2,22.8
income_tax_moneholder_ndisab_m_01_07_2022_7389,married_one_holder_pt,FALSE,m,2022-07-01,,,,,,,,,,7389,29.4,29.3,28.9,26.7,26.6,26.4
income_tax_moneholder_ndisab_m_01_07_2022_8517,married_one_holder_pt,FALSE,m,2022-07-01,,,,,,,,,,8517,30.4,30.3,30.1,28.7,27.5,27.3
income_tax_moneholder_ndisab_m_01_07_2022_9421,married_one_holder_pt,FALSE,m,2022-07-01,,,,,,,,,,9421,31.8,31.7,31.6,30.4,29,28.8
income_tax_moneholder_ndisab_m_01_07_2022_10543,married_one_holder_pt,FALSE,m,2022-07-01,,,,,,,,,,10543,32.8,32.7,32.5,31.4,31.2,29.7
income_tax_moneholder_ndisab_m_01_07_2022_14140,married_one_holder_pt,FALSE,m,2022-07-01,,,,,,,,,,14140,34.1,34,33.5,32.3,32.1,31
income_tax_moneholder_ndisab_m_01_07_2022_20300,married_one_holder_pt,FALSE,m,2022-07-01,,,,,,,,,,20300,36,35.9,35.8,34.7,34.6,33.4
income_tax_moneholder_ndisab_m_01_07_2022_22954,married_one_holder_pt,FALSE,m,2022-07-01,,,,,,,,,,22954,36.9,36.8,36.7,36.1,35.5,34.4
income_tax_moneholder_ndisab_m_01_07_2022_25504,married_one_holder_pt,FALSE,m,2022-07-01,,,,,,,,,,25504,37.9,37.8,37.7,37,36.8,35.3
income_tax_moneholder_ndisab_m_01_07_2022_28564,married_one_holder_pt,FALSE,m,2022-07-01,,,,,,,,,,28564,38.9,38.8,38.7,38,37.8,36.6
income_tax_moneholder_ndisab_m_01_07_2022_9999999999,married_one_holder_pt,FALSE,m,2022-07-01,,,,,,,,,,9999999999,39.9,39.8,39.7,39,38.8,37.6
income_tax_mtwoholders_ndisab_m_01_07_2022_725,married_two_holders_pt,FALSE,m,2022-07-01,,,,,,,,,,725,0,0,0,0,0,0
income_tax_mtwoholders_ndisab_m_01_07_2022_740,married_two_holders_pt,FALSE,m,2022-07-01,,,,,,,,,,740,3.2,2.4,0.4,0,0,0
income_tax_mtwoholders_ndisab_m_01_07_2022_760,married_two_holders_pt,FALSE,m,2022-07-01,,,,,,,,,,760,3.5,2.6,0.7,0,0,0
income_tax_mtwoholders_ndisab_m_01_07_2022_822,married_two_holders_pt,FALSE,m,2022-07-01,,,,,,,,,,822,5.5,3.6,2.4,1.8,0.4,0
income_tax_mtwoholders_ndisab_m_01_07_2022_931,married_two_holders_pt,FALSE,m,2022-07-01,,,,,,,,,,931,7.1,5.1,4.6,2.7,2.2,0.8
income_tax_mtwoholders_ndisab_m_01_07_2022_1015,married_two_holders_pt,FALSE,m,2022-07-01,,,,,,,,,,1015,7.9,6,5.5,3.6,3.1,2.2
income_tax_mtwoholders_ndisab_m_01_07_2022_1075,married_two_holders_pt,FALSE,m,2022-07-01,,,,,,,,,,1075,9.2,7.2,6.5,4.6,3.6,3
income_tax_mtwoholders_ndisab_m_01_07_2022_1154,married_two_holders_pt,FALSE,m,2022-07-01,,,,,,,,,,1154,9.9,8.7,8,6,5.4,4
income_tax_mtwoholders_ndisab_m_01_07_2022_1237,married_two_holders_pt,FALSE,m,2022-07-01,,,,,,,,,,1237,10.7,9.4,8.7,6.8,6.1,4.8
income_tax_mtwoholders_ndisab_m_01_07_2022_1333,married_two_holders_pt,FALSE,m,2022-07-01,,,,,,,,,,1333,11.5,10.9,9.6,8.1,6.8,6.2
income_tax_mtwoholders_ndisab_m_01_07_2022_1437,married_two_holders_pt,FALSE,m,2022-07-01,,,,,,,,,,1437,12.2,11.6,10.3,9,7.6,7
income_tax_mtwoholders_ndisab_m_01_07_2022_1577,married_two_holders_pt,FALSE,m,2022-07-01,,,,,,,,,,1577,13,12.5,11.1,9.7,8.4,7.7
income_tax_mtwoholders_ndisab_m_01_07_2022_1727,married_two_holders_pt,FALSE,m,2022-07-01,,,,,,,,,,1727,14,13.4,12.2,10.9,10.2,8.9
income_tax_mtwoholders_ndisab_m_01_07_2022_1887,married_two_holders_pt,FALSE,m,2022-07-01,,,,,,,,,,1887,15.6,15.1,13.8,12.5,11.9,10.6
income_tax_mtwoholders_ndisab_m_01_07_2022_1995,married_two_holders_pt,FALSE,m,2022-07-01,,,,,,,,,,1995,16.4,16,14.5,13.2,12.6,11.4
income_tax_mtwoholders_ndisab_m_01_07_2022_2109,married_two_holders_pt,FALSE,m,2022-07-01,,,,,,,,,,2109,18.3,17.9,16.4,14.8,14.2,13.6
income_tax_mtwoholders_ndisab_m_01_07_2022_2238,married_two_holders_pt,FALSE,m,2022-07-01,,,,,,,,,,2238,19.1,18.6,17.3,15.8,15,14.5
income_tax_mtwoholders_ndisab_m_01_07_2022_2389,married_two_holders_pt,FALSE,m,2022-07-01,,,,,,,,,,2389,19.9,19.6,18.9,16.6,16,15.2
income_tax_mtwoholders_ndisab_m_01_07_2022_2558,married_two_holders_pt,FALSE,m,2022-07-01,,,,,,,,,,2558,20.7,20.4,19.7,17.6,16.9,16.2
income_tax_mtwoholders_ndisab_m_01_07_2022_2792,married_two_holders_pt,FALSE,m,2022-07-01,,,,,,,,,,2792,21.5,21.1,20.6,18.3,17.7,17
income_tax_mtwoholders_ndisab_m_01_07_2022_3132,married_two_holders_pt,FALSE,m,2022-07-01,,,,,,,,,,3132,24.8,24.5,23.7,21.3,20.6,19.9
income_tax_mtwoholders_ndisab_m_01_07_2022_3566,married_two_holders_pt,FALSE,m,2022-07-01,,,,,,,,,,3566,26.3,26.2,25.8,23.7,23.4,23
income_tax_mtwoholders_ndisab_m_01_07_2022_4156,married_two_holders_pt,FALSE,m,2022-07-01,,,,,,,,,,4156,27.3,27.2,26.8,25.5,24.3,23.9
income_tax_mtwoholders_ndisab_m_01_07_2022_4692,married_two_holders_pt,FALSE,m,2022-07-01,,,,,,,,,,4692,29,28.7,28.3,26.8,25.6,25.2
income_tax_mtwoholders_ndisab_m_01_07_2022_5241,married_two_holders_pt,FALSE,m,2022-07-01,,,,,,,,,,5241,29.8,29.5,29.2,28,27.3,26.1
income_tax_mtwoholders_ndisab_m_01_07_2022_5933,married_two_holders_pt,FALSE,m,2022-07-01,,,,,,,,,,5933,30.7,30.5,30.1,28.9,28.5,27
income_tax_mtwoholders_ndisab_m_01_07_2022_6788,married_two_holders_pt,FALSE,m,2022-07-01,,,,,,,,,,6788,34.8,34.7,34.2,33.5,33.3,33.1
income_tax_mtwoholders_ndisab_m_01_07_2022_8011,married_two_holders_pt,FALSE,m,2022-07-01,,,,,,,,,,8011,35.8,35.6,35.4,34.4,34.3,34.1
income_tax_mtwoholders_ndisab_m_01_07_2022_9647,married_two_holders_pt,FALSE,m,2022-07-01,,,,,,,,,,9647,37.7,37.5,37.3,36.2,36,35.9
income_tax_mtwoholders_ndisab_m_01_07_2022_11384,married_two_holders_pt,FALSE,m,2022-07-01,,,,,,,,,,11384,38.7,38.5,38.3,37.6,37,36.8
income_tax_mtwoholders_ndisab_m_01_07_2022_19024,married_two_holders_pt,FALSE,m,2022-07-01,,,,,,,,,,19024,39.7,39.5,39.3,38.6,38.4,37.8
income_tax_mtwoholders_ndisab_m_01_07_2022_20403,married_two_holders_pt,FALSE,m,2022-07-01,,,,,,,,,,20403,40.7,40.5,40.3,39.6,39.4,38.8
income_tax_mtwoholders_ndisab_m_01_07_2022_22954,married_two_holders_pt,FALSE,m,2022-07-01,,,,,,,,,,22954,41.4,41.3,41.2,40.6,40.4,40
income_tax_mtwoholders_ndisab_m_01_07_2022_25504,married_two_holders_pt,FALSE,m,2022-07-01,,,,,,,,,,25504,42.4,42.3,42.2,41.5,41.3,41.1
income_tax_mtwoholders_ndisab_m_01_07_2022_9999999999,married_two_holders_pt,FALSE,m,2022-07-01,,,,,,,,,,9999999999,43.4,43.3,43.2,42.5,42.3,42.1
income_tax_nmarried_disab_m_01_07_2022_1322,not_married_pt,TRUE,m,2022-07-01,,,,,,,,,,1322,0,0,0,0,0,0
income_tax_nmarried_disab_m_01_07_2022_1427,not_married_pt,TRUE,m,2022-07-01,,,,,,,,,,1427,0.9,0,0,0,0,0
income_tax_nmarried_disab_m_01_07_2022_1469,not_married_pt,TRUE,m,2022-07-01,,,,,,,,,,1469,3.1,0.5,0,0,0,0
income_tax_nmarried_disab_m_01_07_2022_1654,not_married_pt,TRUE,m,2022-07-01,,,,,,,,,,1654,3.9,2,0,0,0,0
income_tax_nmarried_disab_m_01_07_2022_1974,not_married_pt,TRUE,m,2022-07-01,,,,,,,,,,1974,5.2,3.7,2.9,0.2,0,0
income_tax_nmarried_disab_m_01_07_2022_2098,not_married_pt,TRUE,m,2022-07-01,,,,,,,,,,2098,6.3,4.9,4.1,1.7,0.9,0
income_tax_nmarried_disab_m_01_07_2022_2233,not_married_pt,TRUE,m,2022-07-01,,,,,,,,,,2233,7.8,5.6,4.9,3.3,1.7,0.9
income_tax_nmarried_disab_m_01_07_2022_2335,not_married_pt,TRUE,m,2022-07-01,,,,,,,,,,2335,10.3,7.9,6.4,4.8,3.1,2.3
income_tax_nmarried_disab_m_01_07_2022_2502,not_married_pt,TRUE,m,2022-07-01,,,,,,,,,,2502,12,9.6,8,6.4,4.8,3.1
income_tax_nmarried_disab_m_01_07_2022_2585,not_married_pt,TRUE,m,2022-07-01,,,,,,,,,,2585,12.7,11.2,9.6,8,5.6,4.8
income_tax_nmarried_disab_m_01_07_2022_2687,not_married_pt,TRUE,m,2022-07-01,,,,,,,,,,2687,13.6,12,10.4,8.9,7.2,6.4
income_tax_nmarried_disab_m_01_07_2022_2956,not_married_pt,TRUE,m,2022-07-01,,,,,,,,,,2956,14.4,12.9,11.2,9.7,8.9,8
income_tax_nmarried_disab_m_01_07_2022_3277,not_married_pt,TRUE,m,2022-07-01,,,,,,,,,,3277,16.9,15.6,14.1,12.7,12.2,11.6
income_tax_nmarried_disab_m_01_07_2022_3618,not_married_pt,TRUE,m,2022-07-01,,,,,,,,,,3618,18,16.6,15.2,13.8,13.2,12.6
income_tax_nmarried_disab_m_01_07_2022_3752,not_married_pt,TRUE,m,2022-07-01,,,,,,,,,,3752,18.9,17.7,17,14.7,14.1,13.6
income_tax_nmarried_disab_m_01_07_2022_3969,not_married_pt,TRUE,m,2022-07-01,,,,,,,,,,3969,19.8,18.6,18.1,15.6,15,14.5
income_tax_nmarried_disab_m_01_07_2022_4393,not_married_pt,TRUE,m,2022-07-01,,,,,,,,,,4393,21.6,20.4,19.9,17.5,16.8,16.2
income_tax_nmarried_disab_m_01_07_2022_4662,not_married_pt,TRUE,m,2022-07-01,,,,,,,,,,4662,22.5,21.3,20.8,18.5,17.9,17.2
income_tax_nmarried_disab_m_01_07_2022_4961,not_married_pt,TRUE,m,2022-07-01,,,,,,,,,,4961,23.4,22.2,21.7,19.4,18.8,18.3
income_tax_nmarried_disab_m_01_07_2022_5251,not_married_pt,TRUE,m,2022-07-01,,,,,,,,,,5251,24.4,23.2,22.6,20.3,19.8,19.2
income_tax_nmarried_disab_m_01_07_2022_5685,not_married_pt,TRUE,m,2022-07-01,,,,,,,,,,5685,25.2,24.1,23.5,22.1,20.6,20.1
income_tax_nmarried_disab_m_01_07_2022_6119,not_married_pt,TRUE,m,2022-07-01,,,,,,,,,,6119,26.6,25.4,24.9,23.4,22,21.4
income_tax_nmarried_disab_m_01_07_2022_6829,not_married_pt,TRUE,m,2022-07-01,,,,,,,,,,6829,29.4,28.4,28,26.7,25.3,24.9
income_tax_nmarried_disab_m_01_07_2022_7302,not_married_pt,TRUE,m,2022-07-01,,,,,,,,,,7302,30.4,29.5,29,27.6,26.3,25.9
income_tax_nmarried_disab_m_01_07_2022_7888,not_married_pt,TRUE,m,2022-07-01,,,,,,,,,,7888,31.4,30.5,30.1,28.6,28.2,26.8
income_tax_nmarried_disab_m_01_07_2022_8577,not_married_pt,TRUE,m,2022-07-01,,,,,,,,,,8577,32.3,31.5,31.1,29.7,28.7,27.8
income_tax_nmarried_disab_m_01_07_2022_9368,not_married_pt,TRUE,m,2022-07-01,,,,,,,,,,9368,33.3,32.4,32,30.7,29.3,28.8
income_tax_nmarried_disab_m_01_07_2022_10109,not_married_pt,TRUE,m,2022-07-01,,,,,,,,,,10109,34.7,33.9,33.5,32.1,31.7,30.4
income_tax_nmarried_disab_m_01_07_2022_12648,not_married_pt,TRUE,m,2022-07-01,,,,,,,,,,12648,35.7,34.8,34.5,33.1,32.7,31.4
income_tax_nmarried_disab_m_01_07_2022_9999999999,not_married_pt,TRUE,m,2022-07-01,,,,,,,,,,9999999999,36.6,35.8,35.4,34.1,33.7,32.3
income_tax_moneholder_disab_m_01_07_2022_1665,married_one_holder_pt,TRUE,m,2022-07-01,,,,,,,,,,1665,0,0,0,0,0,0
income_tax_moneholder_disab_m_01_07_2022_1769,married_one_holder_pt,TRUE,m,2022-07-01,,,,,,,,,,1769,0.6,0,0,0,0,0
income_tax_moneholder_disab_m_01_07_2022_1923,married_one_holder_pt,TRUE,m,2022-07-01,,,,,,,,,,1923,2.8,0.8,0.2,0,0,0
income_tax_moneholder_disab_m_01_07_2022_1990,married_one_holder_pt,TRUE,m,2022-07-01,,,,,,,,,,1990,3.7,2.4,1.7,0.3,0,0
income_tax_moneholder_disab_m_01_07_2022_2364,married_one_holder_pt,TRUE,m,2022-07-01,,,,,,,,,,2364,4.8,4.2,2.7,1.2,0,0
income_tax_moneholder_disab_m_01_07_2022_2543,married_one_holder_pt,TRUE,m,2022-07-01,,,,,,,,,,2543,5.5,5,3.5,2,0.5,0
income_tax_moneholder_disab_m_01_07_2022_2792,married_one_holder_pt,TRUE,m,2022-07-01,,,,,,,,,,2792,7.1,6.5,5.2,3.7,3,1.5
income_tax_moneholder_disab_m_01_07_2022_2998,married_one_holder_pt,TRUE,m,2022-07-01,,,,,,,,,,2998,7.9,7.4,6,4.5,3.8,2.3
income_tax_moneholder_disab_m_01_07_2022_3215,married_one_holder_pt,TRUE,m,2022-07-01,,,,,,,,,,3215,10.2,9.5,7.9,6.4,5.6,4
income_tax_moneholder_disab_m_01_07_2022_3387,married_one_holder_pt,TRUE,m,2022-07-01,,,,,,,,,,3387,11.3,11,9.7,8.4,8,7.7
income_tax_moneholder_disab_m_01_07_2022_3545,married_one_holder_pt,TRUE,m,2022-07-01,,,,,,,,,,3545,12.6,12.5,11.1,9.8,9.4,9
income_tax_moneholder_disab_m_01_07_2022_3649,married_one_holder_pt,TRUE,m,2022-07-01,,,,,,,,,,3649,13.5,13.4,13,10.7,10.3,10
income_tax_moneholder_disab_m_01_07_2022_3861,married_one_holder_pt,TRUE,m,2022-07-01,,,,,,,,,,3861,14.4,14.3,13.9,11.7,11.3,10.9
income_tax_moneholder_disab_m_01_07_2022_3969,married_one_holder_pt,TRUE,m,2022-07-01,,,,,,,,,,3969,15.3,15.2,14.9,12.6,12.3,11.7
income_tax_moneholder_disab_m_01_07_2022_4290,married_one_holder_pt,TRUE,m,2022-07-01,,,,,,,,,,4290,16.2,16.1,15.8,13.6,13.2,12.8
income_tax_moneholder_disab_m_01_07_2022_4497,married_one_holder_pt,TRUE,m,2022-07-01,,,,,,,,,,4497,17.1,17,16.6,14.5,14.1,13.8
income_tax_moneholder_disab_m_01_07_2022_4936,married_one_holder_pt,TRUE,m,2022-07-01,,,,,,,,,,4936,18,17.9,17.5,15.4,15,14.7
income_tax_moneholder_disab_m_01_07_2022_5364,married_one_holder_pt,TRUE,m,2022-07-01,,,,,,,,,,5364,18.9,18.8,18.5,16.2,15.9,15.6
income_tax_moneholder_disab_m_01_07_2022_5576,married_one_holder_pt,TRUE,m,2022-07-01,,,,,,,,,,5576,19.8,19.8,19.4,18.1,16.8,16.4
income_tax_moneholder_disab_m_01_07_2022_6015,married_one_holder_pt,TRUE,m,2022-07-01,,,,,,,,,,6015,20.7,20.6,20.3,19,17.7,17.4
income_tax_moneholder_disab_m_01_07_2022_6331,married_one_holder_pt,TRUE,m,2022-07-01,,,,,,,,,,6331,21.6,21.5,21.1,19.9,18.6,18.3
income_tax_moneholder_disab_m_01_07_2022_6920,married_one_holder_pt,TRUE,m,2022-07-01,,,,,,,,,,6920,24.5,24.4,24.3,22.9,21.8,21.6
income_tax_moneholder_disab_m_01_07_2022_7452,married_one_holder_pt,TRUE,m,2022-07-01,,,,,,,,,,7452,25.4,25.3,25.2,24.1,23.7,22.5
income_tax_moneholder_disab_m_01_07_2022_8299,married_one_holder_pt,TRUE,m,2022-07-01,,,,,,,,,,8299,26.4,26.3,26.2,25,24.8,23.5
income_tax_moneholder_disab_m_01_07_2022_9261,married_one_holder_pt,TRUE,m,2022-07-01,,,,,,,,,,9261,27.3,27.2,27.1,26,25.8,24.7
income_tax_moneholder_disab_m_01_07_2022_10325,married_one_holder_pt,TRUE,m,2022-07-01,,,,,,,,,,10325,28.8,28.7,28.6,27.4,27.2,26.1
income_tax_moneholder_disab_m_01_07_2022_11389,married_one_holder_pt,TRUE,m,2022-07-01,,,,,,,,,,11389,29.7,29.6,29.5,28.4,28.2,27
income_tax_moneholder_disab_m_01_07_2022_13126,married_one_holder_pt,TRUE,m,2022-07-01,,,,,,,,,,13126,31.2,31.1,31,29.8,29.6,28.5
income_tax_moneholder_disab_m_01_07_2022_9999999999,married_one_holder_pt,TRUE,m,2022-07-01,,,,,,,,,,9999999999,32.1,32,31.9,30.8,30.6,29.4
income_tax_mtwoholders_disab_m_01_07_2022_1322,married_two_holders_pt,TRUE,m,2022-07-01,,,,,,,,,,1322,0,0,0,0,0,0
income_tax_mtwoholders_disab_m_01_07_2022_1427,married_two_holders_pt,TRUE,m,2022-07-01,,,,,,,,,,1427,0.9,0,0,0,0,0
income_tax_mtwoholders_disab_m_01_07_2022_1469,married_two_holders_pt,TRUE,m,2022-07-01,,,,,,,,,,1469,2.7,2.1,0,0,0,0
income_tax_mtwoholders_disab_m_01_07_2022_1654,married_two_holders_pt,TRUE,m,2022-07-01,,,,,,,,,,1654,3.5,2.9,1.4,0,0,0
income_tax_mtwoholders_disab_m_01_07_2022_1974,married_two_holders_pt,TRUE,m,2022-07-01,,,,,,,,,,1974,5.2,4.5,3.2,1.8,1.2,0
income_tax_mtwoholders_disab_m_01_07_2022_2098,married_two_holders_pt,TRUE,m,2022-07-01,,,,,,,,,,2098,6.3,5.8,4.3,3,2.4,1.7
income_tax_mtwoholders_disab_m_01_07_2022_2233,married_two_holders_pt,TRUE,m,2022-07-01,,,,,,,,,,2233,7.8,6.5,5.9,4.5,3.1,2.5
income_tax_mtwoholders_disab_m_01_07_2022_2335,married_two_holders_pt,TRUE,m,2022-07-01,,,,,,,,,,2335,10.3,8.9,7.5,6.1,5.3,4.7
income_tax_mtwoholders_disab_m_01_07_2022_2502,married_two_holders_pt,TRUE,m,2022-07-01,,,,,,,,,,2502,12,10.5,9.1,7.7,6.2,5.5
income_tax_mtwoholders_disab_m_01_07_2022_2585,married_two_holders_pt,TRUE,m,2022-07-01,,,,,,,,,,2585,12.7,11.4,10.7,9.3,7.9,7.2
income_tax_mtwoholders_disab_m_01_07_2022_2687,married_two_holders_pt,TRUE,m,2022-07-01,,,,,,,,,,2687,13.6,12.2,11.5,10.1,8.7,8
income_tax_mtwoholders_disab_m_01_07_2022_2956,married_two_holders_pt,TRUE,m,2022-07-01,,,,,,,,,,2956,14.4,13,12.4,10.9,9.5,8.9
income_tax_mtwoholders_disab_m_01_07_2022_3277,married_two_holders_pt,TRUE,m,2022-07-01,,,,,,,,,,3277,16.9,15.8,15.4,14.1,12.9,12.6
income_tax_mtwoholders_disab_m_01_07_2022_3618,married_two_holders_pt,TRUE,m,2022-07-01,,,,,,,,,,3618,18,16.8,16.4,15.2,13.9,13.6
income_tax_mtwoholders_disab_m_01_07_2022_3752,married_two_holders_pt,TRUE,m,2022-07-01,,,,,,,,,,3752,18.9,17.9,17.4,16.1,15.8,14.5
income_tax_mtwoholders_disab_m_01_07_2022_3969,married_two_holders_pt,TRUE,m,2022-07-01,,,,,,,,,,3969,19.8,18.8,18.5,17,16.6,15.4
income_tax_mtwoholders_disab_m_01_07_2022_4393,married_two_holders_pt,TRUE,m,2022-07-01,,,,,,,,,,4393,21.1,20.2,19.8,18.6,18,16.7
income_tax_mtwoholders_disab_m_01_07_2022_4662,married_two_holders_pt,TRUE,m,2022-07-01,,,,,,,,,,4662,22.1,21,20.7,19.5,19.1,18.6
income_tax_mtwoholders_disab_m_01_07_2022_4961,married_two_holders_pt,TRUE,m,2022-07-01,,,,,,,,,,4961,23,22,21.6,20.4,20,19.7
income_tax_mtwoholders_disab_m_01_07_2022_5251,married_two_holders_pt,TRUE,m,2022-07-01,,,,,,,,,,5251,23.9,22.9,22.5,21.2,20.9,20.5
income_tax_mtwoholders_disab_m_01_07_2022_5685,married_two_holders_pt,TRUE,m,2022-07-01,,,,,,,,,,5685,24.8,23.8,23.4,22.2,21.8,21.4
income_tax_mtwoholders_disab_m_01_07_2022_6119,married_two_holders_pt,TRUE,m,2022-07-01,,,,,,,,,,6119,26.1,25.1,24.8,23.5,23.2,22.8
income_tax_mtwoholders_disab_m_01_07_2022_6829,married_two_holders_pt,TRUE,m,2022-07-01,,,,,,,,,,6829,29.4,28.6,28.4,27.2,27,26.8
income_tax_mtwoholders_disab_m_01_07_2022_7302,married_two_holders_pt,TRUE,m,2022-07-01,,,,,,,,,,7302,30.4,29.7,29.3,28.2,28,27.8
income_tax_mtwoholders_disab_m_01_07_2022_7888,married_two_holders_pt,TRUE,m,2022-07-01,,,,,,,,,,7888,31.4,30.7,30.5,29.1,29,28.8
income_tax_mtwoholders_disab_m_01_07_2022_8577,married_two_holders_pt,TRUE,m,2022-07-01,,,,,,,,,,8577,32.3,31.6,31.5,30.3,29.9,29.7
income_tax_mtwoholders_disab_m_01_07_2022_9368,married_two_holders_pt,TRUE,m,2022-07-01,,,,,,,,,,9368,33.3,32.6,32.4,31.3,31.1,30.7
income_tax_mtwoholders_disab_m_01_07_2022_10109,married_two_holders_pt,TRUE,m,2022-07-01,,,,,,,,,,10109,34.7,34.1,33.9,32.7,32.5,32.3
income_tax_mtwoholders_disab_m_01_07_2022_12648,married_two_holders_pt,TRUE,m,2022-07-01,,,,,,,,,,12648,35.7,35,34.8,33.7,33.5,33.3
income_tax_mtwoholders_disab_m_01_07_2022_9999999999,married_two_holders_pt,TRUE,m,2022-07-01,,,,,,,,,,9999999999,36.6,36,35.8,34.7,34.5,34.3
income_tax_nmarried_ndisab_c_01_07_2022_710,not_married_pt,FALSE,c,2022-07-01,,,,,,,,,,710,0,0,0,0,0,0
income_tax_nmarried_ndisab_c_01_07_2022_720,not_married_pt,FALSE,c,2022-07-01,,,,,,,,,,720,1.8,0.2,0,0,0,0
income_tax_nmarried_ndisab_c_01_07_2022_740,not_married_pt,FALSE,c,2022-07-01,,,,,,,,,,740,4.5,0.6,0,0,0,0
income_tax_nmarried_ndisab_c_01_07_2022_760,not_married_pt,FALSE,c,2022-07-01,,,,,,,,,,760,5,0.8,0,0,0,0
income_tax_nmarried_ndisab_c_01_07_2022_822,not_married_pt,FALSE,c,2022-07-01,,,,,,,,,,822,7.9,4.5,1,0,0,0
income_tax_nmarried_ndisab_c_01_07_2022_931,not_married_pt,FALSE,c,2022-07-01,,,,,,,,,,931,10.1,6.7,3.5,0,0,0
income_tax_nmarried_ndisab_c_01_07_2022_1015,not_married_pt,FALSE,c,2022-07-01,,,,,,,,,,1015,11.3,7.9,5.7,1.4,0,0
income_tax_nmarried_ndisab_c_01_07_2022_1075,not_married_pt,FALSE,c,2022-07-01,,,,,,,,,,1075,12.1,8.8,6.5,3.3,0,0
income_tax_nmarried_ndisab_c_01_07_2022_1154,not_married_pt,FALSE,c,2022-07-01,,,,,,,,,,1154,13.1,10.7,8.3,5.1,2.7,0.2
income_tax_nmarried_ndisab_c_01_07_2022_1237,not_married_pt,FALSE,c,2022-07-01,,,,,,,,,,1237,14.1,11.8,9.3,6.1,3.6,1.2
income_tax_nmarried_ndisab_c_01_07_2022_1333,not_married_pt,FALSE,c,2022-07-01,,,,,,,,,,1333,15.2,12.8,10.5,7,4.6,2.2
income_tax_nmarried_ndisab_c_01_07_2022_1437,not_married_pt,FALSE,c,2022-07-01,,,,,,,,,,1437,16.2,13.8,11.4,8,6.5,4
income_tax_nmarried_ndisab_c_01_07_2022_1577,not_married_pt,FALSE,c,2022-07-01,,,,,,,,,,1577,17.2,14.8,12.3,10,7.5,5
income_tax_nmarried_ndisab_c_01_07_2022_1727,not_married_pt,FALSE,c,2022-07-01,,,,,,,,,,1727,18.6,16.3,14.8,11.4,8.9,6.5
income_tax_nmarried_ndisab_c_01_07_2022_1887,not_married_pt,FALSE,c,2022-07-01,,,,,,,,,,1887,19.9,18.2,17.3,14.5,12.5,11.7
income_tax_nmarried_ndisab_c_01_07_2022_1995,not_married_pt,FALSE,c,2022-07-01,,,,,,,,,,1995,20.9,19.3,18.2,15.5,14.5,12.5
income_tax_nmarried_ndisab_c_01_07_2022_2109,not_married_pt,FALSE,c,2022-07-01,,,,,,,,,,2109,21.9,20.2,19.2,16.4,15.5,13.5
income_tax_nmarried_ndisab_c_01_07_2022_2238,not_married_pt,FALSE,c,2022-07-01,,,,,,,,,,2238,22.8,21.3,20.3,17.5,16.5,14.5
income_tax_nmarried_ndisab_c_01_07_2022_2389,not_married_pt,FALSE,c,2022-07-01,,,,,,,,,,2389,23.8,22.2,21.3,18.5,17.6,15.5
income_tax_nmarried_ndisab_c_01_07_2022_2558,not_married_pt,FALSE,c,2022-07-01,,,,,,,,,,2558,24.8,24.2,22.2,20.4,18.5,17.6
income_tax_nmarried_ndisab_c_01_07_2022_2792,not_married_pt,FALSE,c,2022-07-01,,,,,,,,,,2792,25.8,25.1,23.3,21.4,19.4,18.5
income_tax_nmarried_ndisab_c_01_07_2022_3132,not_married_pt,FALSE,c,2022-07-01,,,,,,,,,,3132,27,26.4,24.5,22.5,20.6,19.6
income_tax_nmarried_ndisab_c_01_07_2022_3566,not_married_pt,FALSE,c,2022-07-01,,,,,,,,,,3566,28.6,28.3,26.8,25.2,24.6,23
income_tax_nmarried_ndisab_c_01_07_2022_4156,not_married_pt,FALSE,c,2022-07-01,,,,,,,,,,4156,29.7,29.5,27.7,26.2,25.6,25
income_tax_nmarried_ndisab_c_01_07_2022_4692,not_married_pt,FALSE,c,2022-07-01,,,,,,,,,,4692,31.4,31,29.4,27.6,27,26.5
income_tax_nmarried_ndisab_c_01_07_2022_5241,not_married_pt,FALSE,c,2022-07-01,,,,,,,,,,5241,32.3,31.8,31.3,28.9,28,27.4
income_tax_nmarried_ndisab_c_01_07_2022_5933,not_married_pt,FALSE,c,2022-07-01,,,,,,,,,,5933,33.3,32.8,32.2,29.8,29.2,28.4
income_tax_nmarried_ndisab_c_01_07_2022_6788,not_married_pt,FALSE,c,2022-07-01,,,,,,,,,,6788,35.3,34.9,34.1,32.2,31.8,31.5
income_tax_nmarried_ndisab_c_01_07_2022_8011,not_married_pt,FALSE,c,2022-07-01,,,,,,,,,,8011,36.3,35.9,35.5,34.2,32.8,32.4
income_tax_nmarried_ndisab_c_01_07_2022_9647,not_married_pt,FALSE,c,2022-07-01,,,,,,,,,,9647,38.2,37.8,37.4,36.2,35.8,34.4
income_tax_nmarried_ndisab_c_01_07_2022_11384,not_married_pt,FALSE,c,2022-07-01,,,,,,,,,,11384,39.2,38.8,38.4,37.5,36.7,35.4
income_tax_nmarried_ndisab_c_01_07_2022_19024,not_married_pt,FALSE,c,2022-07-01,,,,,,,,,,19024,40.2,39.8,39.4,38.5,38.1,36.4
income_tax_nmarried_ndisab_c_01_07_2022_20403,not_married_pt,FALSE,c,2022-07-01,,,,,,,,,,20403,41.2,40.8,40.4,39.5,39.1,37.3
income_tax_nmarried_ndisab_c_01_07_2022_22954,not_married_pt,FALSE,c,2022-07-01,,,,,,,,,,22954,41.9,41.7,41.4,40.5,40.1,38.5
income_tax_nmarried_ndisab_c_01_07_2022_25504,not_married_pt,FALSE,c,2022-07-01,,,,,,,,,,25504,42.9,42.7,42.3,41.4,41.1,39.7
income_tax_nmarried_ndisab_c_01_07_2022_9999999999,not_married_pt,FALSE,c,2022-07-01,,,,,,,,,,9999999999,43.8,43.6,43.3,42.4,42,40.7
income_tax_moneholder_ndisab_c_01_07_2022_710,married_one_holder_pt,FALSE,c,2022-07-01,,,,,,,,,,710,0,0,0,0,0,0
income_tax_moneholder_ndisab_c_01_07_2022_740,married_one_holder_pt,FALSE,c,2022-07-01,,,,,,,,,,740,3.3,0,0,0,0,0
income_tax_moneholder_ndisab_c_01_07_2022_761,married_one_holder_pt,FALSE,c,2022-07-01,,,,,,,,,,761,3.3,0,0,0,0,0
income_tax_moneholder_ndisab_c_01_07_2022_802,married_one_holder_pt,FALSE,c,2022-07-01,,,,,,,,,,802,4.7,0.9,0,0,0,0
income_tax_moneholder_ndisab_c_01_07_2022_844,married_one_holder_pt,FALSE,c,2022-07-01,,,,,,,,,,844,5.6,1.8,0.9,0,0,0
income_tax_moneholder_ndisab_c_01_07_2022_894,married_one_holder_pt,FALSE,c,2022-07-01,,,,,,,,,,894,6.5,3.7,1.2,0,0,0
income_tax_moneholder_ndisab_c_01_07_2022_983,married_one_holder_pt,FALSE,c,2022-07-01,,,,,,,,,,983,7.3,4.6,2.9,0,0,0
income_tax_moneholder_ndisab_c_01_07_2022_1091,married_one_holder_pt,FALSE,c,2022-07-01,,,,,,,,,,1091,8.1,5.5,3.7,1,0,0
income_tax_moneholder_ndisab_c_01_07_2022_1237,married_one_holder_pt,FALSE,c,2022-07-01,,,,,,,,,,1237,9.2,6.9,4.7,2,0,0
income_tax_moneholder_ndisab_c_01_07_2022_1417,married_one_holder_pt,FALSE,c,2022-07-01,,,,,,,,,,1417,10.7,8.9,7.1,4.3,2.6,1.7
income_tax_moneholder_ndisab_c_01_07_2022_1644,married_one_holder_pt,FALSE,c,2022-07-01,,,,,,,,,,1644,11.7,10,8.1,6.3,4.5,2.7
income_tax_moneholder_ndisab_c_01_07_2022_1749,married_one_holder_pt,FALSE,c,2022-07-01,,,,,,,,,,1749,13.1,11.4,10.6,7.7,5.9,5.1
income_tax_moneholder_ndisab_c_01_07_2022_1866,married_one_holder_pt,FALSE,c,2022-07-01,,,,,,,,,,1866,14,12.4,11.7,9,7.3,6.5
income_tax_moneholder_ndisab_c_01_07_2022_2016,married_one_holder_pt,FALSE,c,2022-07-01,,,,,,,,,,2016,15,13.3,12.5,10,9.2,7.4
income_tax_moneholder_ndisab_c_01_07_2022_2177,married_one_holder_pt,FALSE,c,2022-07-01,,,,,,,,,,2177,16,14.3,13.5,10.9,10.2,8.5
income_tax_moneholder_ndisab_c_01_07_2022_2369,married_one_holder_pt,FALSE,c,2022-07-01,,,,,,,,,,2369,17,16.3,14.6,11.9,11.1,9.5
income_tax_moneholder_ndisab_c_01_07_2022_2590,married_one_holder_pt,FALSE,c,2022-07-01,,,,,,,,,,2590,17.8,17.2,15.6,13.8,12.1,11.4
income_tax_moneholder_ndisab_c_01_07_2022_2961,married_one_holder_pt,FALSE,c,2022-07-01,,,,,,,,,,2961,18.9,18.2,16.6,14.8,13.1,12.3
income_tax_moneholder_ndisab_c_01_07_2022_3387,married_one_holder_pt,FALSE,c,2022-07-01,,,,,,,,,,3387,21.5,21.4,19.8,18.4,17.1,16.7
income_tax_moneholder_ndisab_c_01_07_2022_3644,married_one_holder_pt,FALSE,c,2022-07-01,,,,,,,,,,3644,22.4,22.3,21,19.4,19,17.6
income_tax_moneholder_ndisab_c_01_07_2022_3917,married_one_holder_pt,FALSE,c,2022-07-01,,,,,,,,,,3917,23.4,23.3,22,20.6,20,18.6
income_tax_moneholder_ndisab_c_01_07_2022_4248,married_one_holder_pt,FALSE,c,2022-07-01,,,,,,,,,,4248,24.4,24.3,22.9,21.6,21.2,20.6
income_tax_moneholder_ndisab_c_01_07_2022_4646,married_one_holder_pt,FALSE,c,2022-07-01,,,,,,,,,,4646,25.9,25.3,23.9,22.5,22.1,21.8
income_tax_moneholder_ndisab_c_01_07_2022_5122,married_one_holder_pt,FALSE,c,2022-07-01,,,,,,,,,,5122,26.9,26.3,25.9,23.5,23.1,22.7
income_tax_moneholder_ndisab_c_01_07_2022_5705,married_one_holder_pt,FALSE,c,2022-07-01,,,,,,,,,,5705,27.8,27.2,26.9,24.5,24.1,23.7
income_tax_moneholder_ndisab_c_01_07_2022_6439,married_one_holder_pt,FALSE,c,2022-07-01,,,,,,,,,,6439,28.8,28.2,27.8,25.5,25.1,24.7
income_tax_moneholder_ndisab_c_01_07_2022_7389,married_one_holder_pt,FALSE,c,2022-07-01,,,,,,,,,,7389,29.7,29.6,29.2,27,26.9,26.7
income_tax_moneholder_ndisab_c_01_07_2022_8517,married_one_holder_pt,FALSE,c,2022-07-01,,,,,,,,,,8517,30.7,30.6,30.4,29,27.8,27.6
income_tax_moneholder_ndisab_c_01_07_2022_9421,married_one_holder_pt,FALSE,c,2022-07-01,,,,,,,,,,9421,32.1,32,31.9,30.7,29.3,29.1
income_tax_moneholder_ndisab_c_01_07_2022_10543,married_one_holder_pt,FALSE,c,2022-07-01,,,,,,,,,,10543,33.1,33,32.8,31.7,31.5,30
income_tax_moneholder_ndisab_c_01_07_2022_14140,married_one_holder_pt,FALSE,c,2022-07-01,,,,,,,,,,14140,34.4,34.3,33.8,32.6,32.4,31.3
income_tax_moneholder_ndisab_c_01_07_2022_20300,married_one_holder_pt,FALSE,c,2022-07-01,,,,,,,,,,20300,36.4,36.3,36.2,35.1,34.9,33.7
income_tax_moneholder_ndisab_c_01_07_2022_22954,married_one_holder_pt,FALSE,c,2022-07-01,,,,,,,,,,22954,37.3,37.2,37.1,36.5,35.9,34.7
income_tax_moneholder_ndisab_c_01_07_2022_25504,married_one_holder_pt,FALSE,c,2022-07-01,,,,,,,,,,25504,38.3,38.2,38.1,37.4,37.2,35.7
income_tax_moneholder_ndisab_c_01_07_2022_28564,married_one_holder_pt,FALSE,c,2022-07-01,,,,,,,,,,28564,39.3,39.2,39.1,38.4,38.2,37
income_tax_moneholder_ndisab_c_01_07_2022_9999999999,married_one_holder_pt,FALSE,c,2022-07-01,,,,,,,,,,9999999999,40.3,40.2,40.1,39.4,39.2,38
income_tax_mtwoholders_ndisab_c_01_07_2022_710,married_two_holders_pt,FALSE,c,2022-07-01,,,,,,,,,,710,0,0,0,0,0,0
income_tax_mtwoholders_ndisab_c_01_07_2022_720,married_two_holders_pt,FALSE,c,2022-07-01,,,,,,,,,,720,1.8,1.7,0,0,0,0
income_tax_mtwoholders_ndisab_c_01_07_2022_740,married_two_holders_pt,FALSE,c,2022-07-01,,,,,,,,,,740,4.5,3.4,0.5,0,0,0
income_tax_mtwoholders_ndisab_c_01_07_2022_760,married_two_holders_pt,FALSE,c,2022-07-01,,,,,,,,,,760,5,3.7,1,0,0,0
income_tax_mtwoholders_ndisab_c_01_07_2022_822,married_two_holders_pt,FALSE,c,2022-07-01,,,,,,,,,,822,7.9,5.1,3.4,2.5,0.6,0
income_tax_mtwoholders_ndisab_c_01_07_2022_931,married_two_holders_pt,FALSE,c,2022-07-01,,,,,,,,,,931,10.1,7.3,6.5,3.8,3.1,1.2
income_tax_mtwoholders_ndisab_c_01_07_2022_1015,married_two_holders_pt,FALSE,c,2022-07-01,,,,,,,,,,1015,11.3,8.6,7.8,5.1,4.4,3.1
income_tax_mtwoholders_ndisab_c_01_07_2022_1075,married_two_holders_pt,FALSE,c,2022-07-01,,,,,,,,,,1075,12.1,9.5,8.6,6,4.8,3.9
income_tax_mtwoholders_ndisab_c_01_07_2022_1154,married_two_holders_pt,FALSE,c,2022-07-01,,,,,,,,,,1154,13.1,11.4,10.6,7.9,7.1,5.3
income_tax_mtwoholders_ndisab_c_01_07_2022_1237,married_two_holders_pt,FALSE,c,2022-07-01,,,,,,,,,,1237,14.1,12.4,11.5,8.9,8,6.3
income_tax_mtwoholders_ndisab_c_01_07_2022_1333,married_two_holders_pt,FALSE,c,2022-07-01,,,,,,,,,,1333,15.1,14.4,12.6,10.7,9,8.1
income_tax_mtwoholders_ndisab_c_01_07_2022_1437,married_two_holders_pt,FALSE,c,2022-07-01,,,,,,,,,,1437,16.1,15.3,13.6,11.9,10,9.2
income_tax_mtwoholders_ndisab_c_01_07_2022_1577,married_two_holders_pt,FALSE,c,2022-07-01,,,,,,,,,,1577,17.1,16.4,14.6,12.8,11.1,10.2
income_tax_mtwoholders_ndisab_c_01_07_2022_1727,married_two_holders_pt,FALSE,c,2022-07-01,,,,,,,,,,1727,18.5,17.7,16.1,14.3,13.4,11.7
income_tax_mtwoholders_ndisab_c_01_07_2022_1887,married_two_holders_pt,FALSE,c,2022-07-01,,,,,,,,,,1887,19.9,19.3,17.6,16,15.2,13.5
income_tax_mtwoholders_ndisab_c_01_07_2022_1995,married_two_holders_pt,FALSE,c,2022-07-01,,,,,,,,,,1995,20.9,20.4,18.5,16.9,16.1,14.5
income_tax_mtwoholders_ndisab_c_01_07_2022_2109,married_two_holders_pt,FALSE,c,2022-07-01,,,,,,,,,,2109,21.9,21.4,19.6,17.7,17,16.3
income_tax_mtwoholders_ndisab_c_01_07_2022_2238,married_two_holders_pt,FALSE,c,2022-07-01,,,,,,,,,,2238,22.8,22.3,20.7,18.9,17.9,17.3
income_tax_mtwoholders_ndisab_c_01_07_2022_2389,married_two_holders_pt,FALSE,c,2022-07-01,,,,,,,,,,2389,23.8,23.4,22.6,19.9,19.1,18.2
income_tax_mtwoholders_ndisab_c_01_07_2022_2558,married_two_holders_pt,FALSE,c,2022-07-01,,,,,,,,,,2558,24.8,24.4,23.6,21,20.2,19.4
income_tax_mtwoholders_ndisab_c_01_07_2022_2792,married_two_holders_pt,FALSE,c,2022-07-01,,,,,,,,,,2792,25.7,25.2,24.6,21.9,21.2,20.4
income_tax_mtwoholders_ndisab_c_01_07_2022_3132,married_two_holders_pt,FALSE,c,2022-07-01,,,,,,,,,,3132,26.9,26.5,25.7,23.1,22.3,21.6
income_tax_mtwoholders_ndisab_c_01_07_2022_3566,married_two_holders_pt,FALSE,c,2022-07-01,,,,,,,,,,3566,28.5,28.4,28,25.7,25.3,24.9
income_tax_mtwoholders_ndisab_c_01_07_2022_4156,married_two_holders_pt,FALSE,c,2022-07-01,,,,,,,,,,4156,29.6,29.5,29,27.6,26.3,25.9
income_tax_mtwoholders_ndisab_c_01_07_2022_4692,married_two_holders_pt,FALSE,c,2022-07-01,,,,,,,,,,4692,31.4,31.1,30.7,29,27.7,27.3
income_tax_mtwoholders_ndisab_c_01_07_2022_5241,married_two_holders_pt,FALSE,c,2022-07-01,,,,,,,,,,5241,32.3,32,31.6,30.3,29.6,28.3
income_tax_mtwoholders_ndisab_c_01_07_2022_5933,married_two_holders_pt,FALSE,c,2022-07-01,,,,,,,,,,5933,33.3,33,32.6,31.3,30.9,29.2
income_tax_mtwoholders_ndisab_c_01_07_2022_6788,married_two_holders_pt,FALSE,c,2022-07-01,,,,,,,,,,6788,35.2,35,34.5,33.8,33.6,33.4
income_tax_mtwoholders_ndisab_c_01_07_2022_8011,married_two_holders_pt,FALSE,c,2022-07-01,,,,,,,,,,8011,36.2,36,35.8,34.7,34.6,34.4
income_tax_mtwoholders_ndisab_c_01_07_2022_9647,married_two_holders_pt,FALSE,c,2022-07-01,,,,,,,,,,9647,38.1,37.9,37.7,36.6,36.4,36.3
income_tax_mtwoholders_ndisab_c_01_07_2022_11384,married_two_holders_pt,FALSE,c,2022-07-01,,,,,,,,,,11384,39.1,38.9,38.7,38,37.4,37.2
income_tax_mtwoholders_ndisab_c_01_07_2022_19024,married_two_holders_pt,FALSE,c,2022-07-01,,,,,,,,,,19024,40.1,39.9,39.7,39,38.8,38.2
income_tax_mtwoholders_ndisab_c_01_07_2022_20403,married_two_holders_pt,FALSE,c,2022-07-01,,,,,,,,,,20403,41.1,40.9,40.7,40,39.8,39.2
income_tax_mtwoholders_ndisab_c_01_07_2022_22954,married_two_holders_pt,FALSE,c,2022-07-01,,,,,,,,,,22954,41.8,41.7,41.6,41,40.8,40.4
income_tax_mtwoholders_ndisab_c_01_07_2022_25504,married_two_holders_pt,FALSE,c,2022-07-01,,,,,,,,,,25504,42.8,42.7,42.6,41.9,41.7,41.5
income_tax_mtwoholders_ndisab_c_01_07_2022_9999999999,married_two_holders_pt,FALSE,c,2022-07-01,,,,,,,,,,9999999999,43.8,43.7,43.6,42.9,42.7,42.5
income_tax_nmarried_disab_c_01_07_2022_1322,not_married_pt,TRUE,c,2022-07-01,,,,,,,,,,1322,0,0,0,0,0,0
income_tax_nmarried_disab_c_01_07_2022_1427,not_married_pt,TRUE,c,2022-07-01,,,,,,,,,,1427,1.2,0,0,0,0,0
income_tax_nmarried_disab_c_01_07_2022_1469,not_married_pt,TRUE,c,2022-07-01,,,,,,,,,,1469,4.1,0.6,0,0,0,0
income_tax_nmarried_disab_c_01_07_2022_1654,not_married_pt,TRUE,c,2022-07-01,,,,,,,,,,1654,5.1,2.6,0,0,0,0
income_tax_nmarried_disab_c_01_07_2022_1974,not_married_pt,TRUE,c,2022-07-01,,,,,,,,,,1974,6.6,4.7,3.7,0.2,0,0
income_tax_nmarried_disab_c_01_07_2022_2098,not_married_pt,TRUE,c,2022-07-01,,,,,,,,,,2098,8,6.2,5.2,2.2,1.2,0
income_tax_nmarried_disab_c_01_07_2022_2233,not_married_pt,TRUE,c,2022-07-01,,,,,,,,,,2233,9.9,7.2,6.2,4.2,2.2,1.2
income_tax_nmarried_disab_c_01_07_2022_2335,not_married_pt,TRUE,c,2022-07-01,,,,,,,,,,2335,12.3,9.5,7.6,5.7,3.7,2.7
income_tax_nmarried_disab_c_01_07_2022_2502,not_married_pt,TRUE,c,2022-07-01,,,,,,,,,,2502,14.3,11.5,9.6,7.6,5.8,3.7
income_tax_nmarried_disab_c_01_07_2022_2585,not_married_pt,TRUE,c,2022-07-01,,,,,,,,,,2585,15.2,13.4,11.5,9.6,6.7,5.8
income_tax_nmarried_disab_c_01_07_2022_2687,not_married_pt,TRUE,c,2022-07-01,,,,,,,,,,2687,16.3,14.4,12.4,10.6,8.6,7.6
income_tax_nmarried_disab_c_01_07_2022_2956,not_married_pt,TRUE,c,2022-07-01,,,,,,,,,,2956,17.2,15.4,13.4,11.6,10.6,9.6
income_tax_nmarried_disab_c_01_07_2022_3277,not_married_pt,TRUE,c,2022-07-01,,,,,,,,,,3277,18.3,16.9,15.3,13.8,13.2,12.6
income_tax_nmarried_disab_c_01_07_2022_3618,not_married_pt,TRUE,c,2022-07-01,,,,,,,,,,3618,19.5,18,16.5,14.9,14.3,13.7
income_tax_nmarried_disab_c_01_07_2022_3752,not_married_pt,TRUE,c,2022-07-01,,,,,,,,,,3752,20.5,19.2,18.4,15.9,15.3,14.7
income_tax_nmarried_disab_c_01_07_2022_3969,not_married_pt,TRUE,c,2022-07-01,,,,,,,,,,3969,21.5,20.2,19.6,16.9,16.3,15.7
income_tax_nmarried_disab_c_01_07_2022_4393,not_married_pt,TRUE,c,2022-07-01,,,,,,,,,,4393,23.4,22.1,21.6,19,18.2,17.6
income_tax_nmarried_disab_c_01_07_2022_4662,not_married_pt,TRUE,c,2022-07-01,,,,,,,,,,4662,24.4,23.1,22.5,20,19.4,18.6
income_tax_nmarried_disab_c_01_07_2022_4961,not_married_pt,TRUE,c,2022-07-01,,,,,,,,,,4961,25.4,24.1,23.5,21,20.4,19.8
income_tax_nmarried_disab_c_01_07_2022_5251,not_married_pt,TRUE,c,2022-07-01,,,,,,,,,,5251,26.4,25.1,24.5,22,21.4,20.8
income_tax_nmarried_disab_c_01_07_2022_5685,not_married_pt,TRUE,c,2022-07-01,,,,,,,,,,5685,27.3,26.1,25.5,23.9,22.3,21.8
income_tax_nmarried_disab_c_01_07_2022_6119,not_married_pt,TRUE,c,2022-07-01,,,,,,,,,,6119,28.8,27.5,27,25.4,23.8,23.2
income_tax_nmarried_disab_c_01_07_2022_6829,not_married_pt,TRUE,c,2022-07-01,,,,,,,,,,6829,29.7,28.7,28.3,27,25.6,25.2
income_tax_nmarried_disab_c_01_07_2022_7302,not_married_pt,TRUE,c,2022-07-01,,,,,,,,,,7302,30.7,29.8,29.3,27.9,26.6,26.2
income_tax_nmarried_disab_c_01_07_2022_7888,not_married_pt,TRUE,c,2022-07-01,,,,,,,,,,7888,31.7,30.8,30.4,28.9,28.5,27.1
income_tax_nmarried_disab_c_01_07_2022_8577,not_married_pt,TRUE,c,2022-07-01,,,,,,,,,,8577,32.6,31.8,31.4,30,29,28.1
income_tax_nmarried_disab_c_01_07_2022_9368,not_married_pt,TRUE,c,2022-07-01,,,,,,,,,,9368,33.6,32.7,32.3,31,29.6,29.1
income_tax_nmarried_disab_c_01_07_2022_10109,not_married_pt,TRUE,c,2022-07-01,,,,,,,,,,10109,35.1,34.2,33.8,32.4,32,30.7
income_tax_nmarried_disab_c_01_07_2022_12648,not_married_pt,TRUE,c,2022-07-01,,,,,,,,,,12648,36.1,35.2,34.8,33.4,33,31.7
income_tax_nmarried_disab_c_01_07_2022_9999999999,not_married_pt,TRUE,c,2022-07-01,,,,,,,,,,9999999999,37,36.2,35.8,34.4,34,32.6
income_tax_moneholder_disab_c_01_07_2022_1665,married_one_holder_pt,TRUE,c,2022-07-01,,,,,,,,,,1665,0,0,0,0,0,0
income_tax_moneholder_disab_c_01_07_2022_1769,married_one_holder_pt,TRUE,c,2022-07-01,,,,,,,,,,1769,0.8,0,0,0,0,0
income_tax_moneholder_disab_c_01_07_2022_1923,married_one_holder_pt,TRUE,c,2022-07-01,,,,,,,,,,1923,3.7,1,0.2,0,0,0
income_tax_moneholder_disab_c_01_07_2022_1990,married_one_holder_pt,TRUE,c,2022-07-01,,,,,,,,,,1990,4.7,3,2.2,0.4,0,0
income_tax_moneholder_disab_c_01_07_2022_2364,married_one_holder_pt,TRUE,c,2022-07-01,,,,,,,,,,2364,5.7,5,3.2,1.4,0,0
income_tax_moneholder_disab_c_01_07_2022_2543,married_one_holder_pt,TRUE,c,2022-07-01,,,,,,,,,,2543,6.6,6,4.2,2.4,0.6,0
income_tax_moneholder_disab_c_01_07_2022_2792,married_one_holder_pt,TRUE,c,2022-07-01,,,,,,,,,,2792,8.5,7.8,6.2,4.4,3.6,1.8
income_tax_moneholder_disab_c_01_07_2022_2998,married_one_holder_pt,TRUE,c,2022-07-01,,,,,,,,,,2998,9.5,8.8,7.2,5.4,4.6,2.8
income_tax_moneholder_disab_c_01_07_2022_3215,married_one_holder_pt,TRUE,c,2022-07-01,,,,,,,,,,3215,11,10.3,8.6,6.9,6.1,4.3
income_tax_moneholder_disab_c_01_07_2022_3387,married_one_holder_pt,TRUE,c,2022-07-01,,,,,,,,,,3387,12.2,11.9,10.5,9.1,8.7,8.3
income_tax_moneholder_disab_c_01_07_2022_3545,married_one_holder_pt,TRUE,c,2022-07-01,,,,,,,,,,3545,13.6,13.5,12,10.6,10.2,9.8
income_tax_moneholder_disab_c_01_07_2022_3649,married_one_holder_pt,TRUE,c,2022-07-01,,,,,,,,,,3649,14.6,14.5,14.1,11.6,11.2,10.8
income_tax_moneholder_disab_c_01_07_2022_3861,married_one_holder_pt,TRUE,c,2022-07-01,,,,,,,,,,3861,15.6,15.5,15.1,12.7,12.2,11.8
income_tax_moneholder_disab_c_01_07_2022_3969,married_one_holder_pt,TRUE,c,2022-07-01,,,,,,,,,,3969,16.6,16.5,16.1,13.7,13.3,12.7
income_tax_moneholder_disab_c_01_07_2022_4290,married_one_holder_pt,TRUE,c,2022-07-01,,,,,,,,,,4290,17.5,17.4,17.1,14.7,14.3,13.9
income_tax_moneholder_disab_c_01_07_2022_4497,married_one_holder_pt,TRUE,c,2022-07-01,,,,,,,,,,4497,18.5,18.4,18,15.7,15.3,14.9
income_tax_moneholder_disab_c_01_07_2022_4936,married_one_holder_pt,TRUE,c,2022-07-01,,,,,,,,,,4936,19.5,19.4,19,16.7,16.3,15.9
income_tax_moneholder_disab_c_01_07_2022_5364,married_one_holder_pt,TRUE,c,2022-07-01,,,,,,,,,,5364,20.5,20.4,20,17.6,17.2,16.9
income_tax_moneholder_disab_c_01_07_2022_5576,married_one_holder_pt,TRUE,c,2022-07-01,,,,,,,,,,5576,21.5,21.4,21,19.6,18.2,17.8
income_tax_moneholder_disab_c_01_07_2022_6015,married_one_holder_pt,TRUE,c,2022-07-01,,,,,,,,,,6015,22.4,22.3,22,20.6,19.2,18.8
income_tax_moneholder_disab_c_01_07_2022_6331,married_one_holder_pt,TRUE,c,2022-07-01,,,,,,,,,,6331,23.4,23.3,22.9,21.6,20.2,19.8
income_tax_moneholder_disab_c_01_07_2022_6920,married_one_holder_pt,TRUE,c,2022-07-01,,,,,,,,,,6920,24.7,24.6,24.5,23.1,22,21.8
income_tax_moneholder_disab_c_01_07_2022_7452,married_one_holder_pt,TRUE,c,2022-07-01,,,,,,,,,,7452,25.7,25.6,25.5,24.3,23.9,22.7
income_tax_moneholder_disab_c_01_07_2022_8299,married_one_holder_pt,TRUE,c,2022-07-01,,,,,,,,,,8299,26.7,26.6,26.5,25.3,25.1,23.7
income_tax_moneholder_disab_c_01_07_2022_9261,married_one_holder_pt,TRUE,c,2022-07-01,,,,,,,,,,9261,27.6,27.5,27.4,26.3,26.1,24.9
income_tax_moneholder_disab_c_01_07_2022_10325,married_one_holder_pt,TRUE,c,2022-07-01,,,,,,,,,,10325,29.1,29,28.9,27.7,27.5,26.4
income_tax_moneholder_disab_c_01_07_2022_11389,married_one_holder_pt,TRUE,c,2022-07-01,,,,,,,,,,11389,30,29.9,29.8,28.7,28.5,27.3
income_tax_moneholder_disab_c_01_07_2022_13126,married_one_holder_pt,TRUE,c,2022-07-01,,,,,,,,,,13126,31.5,31.4,31.3,30.1,29.9,28.8
income_tax_moneholder_disab_c_01_07_2022_9999999999,married_one_holder_pt,TRUE,c,2022-07-01,,,,,,,,,,9999999999,32.4,32.3,32.2,31.1,30.9,29.7
income_tax_mtwoholders_disab_c_01_07_2022_1322,married_two_holders_pt,TRUE,c,2022-07-01,,,,,,,,,,1322,0,0,0,0,0,0
income_tax_mtwoholders_disab_c_01_07_2022_1427,married_two_holders_pt,TRUE,c,2022-07-01,,,,,,,,,,1427,1.2,0,0,0,0,0
income_tax_mtwoholders_disab_c_01_07_2022_1469,married_two_holders_pt,TRUE,c,2022-07-01,,,,,,,,,,1469,3.6,2.8,0,0,0,0
income_tax_mtwoholders_disab_c_01_07_2022_1654,married_two_holders_pt,TRUE,c,2022-07-01,,,,,,,,,,1654,4.6,3.8,1.9,0,0,0
income_tax_mtwoholders_disab_c_01_07_2022_1974,married_two_holders_pt,TRUE,c,2022-07-01,,,,,,,,,,1974,6.6,5.8,4.1,2.3,1.5,0
income_tax_mtwoholders_disab_c_01_07_2022_2098,married_two_holders_pt,TRUE,c,2022-07-01,,,,,,,,,,2098,8,7.4,5.5,3.8,3,2.2
income_tax_mtwoholders_disab_c_01_07_2022_2233,married_two_holders_pt,TRUE,c,2022-07-01,,,,,,,,,,2233,9.9,8.3,7.5,5.7,4,3.2
income_tax_mtwoholders_disab_c_01_07_2022_2335,married_two_holders_pt,TRUE,c,2022-07-01,,,,,,,,,,2335,12.3,10.7,9,7.3,6.4,5.6
income_tax_mtwoholders_disab_c_01_07_2022_2502,married_two_holders_pt,TRUE,c,2022-07-01,,,,,,,,,,2502,14.3,12.6,10.9,9.2,7.4,6.6
income_tax_mtwoholders_disab_c_01_07_2022_2585,married_two_holders_pt,TRUE,c,2022-07-01,,,,,,,,,,2585,15.2,13.6,12.8,11.1,9.4,8.6
income_tax_mtwoholders_disab_c_01_07_2022_2687,married_two_holders_pt,TRUE,c,2022-07-01,,,,,,,,,,2687,16.3,14.6,13.8,12.1,10.4,9.6
income_tax_mtwoholders_disab_c_01_07_2022_2956,married_two_holders_pt,TRUE,c,2022-07-01,,,,,,,,,,2956,17.2,15.6,14.8,13.1,11.4,10.6
income_tax_mtwoholders_disab_c_01_07_2022_3277,married_two_holders_pt,TRUE,c,2022-07-01,,,,,,,,,,3277,18.3,17.1,16.7,15.3,14,13.6
income_tax_mtwoholders_disab_c_01_07_2022_3618,married_two_holders_pt,TRUE,c,2022-07-01,,,,,,,,,,3618,19.5,18.2,17.8,16.5,15.1,14.7
income_tax_mtwoholders_disab_c_01_07_2022_3752,married_two_holders_pt,TRUE,c,2022-07-01,,,,,,,,,,3752,20.5,19.4,18.8,17.4,17.1,15.7
income_tax_mtwoholders_disab_c_01_07_2022_3969,married_two_holders_pt,TRUE,c,2022-07-01,,,,,,,,,,3969,21.5,20.4,20,18.4,18,16.7
income_tax_mtwoholders_disab_c_01_07_2022_4393,married_two_holders_pt,TRUE,c,2022-07-01,,,,,,,,,,4393,22.9,21.9,21.5,20.1,19.5,18.1
income_tax_mtwoholders_disab_c_01_07_2022_4662,married_two_holders_pt,TRUE,c,2022-07-01,,,,,,,,,,4662,23.9,22.8,22.4,21.1,20.7,20.1
income_tax_mtwoholders_disab_c_01_07_2022_4961,married_two_holders_pt,TRUE,c,2022-07-01,,,,,,,,,,4961,24.9,23.8,23.4,22.1,21.7,21.3
income_tax_mtwoholders_disab_c_01_07_2022_5251,married_two_holders_pt,TRUE,c,2022-07-01,,,,,,,,,,5251,25.9,24.8,24.4,23,22.6,22.2
income_tax_mtwoholders_disab_c_01_07_2022_5685,married_two_holders_pt,TRUE,c,2022-07-01,,,,,,,,,,5685,26.9,25.8,25.4,24,23.6,23.2
income_tax_mtwoholders_disab_c_01_07_2022_6119,married_two_holders_pt,TRUE,c,2022-07-01,,,,,,,,,,6119,28.3,27.2,26.9,25.5,25.1,24.7
income_tax_mtwoholders_disab_c_01_07_2022_6829,married_two_holders_pt,TRUE,c,2022-07-01,,,,,,,,,,6829,29.7,28.9,28.7,27.5,27.3,27.1
income_tax_mtwoholders_disab_c_01_07_2022_7302,married_two_holders_pt,TRUE,c,2022-07-01,,,,,,,,,,7302,30.7,30,29.6,28.5,28.3,28.1
income_tax_mtwoholders_disab_c_01_07_2022_7888,married_two_holders_pt,TRUE,c,2022-07-01,,,,,,,,,,7888,31.7,31,30.8,29.4,29.3,29.1
income_tax_mtwoholders_disab_c_01_07_2022_8577,married_two_holders_pt,TRUE,c,2022-07-01,,,,,,,,,,8577,32.6,31.9,31.8,30.6,30.2,30
income_tax_mtwoholders_disab_c_01_07_2022_9368,married_two_holders_pt,TRUE,c,2022-07-01,,,,,,,,,,9368,33.6,32.9,32.7,31.6,31.4,31
income_tax_mtwoholders_disab_c_01_07_2022_10109,married_two_holders_pt,TRUE,c,2022-07-01,,,,,,,,,,10109,35.1,34.4,34.2,33,32.8,32.6
income_tax_mtwoholders_disab_c_01_07_2022_12648,married_two_holders_pt,TRUE,c,2022-07-01,,,,,,,,,,12648,36.1,35.4,35.2,34,33.8,33.6
income_tax_mtwoholders_disab_c_01_07_2022_9999999999,married_two_holders_pt,TRUE,c,2022-07-01,,,,,,,,,,9999999999,37,36.4,36.2,35,34.8,34.6
income_tax_nmarried_ndisab_c_01_05_2023_765,not_married_pt,FALSE,c,2023-05-01,,,,,,,,,,765,0,0,0,0,0,0
income_tax_nmarried_ndisab_c_01_05_2023_790,not_married_pt,FALSE,c,2023-05-01,,,,,,,,,,790,0.6,0.4,0,0,0,0
income_tax_nmarried_ndisab_c_01_05_2023_819,not_married_pt,FALSE,c,2023-05-01,,,,,,,,,,819,4,0.7,0,0,0,0
income_tax_nmarried_ndisab_c_01_05_2023_870,not_married_pt,FALSE,c,2023-05-01,,,,,,,,,,870,7,4.4,0.9,0,0,0
income_tax_nmarried_ndisab_c_01_05_2023_965,not_married_pt,FALSE,c,2023-05-01,,,,,,,,,,965,9.3,6.6,3.4,0,0,0
income_tax_nmarried_ndisab_c_01_05_2023_1051,not_married_pt,FALSE,c,2023-05-01,,,,,,,,,,1051,11.2,7.8,5.6,1.3,0,0
income_tax_nmarried_ndisab_c_01_05_2023_1123,not_married_pt,FALSE,c,2023-05-01,,,,,,,,,,1123,12,8.7,6.4,3.2,0,0
income_tax_nmarried_ndisab_c_01_05_2023_1194,not_married_pt,FALSE,c,2023-05-01,,,,,,,,,,1194,13,10.6,8.2,5,2.6,0.1
income_tax_nmarried_ndisab_c_01_05_2023_1281,not_married_pt,FALSE,c,2023-05-01,,,,,,,,,,1281,14,11.7,9.2,6,3.5,1.1
income_tax_nmarried_ndisab_c_01_05_2023_1386,not_married_pt,FALSE,c,2023-05-01,,,,,,,,,,1386,15.1,12.7,10.4,6.9,4.5,2.1
income_tax_nmarried_ndisab_c_01_05_2023_1466,not_married_pt,FALSE,c,2023-05-01,,,,,,,,,,1466,16.2,13.8,11.4,8,6.5,4
income_tax_nmarried_ndisab_c_01_05_2023_1609,not_married_pt,FALSE,c,2023-05-01,,,,,,,,,,1609,17.2,14.8,12.3,10,7.5,5
income_tax_nmarried_ndisab_c_01_05_2023_1762,not_married_pt,FALSE,c,2023-05-01,,,,,,,,,,1762,18.6,16.3,14.8,11.4,8.9,6.5
income_tax_nmarried_ndisab_c_01_05_2023_1925,not_married_pt,FALSE,c,2023-05-01,,,,,,,,,,1925,19.9,18.2,17.3,14.5,12.5,11.7
income_tax_nmarried_ndisab_c_01_05_2023_2035,not_married_pt,FALSE,c,2023-05-01,,,,,,,,,,2035,20.9,19.3,18.2,15.5,14.5,12.5
income_tax_nmarried_ndisab_c_01_05_2023_2151,not_married_pt,FALSE,c,2023-05-01,,,,,,,,,,2151,21.9,20.2,19.2,16.4,15.5,13.5
income_tax_nmarried_ndisab_c_01_05_2023_2283,not_married_pt,FALSE,c,2023-05-01,,,,,,,,,,2283,22.8,21.3,20.3,17.5,16.5,14.5
income_tax_nmarried_ndisab_c_01_05_2023_2439,not_married_pt,FALSE,c,2023-05-01,,,,,,,,,,2439,23.8,22.2,21.3,18.5,17.6,15.5
income_tax_nmarried_ndisab_c_01_05_2023_2609,not_married_pt,FALSE,c,2023-05-01,,,,,,,,,,2609,24.8,24.2,22.2,20.4,18.5,17.6
income_tax_nmarried_ndisab_c_01_05_2023_2864,not_married_pt,FALSE,c,2023-05-01,,,,,,,,,,2864,25.8,25.1,23.3,21.4,19.4,18.5
income_tax_nmarried_ndisab_c_01_05_2023_3195,not_married_pt,FALSE,c,2023-05-01,,,,,,,,,,3195,27,26.4,24.5,22.5,20.6,19.6
income_tax_nmarried_ndisab_c_01_05_2023_3669,not_married_pt,FALSE,c,2023-05-01,,,,,,,,,,3669,28.6,28.3,26.8,25.2,24.6,23
income_tax_nmarried_ndisab_c_01_05_2023_4260,not_married_pt,FALSE,c,2023-05-01,,,,,,,,,,4260,29.7,29.5,27.7,26.2,25.6,25
income_tax_nmarried_ndisab_c_01_05_2023_4796,not_married_pt,FALSE,c,2023-05-01,,,,,,,,,,4796,31.4,31,29.4,27.6,27,26.5
income_tax_nmarried_ndisab_c_01_05_2023_5387,not_married_pt,FALSE,c,2023-05-01,,,,,,,,,,5387,32.3,31.8,31.3,28.9,28,27.4
income_tax_nmarried_ndisab_c_01_05_2023_6085,not_married_pt,FALSE,c,2023-05-01,,,,,,,,,,6085,33.3,32.8,32.2,29.8,29.2,28.4
income_tax_nmarried_ndisab_c_01_05_2023_6924,not_married_pt,FALSE,c,2023-05-01,,,,,,,,,,6924,35.3,34.9,34.1,32.2,31.8,31.5
income_tax_nmarried_ndisab_c_01_05_2023_8171,not_married_pt,FALSE,c,2023-05-01,,,,,,,,,,8171,36.3,35.9,35.5,34.2,32.8,32.4
income_tax_nmarried_ndisab_c_01_05_2023_9840,not_married_pt,FALSE,c,2023-05-01,,,,,,,,,,9840,38.2,37.8,37.4,36.2,35.8,34.4
income_tax_nmarried_ndisab_c_01_05_2023_11612,not_married_pt,FALSE,c,2023-05-01,,,,,,,,,,11612,39.2,38.8,38.4,37.5,36.7,35.4
income_tax_nmarried_ndisab_c_01_05_2023_19404,not_married_pt,FALSE,c,2023-05-01,,,,,,,,,,19404,40.2,39.8,39.4,38.5,38.1,36.4
income_tax_nmarried_ndisab_c_01_05_2023_20811,not_married_pt,FALSE,c,2023-05-01,,,,,,,,,,20811,41.2,40.8,40.4,39.5,39.1,37.3
income_tax_nmarried_ndisab_c_01_05_2023_23413,not_married_pt,FALSE,c,2023-05-01,,,,,,,,,,23413,41.9,41.7,41.4,40.5,40.1,38.5
income_tax_nmarried_ndisab_c_01_05_2023_26014,not_married_pt,FALSE,c,2023-05-01,,,,,,,,,,26014,42.9,42.7,42.3,41.4,41.1,39.7
income_tax_nmarried_ndisab_c_01_05_2023_9999999999,not_married_pt,FALSE,c,2023-05-01,,,,,,,,,,9999999999,43.8,43.6,43.3,42.4,42,40.7
income_tax_moneholder_ndisab_c_01_05_2023_765,married_one_holder_pt,FALSE,c,2023-05-01,,,,,,,,,,765,0,0,0,0,0,0
income_tax_moneholder_ndisab_c_01_05_2023_790,married_one_holder_pt,FALSE,c,2023-05-01,,,,,,,,,,790,0.7,0,0,0,0,0
income_tax_moneholder_ndisab_c_01_05_2023_818,married_one_holder_pt,FALSE,c,2023-05-01,,,,,,,,,,818,2.4,0,0,0,0,0
income_tax_moneholder_ndisab_c_01_05_2023_842,married_one_holder_pt,FALSE,c,2023-05-01,,,,,,,,,,842,3.3,0.8,0,0,0,0
income_tax_moneholder_ndisab_c_01_05_2023_874,married_one_holder_pt,FALSE,c,2023-05-01,,,,,,,,,,874,5.5,1.7,0.8,0,0,0
income_tax_moneholder_ndisab_c_01_05_2023_925,married_one_holder_pt,FALSE,c,2023-05-01,,,,,,,,,,925,6.4,3.6,1.1,0,0,0
income_tax_moneholder_ndisab_c_01_05_2023_1019,married_one_holder_pt,FALSE,c,2023-05-01,,,,,,,,,,1019,7.2,4.5,2.8,0,0,0
income_tax_moneholder_ndisab_c_01_05_2023_1129,married_one_holder_pt,FALSE,c,2023-05-01,,,,,,,,,,1129,8,5.4,3.6,0.9,0,0
income_tax_moneholder_ndisab_c_01_05_2023_1282,married_one_holder_pt,FALSE,c,2023-05-01,,,,,,,,,,1282,9.1,6.8,4.6,1.9,0,0
income_tax_moneholder_ndisab_c_01_05_2023_1445,married_one_holder_pt,FALSE,c,2023-05-01,,,,,,,,,,1445,10.7,8.9,7.1,4.3,2.6,1.7
income_tax_moneholder_ndisab_c_01_05_2023_1677,married_one_holder_pt,FALSE,c,2023-05-01,,,,,,,,,,1677,11.7,10,8.1,6.3,4.5,2.7
income_tax_moneholder_ndisab_c_01_05_2023_1784,married_one_holder_pt,FALSE,c,2023-05-01,,,,,,,,,,1784,13.1,11.4,10,7.7,5.9,5.1
income_tax_moneholder_ndisab_c_01_05_2023_1913,married_one_holder_pt,FALSE,c,2023-05-01,,,,,,,,,,1913,14,12.4,11.7,9,7.3,6.5
income_tax_moneholder_ndisab_c_01_05_2023_2071,married_one_holder_pt,FALSE,c,2023-05-01,,,,,,,,,,2071,15,13.3,12.5,10,9.2,7.4
income_tax_moneholder_ndisab_c_01_05_2023_2229,married_one_holder_pt,FALSE,c,2023-05-01,,,,,,,,,,2229,16,14.3,13.5,10.9,10.2,8.5
income_tax_moneholder_ndisab_c_01_05_2023_2416,married_one_holder_pt,FALSE,c,2023-05-01,,,,,,,,,,2416,17,16.3,14.6,11.9,11.1,9.5
income_tax_moneholder_ndisab_c_01_05_2023_2650,married_one_holder_pt,FALSE,c,2023-05-01,,,,,,,,,,2650,17.4,16.9,15.2,12.6,11.7,10.2
income_tax_moneholder_ndisab_c_01_05_2023_3025,married_one_holder_pt,FALSE,c,2023-05-01,,,,,,,,,,3025,18.9,18.2,16.6,14.8,13.1,12.3
income_tax_moneholder_ndisab_c_01_05_2023_3455,married_one_holder_pt,FALSE,c,2023-05-01,,,,,,,,,,3455,21.5,21.4,19.8,18.4,17.1,16.7
income_tax_moneholder_ndisab_c_01_05_2023_3724,married_one_holder_pt,FALSE,c,2023-05-01,,,,,,,,,,3724,22.4,22.3,21,19.4,19,17.6
income_tax_moneholder_ndisab_c_01_05_2023_3995,married_one_holder_pt,FALSE,c,2023-05-01,,,,,,,,,,3995,23.4,23.3,22,20.6,20,18.6
income_tax_moneholder_ndisab_c_01_05_2023_4367,married_one_holder_pt,FALSE,c,2023-05-01,,,,,,,,,,4367,24.4,24.3,22.9,21.6,21.2,20.6
income_tax_moneholder_ndisab_c_01_05_2023_4744,married_one_holder_pt,FALSE,c,2023-05-01,,,,,,,,,,4744,25.9,25.3,23.9,22.5,22.1,21.8
income_tax_moneholder_ndisab_c_01_05_2023_5226,married_one_holder_pt,FALSE,c,2023-05-01,,,,,,,,,,5226,26.9,26.3,25.9,23.5,23.1,22.7
income_tax_moneholder_ndisab_c_01_05_2023_5871,married_one_holder_pt,FALSE,c,2023-05-01,,,,,,,,,,5871,27.8,27.2,26.9,24.5,24.1,23.7
income_tax_moneholder_ndisab_c_01_05_2023_6625,married_one_holder_pt,FALSE,c,2023-05-01,,,,,,,,,,6625,28.8,28.2,27.8,25.5,25.1,24.7
income_tax_moneholder_ndisab_c_01_05_2023_7537,married_one_holder_pt,FALSE,c,2023-05-01,,,,,,,,,,7537,29.7,29.6,29.2,27,26.9,26.7
income_tax_moneholder_ndisab_c_01_05_2023_8687,married_one_holder_pt,FALSE,c,2023-05-01,,,,,,,,,,8687,30.7,30.6,30.4,29,27.8,27.6
income_tax_moneholder_ndisab_c_01_05_2023_9609,married_one_holder_pt,FALSE,c,2023-05-01,,,,,,,,,,9609,32.1,32,31.9,30.7,29.3,29.1
income_tax_moneholder_ndisab_c_01_05_2023_10754,married_one_holder_pt,FALSE,c,2023-05-01,,,,,,,,,,10754,33.1,33,32.8,31.7,31.5,30
income_tax_moneholder_ndisab_c_01_05_2023_14423,married_one_holder_pt,FALSE,c,2023-05-01,,,,,,,,,,14423,34.4,34.3,33.8,32.6,32.4,31.3
income_tax_moneholder_ndisab_c_01_05_2023_20706,married_one_holder_pt,FALSE,c,2023-05-01,,,,,,,,,,20706,36.4,36.3,36.2,35.1,34.9,33.7
income_tax_moneholder_ndisab_c_01_05_2023_23413,married_one_holder_pt,FALSE,c,2023-05-01,,,,,,,,,,23413,37.3,37.2,37.1,36.5,35.9,34.7
income_tax_moneholder_ndisab_c_01_05_2023_26014,married_one_holder_pt,FALSE,c,2023-05-01,,,,,,,,,,26014,38.3,38.2,38.1,37.4,37.2,35.7
income_tax_moneholder_ndisab_c_01_05_2023_29135,married_one_holder_pt,FALSE,c,2023-05-01,,,,,,,,,,29135,39.3,39.2,39.1,38.4,38.2,37
income_tax_moneholder_ndisab_c_01_05_2023_9999999999,married_one_holder_pt,FALSE,c,2023-05-01,,,,,,,,,,9999999999,40.3,40.2,40.1,39.4,39.2,38
income_tax_mtwoholders_ndisab_c_01_05_2023_765,married_two_holders_pt,FALSE,c,2023-05-01,,,,,,,,,,765,0,0,0,0,0,0
income_tax_mtwoholders_ndisab_c_01_05_2023_790,married_two_holders_pt,FALSE,c,2023-05-01,,,,,,,,,,790,0.8,0.7,0.4,0,0,0
income_tax_mtwoholders_ndisab_c_01_05_2023_818,married_two_holders_pt,FALSE,c,2023-05-01,,,,,,,,,,818,4,3.6,0.9,0,0,0
income_tax_mtwoholders_ndisab_c_01_05_2023_870,married_two_holders_pt,FALSE,c,2023-05-01,,,,,,,,,,870,7,5,3.3,2.4,0.5,0
income_tax_mtwoholders_ndisab_c_01_05_2023_966,married_two_holders_pt,FALSE,c,2023-05-01,,,,,,,,,,966,9.3,7.2,6.4,3.7,3,1.1
income_tax_mtwoholders_ndisab_c_01_05_2023_1051,married_two_holders_pt,FALSE,c,2023-05-01,,,,,,,,,,1051,11.2,8.5,7.7,5,4.3,3
income_tax_mtwoholders_ndisab_c_01_05_2023_1124,married_two_holders_pt,FALSE,c,2023-05-01,,,,,,,,,,1124,12,9.4,8.5,5.9,4.7,3.8
income_tax_mtwoholders_ndisab_c_01_05_2023_1194,married_two_holders_pt,FALSE,c,2023-05-01,,,,,,,,,,1194,13,11.3,10.5,7.8,7,5.2
income_tax_mtwoholders_ndisab_c_01_05_2023_1282,married_two_holders_pt,FALSE,c,2023-05-01,,,,,,,,,,1282,14,12.3,11.4,8.8,7.9,6.2
income_tax_mtwoholders_ndisab_c_01_05_2023_1387,married_two_holders_pt,FALSE,c,2023-05-01,,,,,,,,,,1387,15,14.3,12.5,10.6,8.9,8
income_tax_mtwoholders_ndisab_c_01_05_2023_1466,married_two_holders_pt,FALSE,c,2023-05-01,,,,,,,,,,1466,16.1,15.3,13.6,11.9,10,9.2
income_tax_mtwoholders_ndisab_c_01_05_2023_1609,married_two_holders_pt,FALSE,c,2023-05-01,,,,,,,,,,1609,17.1,16.4,14.6,12.8,11.1,10.2
income_tax_mtwoholders_ndisab_c_01_05_2023_1762,married_two_holders_pt,FALSE,c,2023-05-01,,,,,,,,,,1762,18.5,17.7,16.1,14.3,13.4,11.7
income_tax_mtwoholders_ndisab_c_01_05_2023_1925,married_two_holders_pt,FALSE,c,2023-05-01,,,,,,,,,,1925,19.9,19.3,17.6,16,15.2,13.5
income_tax_mtwoholders_ndisab_c_01_05_2023_2035,married_two_holders_pt,FALSE,c,2023-05-01,,,,,,,,,,2035,20.9,20.4,18.5,16.9,16.1,14.5
income_tax_mtwoholders_ndisab_c_01_05_2023_2151,married_two_holders_pt,FALSE,c,2023-05-01,,,,,,,,,,2151,21.9,21.4,19.6,17.7,17,16.3
income_tax_mtwoholders_ndisab_c_01_05_2023_2283,married_two_holders_pt,FALSE,c,2023-05-01,,,,,,,,,,2283,22.8,22.3,20.7,18.9,17.9,17.3
income_tax_mtwoholders_ndisab_c_01_05_2023_2440,married_two_holders_pt,FALSE,c,2023-05-01,,,,,,,,,,2440,23.8,23.4,22.6,19.9,19.1,18.2
income_tax_mtwoholders_ndisab_c_01_05_2023_2609,married_two_holders_pt,FALSE,c,2023-05-01,,,,,,,,,,2609,24.8,24.4,23.6,21,20.2,19.4
income_tax_mtwoholders_ndisab_c_01_05_2023_2864,married_two_holders_pt,FALSE,c,2023-05-01,,,,,,,,,,2864,25.7,25.2,24.6,21.9,21.2,20.4
income_tax_mtwoholders_ndisab_c_01_05_2023_3195,married_two_holders_pt,FALSE,c,2023-05-01,,,,,,,,,,3195,26.9,26.5,25.7,23.1,22.3,21.6
income_tax_mtwoholders_ndisab_c_01_05_2023_3669,married_two_holders_pt,FALSE,c,2023-05-01,,,,,,,,,,3669,28.5,28.4,28,25.7,25.3,24.9
income_tax_mtwoholders_ndisab_c_01_05_2023_4260,married_two_holders_pt,FALSE,c,2023-05-01,,,,,,,,,,4260,29.6,29.5,29,27.6,26.3,25.9
income_tax_mtwoholders_ndisab_c_01_05_2023_4796,married_two_holders_pt,FALSE,c,2023-05-01,,,,,,,,,,4796,31.4,31.1,30.7,29,27.7,27.3
income_tax_mtwoholders_ndisab_c_01_05_2023_5387,married_two_holders_pt,FALSE,c,2023-05-01,,,,,,,,,,5387,32.3,32,31.6,30.3,29.6,28.3
income_tax_mtwoholders_ndisab_c_01_05_2023_6085,married_two_holders_pt,FALSE,c,2023-05-01,,,,,,,,,,6085,33.3,33,32.6,31.3,30.9,29.2
income_tax_mtwoholders_ndisab_c_01_05_2023_6924,married_two_holders_pt,FALSE,c,2023-05-01,,,,,,,,,,6924,35.2,35,34.5,33.8,33.6,33.4
income_tax_mtwoholders_ndisab_c_01_05_2023_8171,married_two_holders_pt,FALSE,c,2023-05-01,,,,,,,,,,8171,36.2,36,35.8,34.7,34.6,34.4
income_tax_mtwoholders_ndisab_c_01_05_2023_9840,married_two_holders_pt,FALSE,c,2023-05-01,,,,,,,,,,9840,38.1,37.9,37.7,36.6,36.4,36.3
income_tax_mtwoholders_ndisab_c_01_05_2023_11612,married_two_holders_pt,FALSE,c,2023-05-01,,,,,,,,,,11612,39.1,38.9,38.7,38,37.4,37.2
income_tax_mtwoholders_ndisab_c_01_05_2023_19404,married_two_holders_pt,FALSE,c,2023-05-01,,,,,,,,,,19404,40.1,39.9,39.7,39,38.8,38.2
income_tax_mtwoholders_ndisab_c_01_05_2023_20811,married_two_holders_pt,FALSE,c,2023-05-01,,,,,,,,,,20811,41.1,40.9,40.7,40,39.8,39.2
income_tax_mtwoholders_ndisab_c_01_05_2023_23413,married_two_holders_pt,FALSE,c,2023-05-01,,,,,,,,,,23413,41.8,41.7,41.6,41,40.8,40.4
income_tax_mtwoholders_ndisab_c_01_05_2023_26014,married_two_holders_pt,FALSE,c,2023-05-01,,,,,,,,,,26014,42.8,42.7,42.6,41.9,41.7,41.5
income_tax_mtwoholders_ndisab_c_01_05_2023_9999999999,married_two_holders_pt,FALSE,c,2023-05-01,,,,,,,,,,9999999999,43.8,43.7,43.6,42.9,42.7,42.5
income_tax_nmarried_disab_c_01_05_2023_1348,not_married_pt,TRUE,c,2023-05-01,,,,,,,,,,1348,0,0,0,0,0,0
income_tax_nmarried_disab_c_01_05_2023_1456,not_married_pt,TRUE,c,2023-05-01,,,,,,,,,,1456,1.2,0,0,0,0,0
income_tax_nmarried_disab_c_01_05_2023_1498,not_married_pt,TRUE,c,2023-05-01,,,,,,,,,,1498,4.1,0.6,0,0,0,0
income_tax_nmarried_disab_c_01_05_2023_1703,not_married_pt,TRUE,c,2023-05-01,,,,,,,,,,1703,5.1,2.6,0,0,0,0
income_tax_nmarried_disab_c_01_05_2023_2019,not_married_pt,TRUE,c,2023-05-01,,,,,,,,,,2019,6.6,4.7,3.7,0.2,0,0
income_tax_nmarried_disab_c_01_05_2023_2140,not_married_pt,TRUE,c,2023-05-01,,,,,,,,,,2140,8,6.2,5.2,2.2,1.2,0
income_tax_nmarried_disab_c_01_05_2023_2282,not_married_pt,TRUE,c,2023-05-01,,,,,,,,,,2282,9.9,7.2,6.2,4.2,2.2,1.2
income_tax_nmarried_disab_c_01_05_2023_2387,not_married_pt,TRUE,c,2023-05-01,,,,,,,,,,2387,12.3,9.5,7.6,5.7,3.7,2.7
income_tax_nmarried_disab_c_01_05_2023_2552,not_married_pt,TRUE,c,2023-05-01,,,,,,,,,,2552,14.3,11.5,9.6,7.6,5.8,3.7
income_tax_nmarried_disab_c_01_05_2023_2650,not_married_pt,TRUE,c,2023-05-01,,,,,,,,,,2650,15.2,13.4,11.5,9.6,6.7,5.8
income_tax_nmarried_disab_c_01_05_2023_2757,not_married_pt,TRUE,c,2023-05-01,,,,,,,,,,2757,16.3,14.4,12.4,10.6,8.6,7.6
income_tax_nmarried_disab_c_01_05_2023_3025,not_married_pt,TRUE,c,2023-05-01,,,,,,,,,,3025,17.2,15.4,13.4,11.6,10.6,9.6
income_tax_nmarried_disab_c_01_05_2023_3347,not_married_pt,TRUE,c,2023-05-01,,,,,,,,,,3347,18.3,16.9,15.3,13.8,13.2,12.6
income_tax_nmarried_disab_c_01_05_2023_3690,not_married_pt,TRUE,c,2023-05-01,,,,,,,,,,3690,19.5,18,16.5,14.9,14.3,13.7
income_tax_nmarried_disab_c_01_05_2023_3831,not_married_pt,TRUE,c,2023-05-01,,,,,,,,,,3831,20,18.6,17.1,15,14.8,14
income_tax_nmarried_disab_c_01_05_2023_4048,not_married_pt,TRUE,c,2023-05-01,,,,,,,,,,4048,21.5,20.2,19.6,16.9,16.3,15.7
income_tax_nmarried_disab_c_01_05_2023_4481,not_married_pt,TRUE,c,2023-05-01,,,,,,,,,,4481,23.4,22.1,21.6,19,18.2,17.6
income_tax_nmarried_disab_c_01_05_2023_4797,not_married_pt,TRUE,c,2023-05-01,,,,,,,,,,4797,24.4,23.1,22.5,20,19.4,18.6
income_tax_nmarried_disab_c_01_05_2023_5065,not_married_pt,TRUE,c,2023-05-01,,,,,,,,,,5065,25.4,24.1,23.5,21,20.4,19.8
income_tax_nmarried_disab_c_01_05_2023_5387,not_married_pt,TRUE,c,2023-05-01,,,,,,,,,,5387,26.4,25.1,24.5,22,21.4,20.8
income_tax_nmarried_disab_c_01_05_2023_5817,not_married_pt,TRUE,c,2023-05-01,,,,,,,,,,5817,27.3,26.1,25.5,23.9,22.3,21.8
income_tax_nmarried_disab_c_01_05_2023_6300,not_married_pt,TRUE,c,2023-05-01,,,,,,,,,,6300,28.8,27.5,27,25.4,23.8,23.2
income_tax_nmarried_disab_c_01_05_2023_6966,not_married_pt,TRUE,c,2023-05-01,,,,,,,,,,6966,29.7,28.7,28.3,27,25.6,25.2
income_tax_nmarried_disab_c_01_05_2023_7448,not_married_pt,TRUE,c,2023-05-01,,,,,,,,,,7448,30.7,29.8,29.3,27.9,26.6,26.2
income_tax_nmarried_disab_c_01_05_2023_8046,not_married_pt,TRUE,c,2023-05-01,,,,,,,,,,8046,31.7,30.8,30.4,28.9,28.5,27.1
income_tax_nmarried_disab_c_01_05_2023_8749,not_married_pt,TRUE,c,2023-05-01,,,,,,,,,,8749,32.6,31.8,31.4,30,29,28.1
income_tax_nmarried_disab_c_01_05_2023_9555,not_married_pt,TRUE,c,2023-05-01,,,,,,,,,,9555,33.6,32.7,32.3,31,29.6,29.1
income_tax_nmarried_disab_c_01_05_2023_10311,not_married_pt,TRUE,c,2023-05-01,,,,,,,,,,10311,35.1,34.2,33.8,32.4,32,30.7
income_tax_nmarried_disab_c_01_05_2023_12901,not_married_pt,TRUE,c,2023-05-01,,,,,,,,,,12901,36.1,35.2,34.8,33.4,33,31.7
income_tax_nmarried_disab_c_01_05_2023_9999999999,not_married_pt,TRUE,c,2023-05-01,,,,,,,,,,9999999999,37,36.2,35.8,34.4,34,32.6
income_tax_moneholder_disab_c_01_05_2023_1698,married_one_holder_pt,TRUE,c,2023-05-01,,,,,,,,,,1698,0,0,0,0,0,0
income_tax_moneholder_disab_c_01_05_2023_1808,married_one_holder_pt,TRUE,c,2023-05-01,,,,,,,,,,1808,0.8,0,0,0,0,0
income_tax_moneholder_disab_c_01_05_2023_1966,married_one_holder_pt,TRUE,c,2023-05-01,,,,,,,,,,1966,3.7,1,0.2,0,0,0
income_tax_moneholder_disab_c_01_05_2023_2030,married_one_holder_pt,TRUE,c,2023-05-01,,,,,,,,,,2030,4.7,3,2.2,0.4,0,0
income_tax_moneholder_disab_c_01_05_2023_2411,married_one_holder_pt,TRUE,c,2023-05-01,,,,,,,,,,2411,5.7,5,3.2,1.4,0,0
income_tax_moneholder_disab_c_01_05_2023_2598,married_one_holder_pt,TRUE,c,2023-05-01,,,,,,,,,,2598,6.6,6,4.2,2.4,0.6,0
income_tax_moneholder_disab_c_01_05_2023_2864,married_one_holder_pt,TRUE,c,2023-05-01,,,,,,,,,,2864,8.5,7.8,6.2,4.4,3.6,1.8
income_tax_moneholder_disab_c_01_05_2023_3079,married_one_holder_pt,TRUE,c,2023-05-01,,,,,,,,,,3079,9.5,8.8,7.2,5.4,4.6,2.8
income_tax_moneholder_disab_c_01_05_2023_3294,married_one_holder_pt,TRUE,c,2023-05-01,,,,,,,,,,3294,11,10.3,8.6,6.9,6.1,4.3
income_tax_moneholder_disab_c_01_05_2023_3455,married_one_holder_pt,TRUE,c,2023-05-01,,,,,,,,,,3455,12.2,11.9,10.5,9.1,8.7,8.3
income_tax_moneholder_disab_c_01_05_2023_3616,married_one_holder_pt,TRUE,c,2023-05-01,,,,,,,,,,3616,13.6,13.5,12,10.6,10.2,9.8
income_tax_moneholder_disab_c_01_05_2023_3723,married_one_holder_pt,TRUE,c,2023-05-01,,,,,,,,,,3723,14.6,14.5,14.1,11.6,11.2,10.8
income_tax_moneholder_disab_c_01_05_2023_3938,married_one_holder_pt,TRUE,c,2023-05-01,,,,,,,,,,3938,15.6,15.5,15.1,12.7,12.2,11.8
income_tax_moneholder_disab_c_01_05_2023_4048,married_one_holder_pt,TRUE,c,2023-05-01,,,,,,,,,,4048,16.6,16.5,16.1,13.7,13.3,12.7
income_tax_moneholder_disab_c_01_05_2023_4376,married_one_holder_pt,TRUE,c,2023-05-01,,,,,,,,,,4376,17.5,17.4,17.1,14.7,14.3,13.9
income_tax_moneholder_disab_c_01_05_2023_4587,married_one_holder_pt,TRUE,c,2023-05-01,,,,,,,,,,4587,18.5,18.4,18,15.7,15.3,14.9
income_tax_moneholder_disab_c_01_05_2023_5065,married_one_holder_pt,TRUE,c,2023-05-01,,,,,,,,,,5065,19.5,19.4,19,16.7,16.3,15.9
income_tax_moneholder_disab_c_01_05_2023_5495,married_one_holder_pt,TRUE,c,2023-05-01,,,,,,,,,,5495,20.5,20.4,20,17.6,17.2,16.9
income_tax_moneholder_disab_c_01_05_2023_5709,married_one_holder_pt,TRUE,c,2023-05-01,,,,,,,,,,5709,21.5,21.4,21,19.6,18.2,17.8
income_tax_moneholder_disab_c_01_05_2023_6192,married_one_holder_pt,TRUE,c,2023-05-01,,,,,,,,,,6192,22.4,22.3,22,20.6,19.2,18.8
income_tax_moneholder_disab_c_01_05_2023_6515,married_one_holder_pt,TRUE,c,2023-05-01,,,,,,,,,,6515,23.4,23.3,22.9,21.6,20.2,19.8
income_tax_moneholder_disab_c_01_05_2023_7058,married_one_holder_pt,TRUE,c,2023-05-01,,,,,,,,,,7058,24.7,24.6,24.5,23.1,22,21.8
income_tax_moneholder_disab_c_01_05_2023_7601,married_one_holder_pt,TRUE,c,2023-05-01,,,,,,,,,,7601,25.7,25.6,25.5,24.3,23.9,22.7
income_tax_moneholder_disab_c_01_05_2023_8465,married_one_holder_pt,TRUE,c,2023-05-01,,,,,,,,,,8465,26.7,26.6,26.5,25.3,25.1,23.7
income_tax_moneholder_disab_c_01_05_2023_9446,married_one_holder_pt,TRUE,c,2023-05-01,,,,,,,,,,9446,27.6,27.5,27.4,26.3,26.1,24.9
income_tax_moneholder_disab_c_01_05_2023_10532,married_one_holder_pt,TRUE,c,2023-05-01,,,,,,,,,,10532,29.1,29,28.9,27.7,27.5,26.4
income_tax_moneholder_disab_c_01_05_2023_11617,married_one_holder_pt,TRUE,c,2023-05-01,,,,,,,,,,11617,30,29.9,29.8,28.7,28.5,27.3
income_tax_moneholder_disab_c_01_05_2023_13389,married_one_holder_pt,TRUE,c,2023-05-01,,,,,,,,,,13389,31.5,31.4,31.3,30.1,29.9,28.8
income_tax_moneholder_disab_c_01_05_2023_9999999999,married_one_holder_pt,TRUE,c,2023-05-01,,,,,,,,,,9999999999,32.4,32.3,32.2,31.1,30.9,29.7
income_tax_mtwoholders_disab_c_01_05_2023_1348,married_two_holders_pt,TRUE,c,2023-05-01,,,,,,,,,,1348,0,0,0,0,0,0
income_tax_mtwoholders_disab_c_01_05_2023_1456,married_two_holders_pt,TRUE,c,2023-05-01,,,,,,,,,,1456,1.2,0,0,0,0,0
income_tax_mtwoholders_disab_c_01_05_2023_1498,married_two_holders_pt,TRUE,c,2023-05-01,,,,,,,,,,1498,3.6,2.8,0,0,0,0
income_tax_mtwoholders_disab_c_01_05_2023_1703,married_two_holders_pt,TRUE,c,2023-05-01,,,,,,,,,,1703,4.6,3.8,1.9,0,0,0
income_tax_mtwoholders_disab_c_01_05_2023_2019,married_two_holders_pt,TRUE,c,2023-05-01,,,,,,,,,,2019,6.6,5.8,4.1,2.3,1.5,0
income_tax_mtwoholders_disab_c_01_05_2023_2140,married_two_holders_pt,TRUE,c,2023-05-01,,,,,,,,,,2140,8,7.4,5.5,3.8,3,2.2
income_tax_mtwoholders_disab_c_01_05_2023_2282,married_two_holders_pt,TRUE,c,2023-05-01,,,,,,,,,,2282,9.9,8.3,7.5,5.7,4,3.2
income_tax_mtwoholders_disab_c_01_05_2023_2387,married_two_holders_pt,TRUE,c,2023-05-01,,,,,,,,,,2387,12.3,10.7,9,7.3,6.4,5.6
income_tax_mtwoholders_disab_c_01_05_2023_2552,married_two_holders_pt,TRUE,c,2023-05-01,,,,,,,,,,2552,14.3,12.6,10.9,9.2,7.4,6.6
income_tax_mtwoholders_disab_c_01_05_2023_2650,married_two_holders_pt,TRUE,c,2023-05-01,,,,,,,,,,2650,15.2,13.6,12.8,11.1,9.4,8.6
income_tax_mtwoholders_disab_c_01_05_2023_2757,married_two_holders_pt,TRUE,c,2023-05-01,,,,,,,,,,2757,16.3,14.6,13.8,12.1,10.4,9.6
income_tax_mtwoholders_disab_c_01_05_2023_3025,married_two_holders_pt,TRUE,c,2023-05-01,,,,,,,,,,3025,17.2,15.6,14.8,13.1,11.4,10.6
income_tax_mtwoholders_disab_c_01_05_2023_3347,married_two_holders_pt,TRUE,c,2023-05-01,,,,,,,,,,3347,18.3,17.1,16.7,15.3,14,13.6
income_tax_mtwoholders_disab_c_01_05_2023_3723,married_two_holders_pt,TRUE,c,2023-05-01,,,,,,,,,,3723,19.5,18.2,17.8,16.5,15.1,14.7
income_tax_mtwoholders_disab_c_01_05_2023_3831,married_two_holders_pt,TRUE,c,2023-05-01,,,,,,,,,,3831,20.5,19.4,18.8,17.4,17.1,15.7
income_tax_mtwoholders_disab_c_01_05_2023_4048,married_two_holders_pt,TRUE,c,2023-05-01,,,,,,,,,,4048,21.5,20.4,20,18.4,18,16.7
income_tax_mtwoholders_disab_c_01_05_2023_4481,married_two_holders_pt,TRUE,c,2023-05-01,,,,,,,,,,4481,22.9,21.9,21.5,20.1,19.5,18.1
income_tax_mtwoholders_disab_c_01_05_2023_4796,married_two_holders_pt,TRUE,c,2023-05-01,,,,,,,,,,4796,23.9,22.8,22.4,21.1,20.7,20.1
income_tax_mtwoholders_disab_c_01_05_2023_5065,married_two_holders_pt,TRUE,c,2023-05-01,,,,,,,,,,5065,24.9,23.8,23.4,22.1,21.7,21.3
income_tax_mtwoholders_disab_c_01_05_2023_5387,married_two_holders_pt,TRUE,c,2023-05-01,,,,,,,,,,5387,25.9,24.8,24.4,23,22.6,22.2
income_tax_mtwoholders_disab_c_01_05_2023_5816,married_two_holders_pt,TRUE,c,2023-05-01,,,,,,,,,,5816,26.9,25.8,25.4,24,23.6,23.2
income_tax_mtwoholders_disab_c_01_05_2023_6300,married_two_holders_pt,TRUE,c,2023-05-01,,,,,,,,,,6300,28.3,27.2,26.9,25.5,25.1,24.7
income_tax_mtwoholders_disab_c_01_05_2023_6966,married_two_holders_pt,TRUE,c,2023-05-01,,,,,,,,,,6966,29.7,28.9,28.7,27.5,27.3,27.1
income_tax_mtwoholders_disab_c_01_05_2023_7448,married_two_holders_pt,TRUE,c,2023-05-01,,,,,,,,,,7448,30.7,30,29.6,28.5,28.3,28.1
income_tax_mtwoholders_disab_c_01_05_2023_8046,married_two_holders_pt,TRUE,c,2023-05-01,,,,,,,,,,8046,31.7,31,30.8,29.4,29.3,29.1
income_tax_mtwoholders_disab_c_01_05_2023_8749,married_two_holders_pt,TRUE,c,2023-05-01,,,,,,,,,,8749,32.6,31.9,31.8,30.6,30.2,30
income_tax_mtwoholders_disab_c_01_05_2023_9555,married_two_holders_pt,TRUE,c,2023-05-01,,,,,,,,,,9555,33.6,32.9,32.7,31.6,31.4,31
income_tax_mtwoholders_disab_c_01_05_2023_10311,married_two_holders_pt,TRUE,c,2023-05-01,,,,,,,,,,10311,35.1,34.4,34.2,33,32.8,32.6
income_tax_mtwoholders_disab_c_01_05_2023_12901,married_two_holders_pt,TRUE,c,2023-05-01,,,,,,,,,,12901,36.1,35.4,35.2,34,33.8,33.6
income_tax_mtwoholders_disab_c_01_05_2023_9999999999,married_two_holders_pt,TRUE,c,2023-05-01,,,,,,,,,,9999999999,37,36.4,36.2,35,34.8,34.6
income_tax_762_i_c_01_07_2023,"not_married_pt,married_two_holders_pt",FALSE,c,2023-07-01,0,0,,,0,I,no,FALSE,FALSE,762,,,,,,
"income_tax_886,57_i_c_01_07_2023","not_married_pt,married_two_holders_pt",FALSE,c,2023-07-01,0.145,0.145 * 2.3 * (1093.31 - R),,,0.067,I,no,FALSE,FALSE,886.57,,,,,,
"income_tax_932,14_i_c_01_07_2023","not_married_pt,married_two_holders_pt",FALSE,c,2023-07-01,0.21,0.21 * 1.3 * (1350.22 - R),,,0.088,I,no,FALSE,FALSE,932.14,,,,,,
"income_tax_999,14_i_c_01_07_2023","not_married_pt,married_two_holders_pt",FALSE,c,2023-07-01,0.21,114.14,,,0.096,I,no,FALSE,FALSE,999.14,,,,,,
"income_tax_1106,93_i_c_01_07_2023","not_married_pt,married_two_holders_pt",FALSE,c,2023-07-01,0.265,169.09,,,0.112,I,no,FALSE,FALSE,1106.93,,,,,,
"income_tax_1600,36_i_c_01_07_2023","not_married_pt,married_two_holders_pt",FALSE,c,2023-07-01,0.285,191.23,,,0.166,I,no,FALSE,FALSE,1600.36,,,,,,
"income_tax_1961,36_i_c_01_07_2023","not_married_pt,married_two_holders_pt",FALSE,c,2023-07-01,0.35,295.26,,,0.199,I,no,FALSE,FALSE,1961.36,,,,,,
"income_tax_2529,05_i_c_01_07_2023","not_married_pt,married_two_holders_pt",FALSE,c,2023-07-01,0.37,334.48,,,0.238,I,no,FALSE,FALSE,2529.05,,,,,,
"income_tax_3694,46_i_c_01_07_2023","not_married_pt,married_two_holders_pt",FALSE,c,2023-07-01,0.3872,377.86,,,0.285,I,no,FALSE,FALSE,3694.46,,,,,,
"income_tax_5469,9_i_c_01_07_2023","not_married_pt,married_two_holders_pt",FALSE,c,2023-07-01,0.4005,427.18,,,0.322,I,no,FALSE,FALSE,5469.9,,,,,,
"income_tax_6420,55_i_c_01_07_2023","not_married_pt,married_two_holders_pt",FALSE,c,2023-07-01,0.4272,573.22,,,0.338,I,no,FALSE,FALSE,6420.55,,,,,,
"income_tax_20064,21_i_c_01_07_2023","not_married_pt,married_two_holders_pt",FALSE,c,2023-07-01,0.4495,716.08,,,0.414,I,no,FALSE,FALSE,20064.21,,,,,,
income_tax_999999999_i_c_01_07_2023,"not_married_pt,married_two_holders_pt",FALSE,c,2023-07-01,0.4717,1162.51,,,,I,no,FALSE,FALSE,999999999,,,,,,
income_tax_762_ii_c_01_07_2023,not_married_pt,FALSE,c,2023-07-01,0,0,0,,0,II,with_one_or_more,FALSE,FALSE,762,,,,,,
"income_tax_886,57_ii_c_01_07_2023",not_married_pt,FALSE,c,2023-07-01,0.145,0.145 * 2.3 * (1114.71 - R),34.29,,0.021,II,with_one_or_more,FALSE,FALSE,886.57,,,,,,
"income_tax_932,14_ii_c_01_07_2023",not_married_pt,FALSE,c,2023-07-01,0.21,0.21 * 1.3 * (1376.37 - R),34.29,,0.043,II,with_one_or_more,FALSE,FALSE,932.14,,,,,,
"income_tax_999,14_ii_c_01_07_2023",not_married_pt,FALSE,c,2023-07-01,0.21,121.28,34.29,,0.054,II,with_one_or_more,FALSE,FALSE,999.14,,,,,,
"income_tax_1106,93_ii_c_01_07_2023",not_married_pt,FALSE,c,2023-07-01,0.265,176.23,34.29,,0.075,II,with_one_or_more,FALSE,FALSE,1106.93,,,,,,
"income_tax_1600,36_ii_c_01_07_2023",not_married_pt,FALSE,c,2023-07-01,0.285,198.37,34.29,,0.14,II,with_one_or_more,FALSE,FALSE,1600.36,,,,,,
"income_tax_1961,36_ii_c_01_07_2023",not_married_pt,FALSE,c,2023-07-01,0.35,302.39,34.29,,0.178,II,with_one_or_more,FALSE,FALSE,1961.36,,,,,,
"income_tax_2529,05_ii_c_01_07_2023",not_married_pt,FALSE,c,2023-07-01,0.37,341.62,34.29,,0.221,II,with_one_or_more,FALSE,FALSE,2529.05,,,,,,
"income_tax_3694,46_ii_c_01_07_2023",not_married_pt,FALSE,c,2023-07-01,0.3872,384.99,34.29,,0.274,II,with_one_or_more,FALSE,FALSE,3694.46,,,,,,
"income_tax_5469,9_ii_c_01_07_2023",not_married_pt,FALSE,c,2023-07-01,0.4005,434.32,34.29,,0.315,II,with_one_or_more,FALSE,FALSE,5469.9,,,,,,
"income_tax_6420,55_ii_c_01_07_2023",not_married_pt,FALSE,c,2023-07-01,0.4272,580.36,34.29,,0.331,II,with_one_or_more,FALSE,FALSE,6420.55,,,,,,
"income_tax_20064,21_ii_c_01_07_2023",not_married_pt,FALSE,c,2023-07-01,0.4495,723.22,34.29,,0.412,II,with_one_or_more,FALSE,FALSE,20064.21,,,,,,
income_tax_999999999_ii_c_01_07_2023,not_married_pt,FALSE,c,2023-07-01,0.4717,1169.65,34.29,,,II,with_one_or_more,FALSE,FALSE,999999999,,,,,,
income_tax_762_iii_c_01_07_2023,married_two_holders_pt,FALSE,c,2023-07-01,0,0,0,,0,III,with_one_or_more,FALSE,FALSE,762,,,,,,
"income_tax_886,57_iii_c_01_07_2023",married_two_holders_pt,FALSE,c,2023-07-01,0.145,0.145 * 2.3 * (1093.30  - R),21.43,,0.043,III,with_one_or_more,FALSE,FALSE,886.57,,,,,,
"income_tax_932,14_iii_c_01_07_2023",married_two_holders_pt,FALSE,c,2023-07-01,0.21,0.21 * 1.3 * (1350.21  - R),21.43,,0.065,III,with_one_or_more,FALSE,FALSE,932.14,,,,,,
"income_tax_999,14_iii_c_01_07_2023",married_two_holders_pt,FALSE,c,2023-07-01,0.21,114.14,21.43,,0.074,III,with_one_or_more,FALSE,FALSE,999.14,,,,,,
"income_tax_1106,93_iii_c_01_07_2023",married_two_holders_pt,FALSE,c,2023-07-01,0.265,169.09,21.43,,0.093,III,with_one_or_more,FALSE,FALSE,1106.93,,,,,,
"income_tax_1600,36_iii_c_01_07_2023",married_two_holders_pt,FALSE,c,2023-07-01,0.285,191.23,21.43,,0.152,III,with_one_or_more,FALSE,FALSE,1600.36,,,,,,
"income_tax_1961,36_iii_c_01_07_2023",married_two_holders_pt,FALSE,c,2023-07-01,0.35,295.25,21.43,,0.189,III,with_one_or_more,FALSE,FALSE,1961.36,,,,,,
"income_tax_2529,05_iii_c_01_07_2023",married_two_holders_pt,FALSE,c,2023-07-01,0.37,334.48,21.43,,0.229,III,with_one_or_more,FALSE,FALSE,2529.05,,,,,,
"income_tax_3694,46_iii_c_01_07_2023",married_two_holders_pt,FALSE,c,2023-07-01,0.3872,377.85,21.43,,0.279,III,with_one_or_more,FALSE,FALSE,3694.46,,,,,,
"income_tax_5469,9_iii_c_01_07_2023",married_two_holders_pt,FALSE,c,2023-07-01,0.4005,427.18,21.43,,0.318,III,with_one_or_more,FALSE,FALSE,5469.9,,,,,,
"income_tax_6420,55_iii_c_01_07_2023",married_two_holders_pt,FALSE,c,2023-07-01,0.4272,573.22,21.43,,0.335,III,with_one_or_more,FALSE,FALSE,6420.55,,,,,,
"income_tax_20064,21_iii_c_01_07_2023",married_two_holders_pt,FALSE,c,2023-07-01,0.4495,716.08,21.43,,0.413,III,with_one_or_more,FALSE,FALSE,20064.21,,,,,,
income_tax_999999999_iii_c_01_07_2023,married_two_holders_pt,FALSE,c,2023-07-01,0.4717,1162.51,21.43,,,III,with_one_or_more,FALSE,FALSE,999999999,,,,,,
income_tax_762_iv_c_01_07_2023,married_one_holder_pt,FALSE,c,2023-07-01,0,0,,,0,IV,no,FALSE,FALSE,762,,,,,,
"income_tax_886,57_iv_c_01_07_2023",married_one_holder_pt,FALSE,c,2023-07-01,0.145,0.145 * 2.3 * (1153.28  - R),,,0.045,IV,no,FALSE,FALSE,886.57,,,,,,
"income_tax_932,14_iv_c_01_07_2023",married_one_holder_pt,FALSE,c,2023-07-01,0.145,0.145 * 1.883 * (1212.39  - R),,,0.063,IV,no,FALSE,FALSE,932.14,,,,,,
"income_tax_1027,71_iv_c_01_07_2023",married_one_holder_pt,FALSE,c,2023-07-01,0.145,76.51,,,0.071,IV,no,FALSE,FALSE,1027.71,,,,,,
"income_tax_1278,36_iv_c_01_07_2023",married_one_holder_pt,FALSE,c,2023-07-01,0.1593,91.2,,,0.088,IV,no,FALSE,FALSE,1278.36,,,,,,
"income_tax_1700,36_iv_c_01_07_2023",married_one_holder_pt,FALSE,c,2023-07-01,0.21,156.03,,,0.118,IV,no,FALSE,FALSE,1700.36,,,,,,
"income_tax_1961,36_iv_c_01_07_2023",married_one_holder_pt,FALSE,c,2023-07-01,0.2468,218.66,,,0.135,IV,no,FALSE,FALSE,1961.36,,,,,,
"income_tax_2529,05_iv_c_01_07_2023",married_one_holder_pt,FALSE,c,2023-07-01,0.2758,275.52,,,0.167,IV,no,FALSE,FALSE,2529.05,,,,,,
"income_tax_3694,46_iv_c_01_07_2023",married_one_holder_pt,FALSE,c,2023-07-01,0.298,331.54,,,0.208,IV,no,FALSE,FALSE,3694.46,,,,,,
"income_tax_6327,05_iv_c_01_07_2023",married_one_holder_pt,FALSE,c,2023-07-01,0.3311,453.94,,,0.259,IV,no,FALSE,FALSE,6327.05,,,,,,
"income_tax_6420,55_iv_c_01_07_2023",married_one_holder_pt,FALSE,c,2023-07-01,0.3872,808.52,,,0.261,IV,no,FALSE,FALSE,6420.55,,,,,,
"income_tax_20064,21_iv_c_01_07_2023",married_one_holder_pt,FALSE,c,2023-07-01,0.4251,1052.4,,,0.373,IV,no,FALSE,FALSE,20064.21,,,,,,
income_tax_999999999_iv_c_01_07_2023,married_one_holder_pt,FALSE,c,2023-07-01,0.4717,1986.71,,,,IV,no,FALSE,FALSE,999999999,,,,,,
income_tax_762_v_c_01_07_2023,married_one_holder_pt,FALSE,c,2023-07-01,0,0,0,,0,V,with_one_or_more,FALSE,FALSE,762,,,,,,
"income_tax_886,57_v_c_01_07_2023",married_one_holder_pt,FALSE,c,2023-07-01,0.145,0.145 * 2.3 * (1146.84  - R),42.86,,0,V,with_one_or_more,FALSE,FALSE,886.57,,,,,,
"income_tax_932,14_v_c_01_07_2023",married_one_holder_pt,FALSE,c,2023-07-01,0.145,0.145 * 1.883 * (1204.55  - R),42.86,,0.019,V,with_one_or_more,FALSE,FALSE,932.14,,,,,,
"income_tax_999,14_v_c_01_07_2023",married_one_holder_pt,FALSE,c,2023-07-01,0.145,74.37,42.86,,0.028,V,with_one_or_more,FALSE,FALSE,999.14,,,,,,
"income_tax_1106,93_v_c_01_07_2023",married_one_holder_pt,FALSE,c,2023-07-01,0.1593,88.64,42.86,,0.041,V,with_one_or_more,FALSE,FALSE,1106.93,,,,,,
"income_tax_1600,36_v_c_01_07_2023",married_one_holder_pt,FALSE,c,2023-07-01,0.21,144.78,42.86,,0.093,V,with_one_or_more,FALSE,FALSE,1600.36,,,,,,
"income_tax_1961,36_v_c_01_07_2023",married_one_holder_pt,FALSE,c,2023-07-01,0.2468,203.73,42.86,,0.121,V,with_one_or_more,FALSE,FALSE,1961.36,,,,,,
"income_tax_2529,05_v_c_01_07_2023",married_one_holder_pt,FALSE,c,2023-07-01,0.2758,260.59,42.86,,0.156,V,with_one_or_more,FALSE,FALSE,2529.05,,,,,,
"income_tax_3694,46_v_c_01_07_2023",married_one_holder_pt,FALSE,c,2023-07-01,0.298,316.61,42.86,,0.201,V,with_one_or_more,FALSE,FALSE,3694.46,,,,,,
"income_tax_5469,9_v_c_01_07_2023",married_one_holder_pt,FALSE,c,2023-07-01,0.3311,439.01,42.86,,0.243,V,with_one_or_more,FALSE,FALSE,5469.9,,,,,,
"income_tax_6420,55_v_c_01_07_2023",married_one_holder_pt,FALSE,c,2023-07-01,0.3872,745.55,42.86,,0.264,V,with_one_or_more,FALSE,FALSE,6420.55,,,,,,
"income_tax_20064,21_v_c_01_07_2023",married_one_holder_pt,FALSE,c,2023-07-01,0.4251,989.43,42.86,,0.374,V,with_one_or_more,FALSE,FALSE,20064.21,,,,,,
income_tax_999999999_v_c_01_07_2023,married_one_holder_pt,FALSE,c,2023-07-01,0.4717,1923.74,42.86,,,V,with_one_or_more,FALSE,FALSE,999999999,,,,,,
"income_tax_1519,41_vi_c_01_07_2023","not_married_pt,married_two_holders_pt",TRUE,c,2023-07-01,0,0,,,0,VI,no,FALSE,FALSE,1519.41,,,,,,
"income_tax_1971,21_vi_c_01_07_2023","not_married_pt,married_two_holders_pt",TRUE,c,2023-07-01,0.265,402.64,,,0.061,VI,no,FALSE,FALSE,1971.21,,,,,,
"income_tax_2093,21_vi_c_01_07_2023","not_married_pt,married_two_holders_pt",TRUE,c,2023-07-01,0.285,442.07,,,0.074,VI,no,FALSE,FALSE,2093.21,,,,,,
"income_tax_2354,21_vi_c_01_07_2023","not_married_pt,married_two_holders_pt",TRUE,c,2023-07-01,0.35,578.13,,,0.104,VI,no,FALSE,FALSE,2354.21,,,,,,
"income_tax_4015,41_vi_c_01_07_2023","not_married_pt,married_two_holders_pt",TRUE,c,2023-07-01,0.37,625.21,,,0.214,VI,no,FALSE,FALSE,4015.41,,,,,,
"income_tax_4252,25_vi_c_01_07_2023","not_married_pt,married_two_holders_pt",TRUE,c,2023-07-01,0.3872,694.08,,,0.224,VI,no,FALSE,FALSE,4252.25,,,,,,
"income_tax_6527,69_vi_c_01_07_2023","not_married_pt,married_two_holders_pt",TRUE,c,2023-07-01,0.4005,750.84,,,0.285,VI,no,FALSE,FALSE,6527.69,,,,,,
"income_tax_6621,19_vi_c_01_07_2023","not_married_pt,married_two_holders_pt",TRUE,c,2023-07-01,0.4272,925.13,,,0.287,VI,no,FALSE,FALSE,6621.19,,,,,,
"income_tax_20264,85_vi_c_01_07_2023","not_married_pt,married_two_holders_pt",TRUE,c,2023-07-01,0.4495,1072.45,,,0.397,VI,no,FALSE,FALSE,20264.85,,,,,,
income_tax_999999999_vi_c_01_07_2023,"not_married_pt,married_two_holders_pt",TRUE,c,2023-07-01,0.4717,1523.35,,,,VI,no,FALSE,FALSE,999999999,,,,,,
"income_tax_1677,09_vii_c_01_07_2023",not_married_pt,TRUE,c,2023-07-01,0,0,0,,0,VII,with_one_or_more,FALSE,FALSE,1677.09,,,,,,
"income_tax_2042,64_vii_c_01_07_2023",not_married_pt,TRUE,c,2023-07-01,0.265,401.57,42.86,,0.047,VII,with_one_or_more,FALSE,FALSE,2042.64,,,,,,
"income_tax_2307,5_vii_c_01_07_2023",not_married_pt,TRUE,c,2023-07-01,0.285,442.42,42.86,,0.075,VII,with_one_or_more,FALSE,FALSE,2307.5,,,,,,
"income_tax_2425,64_vii_c_01_07_2023",not_married_pt,TRUE,c,2023-07-01,0.35,592.41,42.86,,0.088,VII,with_one_or_more,FALSE,FALSE,2425.64,,,,,,
"income_tax_3743,98_vii_c_01_07_2023",not_married_pt,TRUE,c,2023-07-01,0.37,640.92,42.86,,0.187,VII,with_one_or_more,FALSE,FALSE,3743.98,,,,,,
"income_tax_4252,25_vii_c_01_07_2023",not_married_pt,TRUE,c,2023-07-01,0.3872,705.13,42.86,,0.211,VII,with_one_or_more,FALSE,FALSE,4252.25,,,,,,
"income_tax_6527,69_vii_c_01_07_2023",not_married_pt,TRUE,c,2023-07-01,0.4005,761.9,42.86,,0.277,VII,with_one_or_more,FALSE,FALSE,6527.69,,,,,,
"income_tax_6621,19_vii_c_01_07_2023",not_married_pt,TRUE,c,2023-07-01,0.4272,936.19,42.86,,0.279,VII,with_one_or_more,FALSE,FALSE,6621.19,,,,,,
"income_tax_20264,85_vii_c_01_07_2023",not_married_pt,TRUE,c,2023-07-01,0.4495,1083.51,42.86,,0.394,VII,with_one_or_more,FALSE,FALSE,20264.85,,,,,,
income_tax_999999999_vii_c_01_07_2023,not_married_pt,TRUE,c,2023-07-01,0.4717,1534.4,42.86,,,VII,with_one_or_more,FALSE,FALSE,999999999,,,,,,
"income_tax_1574,66_viii_c_01_07_2023",married_two_holders_pt,TRUE,c,2023-07-01,0,0,0,,0,VIII,with_one_or_more,FALSE,FALSE,1574.66,,,,,,
"income_tax_2185,5_viii_c_01_07_2023",married_two_holders_pt,TRUE,c,2023-07-01,0.265,395.86,21.43,,0.074,VIII,with_one_or_more,FALSE,FALSE,2185.5,,,,,,
"income_tax_2307,5_viii_c_01_07_2023",married_two_holders_pt,TRUE,c,2023-07-01,0.285,439.57,21.43,,0.085,VIII,with_one_or_more,FALSE,FALSE,2307.5,,,,,,
"income_tax_2354,21_viii_c_01_07_2023",married_two_holders_pt,TRUE,c,2023-07-01,0.35,589.55,21.43,,0.09,VIII,with_one_or_more,FALSE,FALSE,2354.21,,,,,,
"income_tax_3301,12_viii_c_01_07_2023",married_two_holders_pt,TRUE,c,2023-07-01,0.37,636.64,21.43,,0.171,VIII,with_one_or_more,FALSE,FALSE,3301.12,,,,,,
"income_tax_4252,25_viii_c_01_07_2023",married_two_holders_pt,TRUE,c,2023-07-01,0.3872,693.25,21.43,,0.219,VIII,with_one_or_more,FALSE,FALSE,4252.25,,,,,,
"income_tax_6527,69_viii_c_01_07_2023",married_two_holders_pt,TRUE,c,2023-07-01,0.4005,750.02,21.43,,0.282,VIII,with_one_or_more,FALSE,FALSE,6527.69,,,,,,
"income_tax_6621,19_viii_c_01_07_2023",married_two_holders_pt,TRUE,c,2023-07-01,0.4272,924.31,21.43,,0.284,VIII,with_one_or_more,FALSE,FALSE,6621.19,,,,,,
"income_tax_20264,85_viii_c_01_07_2023",married_two_holders_pt,TRUE,c,2023-07-01,0.4495,1071.63,21.43,,0.396,VIII,with_one_or_more,FALSE,FALSE,20264.85,,,,,,
income_tax_999999999_viii_c_01_07_2023,married_two_holders_pt,TRUE,c,2023-07-01,0.4717,1522.52,21.43,,,VIII,with_one_or_more,FALSE,FALSE,999999999,,,,,,
"income_tax_1779,19_ix_c_01_07_2023",married_one_holder_pt,TRUE,c,2023-07-01,0,0,,,0,IX,no,FALSE,FALSE,1779.19,,,,,,
"income_tax_2664,64_ix_c_01_07_2023",married_one_holder_pt,TRUE,c,2023-07-01,0.21,373.63,,,0.07,IX,no,FALSE,FALSE,2664.64,,,,,,
"income_tax_2818,5_ix_c_01_07_2023",married_one_holder_pt,TRUE,c,2023-07-01,0.2468,471.79,,,0.079,IX,no,FALSE,FALSE,2818.5,,,,,,
"income_tax_3051,12_ix_c_01_07_2023",married_one_holder_pt,TRUE,c,2023-07-01,0.2758,553.49,,,0.094,IX,no,FALSE,FALSE,3051.12,,,,,,
"income_tax_3395,1_ix_c_01_07_2023",married_one_holder_pt,TRUE,c,2023-07-01,0.298,621.08,,,0.115,IX,no,FALSE,FALSE,3395.1,,,,,,
"income_tax_6527,69_ix_c_01_07_2023",married_one_holder_pt,TRUE,c,2023-07-01,0.3311,733.56,,,0.219,IX,no,FALSE,FALSE,6527.69,,,,,,
"income_tax_6621,19_ix_c_01_07_2023",married_one_holder_pt,TRUE,c,2023-07-01,0.3872,1099.39,,,0.221,IX,no,FALSE,FALSE,6621.19,,,,,,
"income_tax_20264,85_ix_c_01_07_2023",married_one_holder_pt,TRUE,c,2023-07-01,0.4251,1350.89,,,0.358,IX,no,FALSE,FALSE,20264.85,,,,,,
income_tax_999999999_ix_c_01_07_2023,married_one_holder_pt,TRUE,c,2023-07-01,0.4717,2294.54,,,,IX,no,FALSE,FALSE,999999999,,,,,,
"income_tax_1881,23_x_c_01_07_2023",married_one_holder_pt,TRUE,c,2023-07-01,0,0,0,,0,X,with_one_or_more,FALSE,FALSE,1881.23,,,,,,
"income_tax_2664,64_x_c_01_07_2023",married_one_holder_pt,TRUE,c,2023-07-01,0.21,352.2,42.86,,0.062,X,with_one_or_more,FALSE,FALSE,2664.64,,,,,,
"income_tax_2818,5_x_c_01_07_2023",married_one_holder_pt,TRUE,c,2023-07-01,0.2468,450.36,42.86,,0.072,X,with_one_or_more,FALSE,FALSE,2818.5,,,,,,
"income_tax_3051,12_x_c_01_07_2023",married_one_holder_pt,TRUE,c,2023-07-01,0.2758,532.06,42.86,,0.087,X,with_one_or_more,FALSE,FALSE,3051.12,,,,,,
"income_tax_3395,1_x_c_01_07_2023",married_one_holder_pt,TRUE,c,2023-07-01,0.298,599.65,42.86,,0.109,X,with_one_or_more,FALSE,FALSE,3395.1,,,,,,
"income_tax_6527,69_x_c_01_07_2023",married_one_holder_pt,TRUE,c,2023-07-01,0.3311,712.13,42.86,,0.215,X,with_one_or_more,FALSE,FALSE,6527.69,,,,,,
"income_tax_6621,19_x_c_01_07_2023",married_one_holder_pt,TRUE,c,2023-07-01,0.3872,1077.96,42.86,,0.218,X,with_one_or_more,FALSE,FALSE,6621.19,,,,,,
"income_tax_20264,85_x_c_01_07_2023",married_one_holder_pt,TRUE,c,2023-07-01,0.4251,1329.46,42.86,,0.357,X,with_one_or_more,FALSE,FALSE,20264.85,,,,,,
income_tax_999999999_x_c_01_07_2023,married_one_holder_pt,TRUE,c,2023-07-01,0.4717,2273.11,42.86,,,X,with_one_or_more,FALSE,FALSE,999999999,,,,,,
income_tax_762_xi_c_01_07_2023,"not_married_pt,married_two_holders_pt",FALSE,c,2023-07-01,0,0,,,0,XI,no,FALSE,TRUE,762,,,,,,
"income_tax_886,57_xi_c_01_07_2023","not_married_pt,married_two_holders_pt",FALSE,c,2023-07-01,0.145,0.145 * 2.3 * (1136.14  - R),,,0.051,XI,no,FALSE,TRUE,886.57,,,,,,
"income_tax_932,14_xi_c_01_07_2023","not_married_pt,married_two_holders_pt",FALSE,c,2023-07-01,0.21,0.21 * 1.3 * (1402.55  - R),,,0.072,XI,no,FALSE,TRUE,932.14,,,,,,
income_tax_1067_xi_c_01_07_2023,"not_married_pt,married_two_holders_pt",FALSE,c,2023-07-01,0.21,128.43,,,0.09,XI,no,FALSE,TRUE,1067,,,,,,
"income_tax_1349,79_xi_c_01_07_2023","not_married_pt,married_two_holders_pt",FALSE,c,2023-07-01,0.265,187.11,,,0.126,XI,no,FALSE,TRUE,1349.79,,,,,,
"income_tax_1871,79_xi_c_01_07_2023","not_married_pt,married_two_holders_pt",FALSE,c,2023-07-01,0.285,214.11,,,0.171,XI,no,FALSE,TRUE,1871.79,,,,,,
"income_tax_1932,79_xi_c_01_07_2023","not_married_pt,married_two_holders_pt",FALSE,c,2023-07-01,0.35,335.77,,,0.176,XI,no,FALSE,TRUE,1932.79,,,,,,
"income_tax_2131,14_xi_c_01_07_2023","not_married_pt,married_two_holders_pt",FALSE,c,2023-07-01,0.37,374.43,,,0.194,XI,no,FALSE,TRUE,2131.14,,,,,,
"income_tax_3184,79_xi_c_01_07_2023","not_married_pt,married_two_holders_pt",FALSE,c,2023-07-01,0.435,512.95,,,0.274,XI,no,FALSE,TRUE,3184.79,,,,,,
"income_tax_5924,21_xi_c_01_07_2023","not_married_pt,married_two_holders_pt",FALSE,c,2023-07-01,0.45,560.73,,,0.355,XI,no,FALSE,TRUE,5924.21,,,,,,
"income_tax_6007,43_xi_c_01_07_2023","not_married_pt,married_two_holders_pt",FALSE,c,2023-07-01,0.48,738.45,,,0.357,XI,no,FALSE,TRUE,6007.43,,,,,,
"income_tax_18150,29_xi_c_01_07_2023","not_married_pt,married_two_holders_pt",FALSE,c,2023-07-01,0.505,888.64,,,0.456,XI,no,FALSE,TRUE,18150.29,,,,,,
income_tax_999999999_xi_c_01_07_2023,"not_married_pt,married_two_holders_pt",FALSE,c,2023-07-01,0.53,1342.39,,,,XI,no,FALSE,TRUE,999999999,,,,,,
income_tax_762_xii_c_01_07_2023,married_one_holder_pt,FALSE,c,2023-07-01,0,0,,,0,XII,no,FALSE,TRUE,762,,,,,,
"income_tax_886,57_xii_c_01_07_2023",married_one_holder_pt,FALSE,c,2023-07-01,0.145,0.145 * 2.3 * (1222.89 - R),,,0.018,XII,no,FALSE,TRUE,886.57,,,,,,
"income_tax_932,14_xii_c_01_07_2023",married_one_holder_pt,FALSE,c,2023-07-01,0.145,0.145 * 1.883 * (1297.43 - R),,,0.038,XII,no,FALSE,TRUE,932.14,,,,,,
"income_tax_1120,57_xii_c_01_07_2023",married_one_holder_pt,FALSE,c,2023-07-01,0.145,99.73,,,0.056,XII,no,FALSE,TRUE,1120.57,,,,,,
"income_tax_1151,21_xii_c_01_07_2023",married_one_holder_pt,FALSE,c,2023-07-01,0.1593,115.74,,,0.059,XII,no,FALSE,TRUE,1151.21,,,,,,
"income_tax_1771,79_xii_c_01_07_2023",married_one_holder_pt,FALSE,c,2023-07-01,0.248,217.81,,,0.125,XII,no,FALSE,TRUE,1771.79,,,,,,
"income_tax_1932,79_xii_c_01_07_2023",married_one_holder_pt,FALSE,c,2023-07-01,0.2625,243.59,,,0.136,XII,no,FALSE,TRUE,1932.79,,,,,,
"income_tax_2284,71_xii_c_01_07_2023",married_one_holder_pt,FALSE,c,2023-07-01,0.2758,269.35,,,0.158,XII,no,FALSE,TRUE,2284.71,,,,,,
"income_tax_3184,79_xii_c_01_07_2023",married_one_holder_pt,FALSE,c,2023-07-01,0.3348,404.1,,,0.208,XII,no,FALSE,TRUE,3184.79,,,,,,
"income_tax_5924,21_xii_c_01_07_2023",married_one_holder_pt,FALSE,c,2023-07-01,0.372,522.65,,,0.284,XII,no,FALSE,TRUE,5924.21,,,,,,
"income_tax_6007,43_xii_c_01_07_2023",married_one_holder_pt,FALSE,c,2023-07-01,0.435,895.69,,,0.286,XII,no,FALSE,TRUE,6007.43,,,,,,
"income_tax_18150,29_xii_c_01_07_2023",married_one_holder_pt,FALSE,c,2023-07-01,0.4777,1152.08,,,0.414,XII,no,FALSE,TRUE,18150.29,,,,,,
income_tax_999999999_xii_c_01_07_2023,married_one_holder_pt,FALSE,c,2023-07-01,0.53,2101.72,,,,XII,no,FALSE,TRUE,999999999,,,,,,
"income_tax_1573,29_xiii_c_01_07_2023","not_married_pt,married_two_holders_pt",TRUE,c,2023-07-01,0,0,,,0,XIII,no,FALSE,TRUE,1573.29,,,,,,
income_tax_1595_xiii_c_01_07_2023,"not_married_pt,married_two_holders_pt",TRUE,c,2023-07-01,0.2385,375.23,,,0.003,XIII,no,FALSE,TRUE,1595,,,,,,
"income_tax_1692,86_xiii_c_01_07_2023","not_married_pt,married_two_holders_pt",TRUE,c,2023-07-01,0.2565,403.94,,,0.018,XIII,no,FALSE,TRUE,1692.86,,,,,,
"income_tax_1811,79_xiii_c_01_07_2023","not_married_pt,married_two_holders_pt",TRUE,c,2023-07-01,0.285,452.19,,,0.035,XIII,no,FALSE,TRUE,1811.79,,,,,,
"income_tax_2354,21_xiii_c_01_07_2023","not_married_pt,married_two_holders_pt",TRUE,c,2023-07-01,0.35,569.95,,,0.108,XIII,no,FALSE,TRUE,2354.21,,,,,,
income_tax_3174_xiii_c_01_07_2023,"not_married_pt,married_two_holders_pt",TRUE,c,2023-07-01,0.37,617.04,,,0.176,XIII,no,FALSE,TRUE,3174,,,,,,
"income_tax_4077,64_xiii_c_01_07_2023","not_married_pt,married_two_holders_pt",TRUE,c,2023-07-01,0.435,823.35,,,0.233,XIII,no,FALSE,TRUE,4077.64,,,,,,
"income_tax_6102,79_xiii_c_01_07_2023","not_married_pt,married_two_holders_pt",TRUE,c,2023-07-01,0.45,884.51,,,0.305,XIII,no,FALSE,TRUE,6102.79,,,,,,
income_tax_6186_xiii_c_01_07_2023,"not_married_pt,married_two_holders_pt",TRUE,c,2023-07-01,0.48,1067.59,,,0.307,XIII,no,FALSE,TRUE,6186,,,,,,
"income_tax_18328,86_xiii_c_01_07_2023","not_married_pt,married_two_holders_pt",TRUE,c,2023-07-01,0.505,1222.24,,,0.438,XIII,no,FALSE,TRUE,18328.86,,,,,,
income_tax_999999999_xiii_c_01_07_2023,"not_married_pt,married_two_holders_pt",TRUE,c,2023-07-01,0.53,1680.47,,,,XIII,no,FALSE,TRUE,999999999,,,,,,
"income_tax_1744,18_xiv_c_01_07_2023",married_one_holder_pt,TRUE,c,2023-07-01,0,0,,,0,XIV,no,FALSE,TRUE,1744.18,,,,,,
"income_tax_2144,29_xiv_c_01_07_2023",married_one_holder_pt,TRUE,c,2023-07-01,0.19,329.65,,,0.035,XIV,no,FALSE,TRUE,2144.29,,,,,,
"income_tax_2664,64_xiv_c_01_07_2023",married_one_holder_pt,TRUE,c,2023-07-01,0.21,374.68,,,0.069,XIV,no,FALSE,TRUE,2664.64,,,,,,
"income_tax_2711,36_xiv_c_01_07_2023",married_one_holder_pt,TRUE,c,2023-07-01,0.25,472.84,,,0.072,XIV,no,FALSE,TRUE,2711.36,,,,,,
"income_tax_2731,14_xiv_c_01_07_2023",married_one_holder_pt,TRUE,c,2023-07-01,0.28,551.44,,,0.074,XIV,no,FALSE,TRUE,2731.14,,,,,,
"income_tax_2934,79_xiv_c_01_07_2023",married_one_holder_pt,TRUE,c,2023-07-01,0.33,712.52,,,0.092,XIV,no,FALSE,TRUE,2934.79,,,,,,
"income_tax_6102,79_xiv_c_01_07_2023",married_one_holder_pt,TRUE,c,2023-07-01,0.37,821.77,,,0.237,XIV,no,FALSE,TRUE,6102.79,,,,,,
income_tax_6186_xiv_c_01_07_2023,married_one_holder_pt,TRUE,c,2023-07-01,0.44,1206.05,,,0.24,XIV,no,FALSE,TRUE,6186,,,,,,
"income_tax_18328,86_xiv_c_01_07_2023",married_one_holder_pt,TRUE,c,2023-07-01,0.48,1470.07,,,0.397,XIV,no,FALSE,TRUE,18328.86,,,,,,
income_tax_999999999_xiv_c_01_07_2023,married_one_holder_pt,TRUE,c,2023-07-01,0.53,2429.05,,,,XIV,no,FALSE,TRUE,999999999,,,,,,
"income_tax_1608,54_xv_c_01_07_2023","not_married_pt,married_two_holders_pt",TRUE,c,2023-07-01,0,0,,,0,XV,no,TRUE,TRUE,1608.54,,,,,,
income_tax_1700_xv_c_01_07_2023,"not_married_pt,married_two_holders_pt",TRUE,c,2023-07-01,0.2565,412.59,,,0.014,XV,no,TRUE,TRUE,1700,,,,,,
"income_tax_1866,07_xv_c_01_07_2023","not_married_pt,married_two_holders_pt",TRUE,c,2023-07-01,0.285,461.04,,,0.038,XV,no,TRUE,TRUE,1866.07,,,,,,
"income_tax_2354,21_xv_c_01_07_2023","not_married_pt,married_two_holders_pt",TRUE,c,2023-07-01,0.35,582.33,,,0.103,XV,no,TRUE,TRUE,2354.21,,,,,,
"income_tax_3302,57_xv_c_01_07_2023","not_married_pt,married_two_holders_pt",TRUE,c,2023-07-01,0.37,629.42,,,0.179,XV,no,TRUE,TRUE,3302.57,,,,,,
"income_tax_4077,64_xv_c_01_07_2023","not_married_pt,married_two_holders_pt",TRUE,c,2023-07-01,0.435,844.09,,,0.228,XV,no,TRUE,TRUE,4077.64,,,,,,
"income_tax_6102,79_xv_c_01_07_2023","not_married_pt,married_two_holders_pt",TRUE,c,2023-07-01,0.45,905.25,,,0.302,XV,no,TRUE,TRUE,6102.79,,,,,,
income_tax_6186_xv_c_01_07_2023,"not_married_pt,married_two_holders_pt",TRUE,c,2023-07-01,0.48,1088.33,,,0.304,XV,no,TRUE,TRUE,6186,,,,,,
"income_tax_18328,86_xv_c_01_07_2023","not_married_pt,married_two_holders_pt",TRUE,c,2023-07-01,0.505,1242.98,,,0.437,XV,no,TRUE,TRUE,18328.86,,,,,,
income_tax_999999999_xv_c_01_07_2023,"not_married_pt,married_two_holders_pt",TRUE,c,2023-07-01,0.53,1701.21,,,,XV,no,TRUE,TRUE,999999999,,,,,,
"income_tax_1779,71_xvi_c_01_07_2023",married_one_holder_pt,TRUE,c,2023-07-01,0,0,,,0,XVI,no,TRUE,TRUE,1779.71,,,,,,
"income_tax_2114,29_xvi_c_01_07_2023",married_one_holder_pt,TRUE,c,2023-07-01,0.189,336.37,,,0.03,XVI,no,TRUE,TRUE,2114.29,,,,,,
"income_tax_2454,64_xvi_c_01_07_2023",married_one_holder_pt,TRUE,c,2023-07-01,0.21,380.77,,,0.055,XVI,no,TRUE,TRUE,2454.64,,,,,,
"income_tax_2639,93_xvi_c_01_07_2023",married_one_holder_pt,TRUE,c,2023-07-01,0.2468,471.19,,,0.068,XVI,no,TRUE,TRUE,2639.93,,,,,,
"income_tax_2816,86_xvi_c_01_07_2023",married_one_holder_pt,TRUE,c,2023-07-01,0.2758,547.72,,,0.081,XVI,no,TRUE,TRUE,2816.86,,,,,,
"income_tax_4077,64_xvi_c_01_07_2023",married_one_holder_pt,TRUE,c,2023-07-01,0.3348,713.86,,,0.16,XVI,no,TRUE,TRUE,4077.64,,,,,,
"income_tax_6102,79_xvi_c_01_07_2023",married_one_holder_pt,TRUE,c,2023-07-01,0.372,865.64,,,0.23,XVI,no,TRUE,TRUE,6102.79,,,,,,
income_tax_6186_xvi_c_01_07_2023,married_one_holder_pt,TRUE,c,2023-07-01,0.435,1249.93,,,0.233,XVI,no,TRUE,TRUE,6186,,,,,,
"income_tax_18328,86_xvi_c_01_07_2023",married_one_holder_pt,TRUE,c,2023-07-01,0.4777,1513.94,,,0.395,XVI,no,TRUE,TRUE,18328.86,,,,,,
income_tax_999999999_xvi_c_01_07_2023,married_one_holder_pt,TRUE,c,2023-07-01,0.53,2472.93,,,,XVI,no,TRUE,TRUE,999999999,,,,,,
income_tax_762_i_m_01_07_2023,"not_married_pt,married_two_holders_pt",FALSE,m,2023-07-01,0,0,,,0,I,no,FALSE,FALSE,793,,,,,,
"income_tax_886,57_i_m_01_07_2023","not_married_pt,married_two_holders_pt",FALSE,m,2023-07-01,0.1015,0.1015 * 2.3 * (1210.45 - R),,,0.024,I,no,FALSE,FALSE,909.57,,,,,,
"income_tax_932,14_i_m_01_07_2023","not_married_pt,married_two_holders_pt",FALSE,m,2023-07-01,0.147,0.147 * 1.3 * (1493.70 - R),,,0.049,I,no,FALSE,FALSE,987.09,,,,,,
"income_tax_999,14_i_m_01_07_2023","not_married_pt,married_two_holders_pt",FALSE,m,2023-07-01,0.147,96.81,,,0.05,I,no,FALSE,FALSE,999.14,,,,,,
"income_tax_1106,93_i_m_01_07_2023","not_married_pt,married_two_holders_pt",FALSE,m,2023-07-01,0.1855,135.28,,,0.068,I,no,FALSE,FALSE,1149.79,,,,,,
"income_tax_1600,36_i_m_01_07_2023","not_married_pt,married_two_holders_pt",FALSE,m,2023-07-01,0.1995,151.38,,,0.107,I,no,FALSE,FALSE,1628.93,,,,,,
"income_tax_1961,36_i_m_01_07_2023","not_married_pt,married_two_holders_pt",FALSE,m,2023-07-01,0.273,271.1,,,0.13,I,no,FALSE,FALSE,1889.93,,,,,,
"income_tax_2529,05_i_m_01_07_2023","not_married_pt,married_two_holders_pt",FALSE,m,2023-07-01,0.3404,398.48,,,0.195,I,no,FALSE,FALSE,2743.34,,,,,,
"income_tax_3694,46_i_m_01_07_2023","not_married_pt,married_two_holders_pt",FALSE,m,2023-07-01,0.3562,441.77,,,0.229,I,no,FALSE,FALSE,3480.18,,,,,,
"income_tax_5469,9_i_m_01_07_2023","not_married_pt,married_two_holders_pt",FALSE,m,2023-07-01,0.3685,484.51,,,0.28,I,no,FALSE,FALSE,5469.9,,,,,,
"income_tax_6420,55_i_m_01_07_2023","not_married_pt,married_two_holders_pt",FALSE,m,2023-07-01,0.4229,782.45,,,0.301,I,no,FALSE,FALSE,6420.55,,,,,,
"income_tax_20064,21_i_m_01_07_2023","not_married_pt,married_two_holders_pt",FALSE,m,2023-07-01,0.4316,838.17,,,0.39,I,no,FALSE,FALSE,20064.21,,,,,,
income_tax_999999999_i_m_01_07_2023,"not_married_pt,married_two_holders_pt",FALSE,m,2023-07-01,0.467,1547.96,,,,I,no,FALSE,FALSE,999999999,,,,,,
"income_tax_886,57_ii_m_01_07_2023",not_married_pt,FALSE,m,2023-07-01,0,0,0,,0,II,with_one_or_more,FALSE,FALSE,909.57,,,,,,
"income_tax_932,14_ii_m_01_07_2023",not_married_pt,FALSE,m,2023-07-01,0.147,0.147 * 1.3 * (1437.61 - R),34.29,,0.025,II,with_one_or_more,FALSE,FALSE,987.09,,,,,,
"income_tax_999,14_ii_m_01_07_2023",not_married_pt,FALSE,m,2023-07-01,0.147,86.09,34.29,,0.027,II,with_one_or_more,FALSE,FALSE,999.14,,,,,,
"income_tax_1106,93_ii_m_01_07_2023",not_married_pt,FALSE,m,2023-07-01,0.1855,124.56,34.29,,0.047,II,with_one_or_more,FALSE,FALSE,1149.79,,,,,,
"income_tax_1600,36_ii_m_01_07_2023",not_married_pt,FALSE,m,2023-07-01,0.1995,140.66,34.29,,0.092,II,with_one_or_more,FALSE,FALSE,1628.93,,,,,,
"income_tax_1961,36_ii_m_01_07_2023",not_married_pt,FALSE,m,2023-07-01,0.273,260.38,34.29,,0.117,II,with_one_or_more,FALSE,FALSE,1889.93,,,,,,
"income_tax_2529,05_ii_m_01_07_2023",not_married_pt,FALSE,m,2023-07-01,0.3404,387.76,34.29,,0.187,II,with_one_or_more,FALSE,FALSE,2743.34,,,,,,
"income_tax_3694,46_ii_m_01_07_2023",not_married_pt,FALSE,m,2023-07-01,0.3562,431.05,34.29,,0.222,II,with_one_or_more,FALSE,FALSE,3480.18,,,,,,
"income_tax_5469,9_ii_m_01_07_2023",not_married_pt,FALSE,m,2023-07-01,0.3685,473.79,34.29,,0.276,II,with_one_or_more,FALSE,FALSE,5469.9,,,,,,
"income_tax_6420,55_ii_m_01_07_2023",not_married_pt,FALSE,m,2023-07-01,0.4229,771.73,34.29,,0.297,II,with_one_or_more,FALSE,FALSE,6420.55,,,,,,
"income_tax_20064,21_ii_m_01_07_2023",not_married_pt,FALSE,m,2023-07-01,0.4316,827.45,34.29,,0.389,II,with_one_or_more,FALSE,FALSE,20064.21,,,,,,
income_tax_999999999_ii_m_01_07_2023,not_married_pt,FALSE,m,2023-07-01,0.467,1537.24,34.29,,,II,with_one_or_more,FALSE,FALSE,999999999,,,,,,
income_tax_762_iii_m_01_07_2023,married_two_holders_pt,FALSE,m,2023-07-01,0,0,0,,0,III,with_one_or_more,FALSE,FALSE,793,,,,,,
"income_tax_886,57_iii_m_01_07_2023",married_two_holders_pt,FALSE,m,2023-07-01,0.1015,0.1015 * 2.3 * (1201.26 - R),21.43,,0.003,III,with_one_or_more,FALSE,FALSE,909.57,,,,,,
"income_tax_932,14_iii_m_01_07_2023",married_two_holders_pt,FALSE,m,2023-07-01,0.147,0.147 * 1.3 * (1482.47 - R),21.43,,0.029,III,with_one_or_more,FALSE,FALSE,987.09,,,,,,
"income_tax_999,14_iii_m_01_07_2023",married_two_holders_pt,FALSE,m,2023-07-01,0.147,94.67,21.43,,0.031,III,with_one_or_more,FALSE,FALSE,999.14,,,,,,
"income_tax_1106,93_iii_m_01_07_2023",married_two_holders_pt,FALSE,m,2023-07-01,0.1855,133.13,21.43,,0.051,III,with_one_or_more,FALSE,FALSE,1149.79,,,,,,
"income_tax_1600,36_iii_m_01_07_2023",married_two_holders_pt,FALSE,m,2023-07-01,0.1995,149.23,21.43,,0.095,III,with_one_or_more,FALSE,FALSE,1628.93,,,,,,
"income_tax_1961,36_iii_m_01_07_2023",married_two_holders_pt,FALSE,m,2023-07-01,0.273,268.96,21.43,,0.119,III,with_one_or_more,FALSE,FALSE,1889.93,,,,,,
"income_tax_2529,05_iii_m_01_07_2023",married_two_holders_pt,FALSE,m,2023-07-01,0.3404,396.34,21.43,,0.188,III,with_one_or_more,FALSE,FALSE,2743.34,,,,,,
"income_tax_3694,46_iii_m_01_07_2023",married_two_holders_pt,FALSE,m,2023-07-01,0.3562,439.62,21.43,,0.224,III,with_one_or_more,FALSE,FALSE,3480.18,,,,,,
"income_tax_5469,9_iii_m_01_07_2023",married_two_holders_pt,FALSE,m,2023-07-01,0.3685,482.37,21.43,,0.276,III,with_one_or_more,FALSE,FALSE,5469.9,,,,,,
"income_tax_6420,55_iii_m_01_07_2023",married_two_holders_pt,FALSE,m,2023-07-01,0.4229,780.3,21.43,,0.298,III,with_one_or_more,FALSE,FALSE,6420.55,,,,,,
"income_tax_20064,21_iii_m_01_07_2023",married_two_holders_pt,FALSE,m,2023-07-01,0.4316,836.02,21.43,,0.389,III,with_one_or_more,FALSE,FALSE,20064.21,,,,,,
income_tax_999999999_iii_m_01_07_2023,married_two_holders_pt,FALSE,m,2023-07-01,0.467,1545.82,21.43,,,III,with_one_or_more,FALSE,FALSE,999999999,,,,,,
income_tax_762_iv_m_01_07_2023,married_one_holder_pt,FALSE,m,2023-07-01,0,0,,,0,IV,no,FALSE,FALSE,793,,,,,,
"income_tax_886,57_iv_m_01_07_2023",married_one_holder_pt,FALSE,m,2023-07-01,0.1015,0.1015 * 2.3 * (1262.46 - R),,,0.011,IV,no,FALSE,FALSE,909.57,,,,,,
"income_tax_932,14_iv_m_01_07_2023",married_one_holder_pt,FALSE,m,2023-07-01,0.1015,0.1015 * 1.883 * (1340.67 - R),,,0.029,IV,no,FALSE,FALSE,972.8,,,,,,
"income_tax_1027,71_iv_m_01_07_2023",married_one_holder_pt,FALSE,m,2023-07-01,0.1015,70.3,,,0.033,IV,no,FALSE,FALSE,1027.71,,,,,,
"income_tax_1278,36_iv_m_01_07_2023",married_one_holder_pt,FALSE,m,2023-07-01,0.1115,80.58,,,0.048,IV,no,FALSE,FALSE,1278.36,,,,,,
"income_tax_1700,36_iv_m_01_07_2023",married_one_holder_pt,FALSE,m,2023-07-01,0.147,125.96,,,0.073,IV,no,FALSE,FALSE,1700.36,,,,,,
"income_tax_1961,36_iv_m_01_07_2023",married_one_holder_pt,FALSE,m,2023-07-01,0.2012,218.05,,,0.09,IV,no,FALSE,FALSE,1961.36,,,,,,
"income_tax_2529,05_iv_m_01_07_2023",married_one_holder_pt,FALSE,m,2023-07-01,0.2508,315.45,,,0.143,IV,no,FALSE,FALSE,2921.91,,,,,,
"income_tax_3694,46_iv_m_01_07_2023",married_one_holder_pt,FALSE,m,2023-07-01,0.2915,434.32,,,0.167,IV,no,FALSE,FALSE,3480.18,,,,,,
"income_tax_6327,05_iv_m_01_07_2023",married_one_holder_pt,FALSE,m,2023-07-01,0.3316,573.91,,,0.241,IV,no,FALSE,FALSE,6327.05,,,,,,
"income_tax_6420,55_iv_m_01_07_2023",married_one_holder_pt,FALSE,m,2023-07-01,0.3806,884.07,,,0.243,IV,no,FALSE,FALSE,6420.55,,,,,,
"income_tax_20064,21_iv_m_01_07_2023",married_one_holder_pt,FALSE,m,2023-07-01,0.396,982.79,,,0.347,IV,no,FALSE,FALSE,20064.21,,,,,,
income_tax_999999999_iv_m_01_07_2023,married_one_holder_pt,FALSE,m,2023-07-01,0.467,2406.8,,,,IV,no,FALSE,FALSE,999999999,,,,,,
"income_tax_932,14_v_m_01_07_2023",married_one_holder_pt,FALSE,m,2023-07-01,0,0,0,,0,V,with_one_or_more,FALSE,FALSE,960.02,,,,,,
"income_tax_999,14_v_m_01_07_2023",married_one_holder_pt,FALSE,m,2023-07-01,0.1015,54.58,42.86,,0.007,V,with_one_or_more,FALSE,FALSE,1027.71,,,,,,
"income_tax_1106,93_v_m_01_07_2023",married_one_holder_pt,FALSE,m,2023-07-01,0.1115,64.86,42.86,,0.027,V,with_one_or_more,FALSE,FALSE,1278.36,,,,,,
"income_tax_1600,36_v_m_01_07_2023",married_one_holder_pt,FALSE,m,2023-07-01,0.147,110.24,42.86,,0.057,V,with_one_or_more,FALSE,FALSE,1700.36,,,,,,
"income_tax_1961,36_v_m_01_07_2023",married_one_holder_pt,FALSE,m,2023-07-01,0.2012,202.33,42.86,,0.076,V,with_one_or_more,FALSE,FALSE,1961.36,,,,,,
"income_tax_2529,05_v_m_01_07_2023",married_one_holder_pt,FALSE,m,2023-07-01,0.2508,299.74,42.86,,0.134,V,with_one_or_more,FALSE,FALSE,2921.91,,,,,,
"income_tax_3694,46_v_m_01_07_2023",married_one_holder_pt,FALSE,m,2023-07-01,0.2915,418.61,42.86,,0.159,V,with_one_or_more,FALSE,FALSE,3480.18,,,,,,
"income_tax_5469,9_v_m_01_07_2023",married_one_holder_pt,FALSE,m,2023-07-01,0.3316,558.2,42.86,,0.237,V,with_one_or_more,FALSE,FALSE,6327.05,,,,,,
"income_tax_6420,55_v_m_01_07_2023",married_one_holder_pt,FALSE,m,2023-07-01,0.3806,868.36,42.86,,0.239,V,with_one_or_more,FALSE,FALSE,6420.55,,,,,,
"income_tax_20064,21_v_m_01_07_2023",married_one_holder_pt,FALSE,m,2023-07-01,0.4005,995.64,42.86,,0.349,V,with_one_or_more,FALSE,FALSE,20064.21,,,,,,
income_tax_999999999_v_m_01_07_2023,married_one_holder_pt,FALSE,m,2023-07-01,0.467,2330.37,42.86,,,V,with_one_or_more,FALSE,FALSE,999999999,,,,,,
"income_tax_1971,21_vi_m_01_07_2023","not_married_pt,married_two_holders_pt",TRUE,m,2023-07-01,0,0,,,0,VI,no,FALSE,FALSE,1766.47,,,,,,
"income_tax_2093,21_vi_m_01_07_2023","not_married_pt,married_two_holders_pt",TRUE,m,2023-07-01,0.1995,352.41,,,0.019,VI,no,FALSE,FALSE,1950.36,,,,,,
"income_tax_2354,21_vi_m_01_07_2023","not_married_pt,married_two_holders_pt",TRUE,m,2023-07-01,0.273,495.76,,,0.109,VI,no,FALSE,FALSE,3025.64,,,,,,
"income_tax_4015,41_vi_m_01_07_2023","not_married_pt,married_two_holders_pt",TRUE,m,2023-07-01,0.3404,699.69,,,0.166,VI,no,FALSE,FALSE,4015.41,,,,,,
"income_tax_4252,25_vi_m_01_07_2023","not_married_pt,married_two_holders_pt",TRUE,m,2023-07-01,0.3562,763.05,,,0.177,VI,no,FALSE,FALSE,4252.25,,,,,,
"income_tax_6527,69_vi_m_01_07_2023","not_married_pt,married_two_holders_pt",TRUE,m,2023-07-01,0.3685,815.27,,,0.244,VI,no,FALSE,FALSE,6527.69,,,,,,
"income_tax_6621,19_vi_m_01_07_2023","not_married_pt,married_two_holders_pt",TRUE,m,2023-07-01,0.4229,1170.82,,,0.246,VI,no,FALSE,FALSE,6621.19,,,,,,
"income_tax_20264,85_vi_m_01_07_2023","not_married_pt,married_two_holders_pt",TRUE,m,2023-07-01,0.445,1316.67,,,0.38,VI,no,FALSE,FALSE,20264.85,,,,,,
income_tax_999999999_vi_m_01_07_2023,"not_married_pt,married_two_holders_pt",TRUE,m,2023-07-01,0.467,1763.05,,,,VI,no,FALSE,FALSE,999999999,,,,,,
"income_tax_2307,5_vii_m_01_07_2023",not_married_pt,TRUE,m,2023-07-01,0,0,0,,0,VII,with_one_or_more,FALSE,FALSE,1959.88,,,,,,
"income_tax_2425,64_vii_m_01_07_2023",not_married_pt,TRUE,m,2023-07-01,0.273,492.19,42.86,,0.046,VII,with_one_or_more,FALSE,FALSE,2354.21,,,,,,
"income_tax_3743,98_vii_m_01_07_2023",not_married_pt,TRUE,m,2023-07-01,0.3404,650.86,42.86,,0.147,VII,with_one_or_more,FALSE,FALSE,3593.98,,,,,,
"income_tax_4252,25_vii_m_01_07_2023",not_married_pt,TRUE,m,2023-07-01,0.3562,707.57,42.86,,0.18,VII,with_one_or_more,FALSE,FALSE,4252.25,,,,,,
"income_tax_6527,69_vii_m_01_07_2023",not_married_pt,TRUE,m,2023-07-01,0.3685,759.79,42.86,,0.246,VII,with_one_or_more,FALSE,FALSE,6527.69,,,,,,
"income_tax_6621,19_vii_m_01_07_2023",not_married_pt,TRUE,m,2023-07-01,0.4229,1115.34,42.86,,0.248,VII,with_one_or_more,FALSE,FALSE,6621.19,,,,,,
"income_tax_20264,85_vii_m_01_07_2023",not_married_pt,TRUE,m,2023-07-01,0.445,1261.19,42.86,,0.381,VII,with_one_or_more,FALSE,FALSE,20264.85,,,,,,
income_tax_999999999_vii_m_01_07_2023,not_married_pt,TRUE,m,2023-07-01,0.467,1707.58,42.86,,,VII,with_one_or_more,FALSE,FALSE,999999999,,,,,,
"income_tax_2185,5_viii_m_01_07_2023",married_two_holders_pt,TRUE,m,2023-07-01,0,0,0,,0,VIII,with_one_or_more,FALSE,FALSE,1766.47,,,,,,
"income_tax_2307,5_viii_m_01_07_2023",married_two_holders_pt,TRUE,m,2023-07-01,0.1995,330.98,21.43,,0.035,VIII,with_one_or_more,FALSE,FALSE,2143.21,,,,,,
"income_tax_2354,21_viii_m_01_07_2023",married_two_holders_pt,TRUE,m,2023-07-01,0.273,488.51,21.43,,0.124,VIII,with_one_or_more,FALSE,FALSE,3425.64,,,,,,
"income_tax_3301,12_viii_m_01_07_2023",married_two_holders_pt,TRUE,m,2023-07-01,0.3404,719.4,21.43,,0.142,VIII,with_one_or_more,FALSE,FALSE,3729.7,,,,,,
"income_tax_4252,25_viii_m_01_07_2023",married_two_holders_pt,TRUE,m,2023-07-01,0.3562,778.24,21.43,,0.188,VIII,with_one_or_more,FALSE,FALSE,4752.25,,,,,,
"income_tax_6527,69_viii_m_01_07_2023",married_two_holders_pt,TRUE,m,2023-07-01,0.3685,836.61,21.43,,0.237,VIII,with_one_or_more,FALSE,FALSE,6527.69,,,,,,
"income_tax_6621,19_viii_m_01_07_2023",married_two_holders_pt,TRUE,m,2023-07-01,0.4229,1192.16,21.43,,0.24,VIII,with_one_or_more,FALSE,FALSE,6621.19,,,,,,
"income_tax_20264,85_viii_m_01_07_2023",married_two_holders_pt,TRUE,m,2023-07-01,0.445,1338.01,21.43,,0.378,VIII,with_one_or_more,FALSE,FALSE,20264.85,,,,,,
income_tax_999999999_viii_m_01_07_2023,married_two_holders_pt,TRUE,m,2023-07-01,0.467,1784.39,21.43,,,VIII,with_one_or_more,FALSE,FALSE,999999999,,,,,,
"income_tax_2664,64_ix_m_01_07_2023",married_one_holder_pt,TRUE,m,2023-07-01,0,0,,,0,IX,no,FALSE,FALSE,2113.16,,,,,,
"income_tax_2818,5_ix_m_01_07_2023",married_one_holder_pt,TRUE,m,2023-07-01,0.1911,403.83,,,0.02,IX,no,FALSE,FALSE,2354.21,,,,,,
"income_tax_3051,12_ix_m_01_07_2023",married_one_holder_pt,TRUE,m,2023-07-01,0.2383,514.9,,,0.082,IX,no,FALSE,FALSE,3301.12,,,,,,
"income_tax_3395,1_ix_m_01_07_2023",married_one_holder_pt,TRUE,m,2023-07-01,0.2921,692.45,,,0.129,IX,no,FALSE,FALSE,4252.25,,,,,,
"income_tax_6527,69_ix_m_01_07_2023",married_one_holder_pt,TRUE,m,2023-07-01,0.3103,770.02,,,0.192,IX,no,FALSE,FALSE,6527.69,,,,,,
"income_tax_6621,19_ix_m_01_07_2023",married_one_holder_pt,TRUE,m,2023-07-01,0.3562,1069.45,,,0.195,IX,no,FALSE,FALSE,6621.19,,,,,,
"income_tax_20264,85_ix_m_01_07_2023",married_one_holder_pt,TRUE,m,2023-07-01,0.4082,1413.83,,,0.338,IX,no,FALSE,FALSE,20264.85,,,,,,
income_tax_999999999_ix_m_01_07_2023,married_one_holder_pt,TRUE,m,2023-07-01,0.467,2605.27,,,,IX,no,FALSE,FALSE,999999999,,,,,,
"income_tax_2664,64_x_m_01_07_2023",married_one_holder_pt,TRUE,m,2023-07-01,0,0,0,,0,X,with_one_or_more,FALSE,FALSE,2172.4,,,,,,
"income_tax_2818,5_x_m_01_07_2023",married_one_holder_pt,TRUE,m,2023-07-01,0.1911,372.29,42.86,,0.015,X,with_one_or_more,FALSE,FALSE,2354.21,,,,,,
"income_tax_3051,12_x_m_01_07_2023",married_one_holder_pt,TRUE,m,2023-07-01,0.2383,483.36,42.86,,0.079,X,with_one_or_more,FALSE,FALSE,3301.12,,,,,,
"income_tax_3395,1_x_m_01_07_2023",married_one_holder_pt,TRUE,m,2023-07-01,0.2921,660.91,42.86,,0.127,X,with_one_or_more,FALSE,FALSE,4252.25,,,,,,
"income_tax_6527,69_x_m_01_07_2023",married_one_holder_pt,TRUE,m,2023-07-01,0.3103,738.48,42.86,,0.191,X,with_one_or_more,FALSE,FALSE,6527.69,,,,,,
"income_tax_6621,19_x_m_01_07_2023",married_one_holder_pt,TRUE,m,2023-07-01,0.3562,1037.91,42.86,,0.193,X,with_one_or_more,FALSE,FALSE,6621.19,,,,,,
"income_tax_20264,85_x_m_01_07_2023",married_one_holder_pt,TRUE,m,2023-07-01,0.4082,1382.29,42.86,,0.338,X,with_one_or_more,FALSE,FALSE,20264.85,,,,,,
income_tax_999999999_x_m_01_07_2023,married_one_holder_pt,TRUE,m,2023-07-01,0.467,2573.73,42.86,,,X,with_one_or_more,FALSE,FALSE,999999999,,,,,,
"income_tax_762,00_xi_m_01_07_2023","not_married_pt,married_two_holders_pt",FALSE,m,2023-07-01,0,0,,,0,XI,no,FALSE,TRUE,793,,,,,,
"income_tax_886,57_xi_m_01_07_2023","not_married_pt,married_two_holders_pt",FALSE,m,2023-07-01,0.1015,0.1015 * 1.3 * (1245.63 - R),,,0.015,XI,no,FALSE,TRUE,909.57,,,,,,
"income_tax_932,14_xi_m_01_07_2023","not_married_pt,married_two_holders_pt",FALSE,m,2023-07-01,0.147,0.1470 * 1.3 * (1536.68 - R),,,0.036,XI,no,FALSE,TRUE,972.8,,,,,,
"income_tax_1067,00_xi_m_01_07_2023","not_married_pt,married_two_holders_pt",FALSE,m,2023-07-01,0.147,107.76,,,0.037,XI,no,FALSE,TRUE,977.71,,,,,,
"income_tax_1349,79_xi_m_01_07_2023","not_married_pt,married_two_holders_pt",FALSE,m,2023-07-01,0.1855,145.4,,,0.073,XI,no,FALSE,TRUE,1292.64,,,,,,
"income_tax_1871,79_xi_m_01_07_2023","not_married_pt,married_two_holders_pt",FALSE,m,2023-07-01,0.1995,163.49,,,0.107,XI,no,FALSE,TRUE,1771.79,,,,,,
"income_tax_1932,79_xi_m_01_07_2023","not_married_pt,married_two_holders_pt",FALSE,m,2023-07-01,0.273,293.72,,,0.129,XI,no,FALSE,TRUE,2032.79,,,,,,
"income_tax_2131,14_xi_m_01_07_2023","not_married_pt,married_two_holders_pt",FALSE,m,2023-07-01,0.3404,430.73,,,0.167,XI,no,FALSE,TRUE,2481.14,,,,,,
"income_tax_3184,79_xi_m_01_07_2023","not_married_pt,married_two_holders_pt",FALSE,m,2023-07-01,0.4402,678.4,,,0.227,XI,no,FALSE,TRUE,3184.79,,,,,,
"income_tax_5924,21_xi_m_01_07_2023","not_married_pt,married_two_holders_pt",FALSE,m,2023-07-01,0.4471,700.37,,,0.329,XI,no,FALSE,TRUE,5924.21,,,,,,
"income_tax_6007,43_xi_m_01_07_2023","not_married_pt,married_two_holders_pt",FALSE,m,2023-07-01,0.4752,866.73,,,0.346,XI,no,FALSE,TRUE,6721.71,,,,,,
"income_tax_18150,29_xi_m_01_07_2023","not_married_pt,married_two_holders_pt",FALSE,m,2023-07-01,0.5,1033.09,,,0.443,XI,no,FALSE,TRUE,18150.29,,,,,,
income_tax_999999999_xi_m_01_07_2023,"not_married_pt,married_two_holders_pt",FALSE,m,2023-07-01,0.5247,1482.31,,,,XI,no,FALSE,TRUE,999999999,,,,,,
"income_tax_886,57_xii_m_01_07_2023",married_one_holder_pt,FALSE,m,2023-07-01,0,0,,,0,XII,no,FALSE,TRUE,909.57,,,,,,
"income_tax_932,14_xii_m_01_07_2023",married_one_holder_pt,FALSE,m,2023-07-01,0.1176,0.1176 * 1.625 * (1503.27 - R),,,0.013,XII,no,FALSE,TRUE,972.8,,,,,,
"income_tax_1120,57_xii_m_01_07_2023",married_one_holder_pt,FALSE,m,2023-07-01,0.1176,101.37,,,0.015,XII,no,FALSE,TRUE,992,,,,,,
"income_tax_1151,21_xii_m_01_07_2023",married_one_holder_pt,FALSE,m,2023-07-01,0.1484,131.93,,,0.056,XII,no,FALSE,TRUE,1435.5,,,,,,
"income_tax_1771,79_xii_m_01_07_2023",married_one_holder_pt,FALSE,m,2023-07-01,0.183,181.62,,,0.08,XII,no,FALSE,TRUE,1771.79,,,,,,
"income_tax_1932,79_xii_m_01_07_2023",married_one_holder_pt,FALSE,m,2023-07-01,0.2375,278.17,,,0.11,XII,no,FALSE,TRUE,2175.64,,,,,,
"income_tax_2284,71_xii_m_01_07_2023",married_one_holder_pt,FALSE,m,2023-07-01,0.3064,427.96,,,0.163,XII,no,FALSE,TRUE,2988.29,,,,,,
"income_tax_3184,79_xii_m_01_07_2023",married_one_holder_pt,FALSE,m,2023-07-01,0.3602,588.79,,,0.202,XII,no,FALSE,TRUE,3720.5,,,,,,
"income_tax_5924,21_xii_m_01_07_2023",married_one_holder_pt,FALSE,m,2023-07-01,0.3643,604.19,,,0.262,XII,no,FALSE,TRUE,5924.21,,,,,,
"income_tax_6007,43_xii_m_01_07_2023",married_one_holder_pt,FALSE,m,2023-07-01,0.4372,1035.86,,,0.265,XII,no,FALSE,TRUE,6007.43,,,,,,
"income_tax_18150,29_xii_m_01_07_2023",married_one_holder_pt,FALSE,m,2023-07-01,0.46,1172.64,,,0.395,XII,no,FALSE,TRUE,18150.29,,,,,,
income_tax_999999999_xii_m_01_07_2023,married_one_holder_pt,FALSE,m,2023-07-01,0.5247,2347.8,,,,XII,no,FALSE,TRUE,999999999,,,,,,
"income_tax_1595,00_xiii_m_01_07_2023","not_married_pt,married_two_holders_pt",TRUE,m,2023-07-01,0,0,,,0,XIII,no,FALSE,TRUE,1698.59,,,,,,
"income_tax_1692,86_xiii_m_01_07_2023","not_married_pt,married_two_holders_pt",TRUE,m,2023-07-01,0.1796,304.98,,,0.009,XIII,no,FALSE,TRUE,1785.71,,,,,,
"income_tax_1811,79_xiii_m_01_07_2023","not_married_pt,married_two_holders_pt",TRUE,m,2023-07-01,0.1995,340.61,,,0.025,XIII,no,FALSE,TRUE,1950.36,,,,,,
"income_tax_2354,21_xiii_m_01_07_2023","not_married_pt,married_two_holders_pt",TRUE,m,2023-07-01,0.273,483.96,,,0.067,XIII,no,FALSE,TRUE,2354.21,,,,,,
"income_tax_3174,00_xiii_m_01_07_2023","not_married_pt,married_two_holders_pt",TRUE,m,2023-07-01,0.3404,642.63,,,0.142,XIII,no,FALSE,TRUE,3231.14,,,,,,
"income_tax_4077,64_xiii_m_01_07_2023","not_married_pt,married_two_holders_pt",TRUE,m,2023-07-01,0.4002,835.85,,,0.195,XIII,no,FALSE,TRUE,4077.64,,,,,,
"income_tax_6102,79_xiii_m_01_07_2023","not_married_pt,married_two_holders_pt",TRUE,m,2023-07-01,0.414,892.13,,,0.268,XIII,no,FALSE,TRUE,6102.79,,,,,,
"income_tax_6186,00_xiii_m_01_07_2023","not_married_pt,married_two_holders_pt",TRUE,m,2023-07-01,0.4752,1265.62,,,0.271,XIII,no,FALSE,TRUE,6186,,,,,,
"income_tax_18328,86_xiii_m_01_07_2023","not_married_pt,married_two_holders_pt",TRUE,m,2023-07-01,0.5,1418.72,,,0.423,XIII,no,FALSE,TRUE,18328.86,,,,,,
income_tax_999999999_xiii_m_01_07_2023,"not_married_pt,married_two_holders_pt",TRUE,m,2023-07-01,0.5247,1872.36,,,,XIII,no,FALSE,TRUE,999999999,,,,,,
"income_tax_2144,29_xiv_m_01_07_2023",married_one_holder_pt,TRUE,m,2023-07-01,0,0,,,0,XIV,no,FALSE,TRUE,1889.19,,,,,,
"income_tax_2664,64_xiv_m_01_07_2023",married_one_holder_pt,TRUE,m,2023-07-01,0.1397,263.83,,,0.004,XIV,no,FALSE,TRUE,1950.36,,,,,,
"income_tax_2711,36_xiv_m_01_07_2023",married_one_holder_pt,TRUE,m,2023-07-01,0.1638,310.93,,,0.044,XIV,no,FALSE,TRUE,2604.21,,,,,,
"income_tax_2731,14_xiv_m_01_07_2023",married_one_holder_pt,TRUE,m,2023-07-01,0.3123,697.58,,,0.075,XIV,no,FALSE,TRUE,2945.43,,,,,,
"income_tax_2934,79_xiv_m_01_07_2023",married_one_holder_pt,TRUE,m,2023-07-01,0.3671,859.17,,,0.156,XIV,no,FALSE,TRUE,4077.64,,,,,,
"income_tax_6102,79_xiv_m_01_07_2023",married_one_holder_pt,TRUE,m,2023-07-01,0.3798,910.79,,,0.231,XIV,no,FALSE,TRUE,6102.79,,,,,,
"income_tax_6186,00_xiv_m_01_07_2023",married_one_holder_pt,TRUE,m,2023-07-01,0.4359,1253.42,,,0.233,XIV,no,FALSE,TRUE,6186,,,,,,
"income_tax_18328,86_xiv_m_01_07_2023",married_one_holder_pt,TRUE,m,2023-07-01,0.4586,1393.87,,,0.383,XIV,no,FALSE,TRUE,18328.86,,,,,,
income_tax_999999999_xiv_m_01_07_2023,married_one_holder_pt,TRUE,m,2023-07-01,0.5247,2604.68,,,,XIV,no,FALSE,TRUE,999999999,,,,,,
"income_tax_1700,00_xv_m_01_07_2023","not_married_pt,married_two_holders_pt",TRUE,m,2023-07-01,0,0,,,0,XV,no,TRUE,TRUE,1704.41,,,,,,
"income_tax_1866,07_xv_m_01_07_2023","not_married_pt,married_two_holders_pt",TRUE,m,2023-07-01,0.1995,340.03,,,0.025,XV,no,TRUE,TRUE,1950.36,,,,,,
"income_tax_2354,21_xv_m_01_07_2023","not_married_pt,married_two_holders_pt",TRUE,m,2023-07-01,0.273,483.38,,,0.068,XV,no,TRUE,TRUE,2354.21,,,,,,
"income_tax_3302,57_xv_m_01_07_2023","not_married_pt,married_two_holders_pt",TRUE,m,2023-07-01,0.3404,642.06,,,0.142,XV,no,TRUE,TRUE,3231.14,,,,,,
"income_tax_4077,64_xv_m_01_07_2023","not_married_pt,married_two_holders_pt",TRUE,m,2023-07-01,0.4002,835.28,,,0.195,XV,no,TRUE,TRUE,4077.64,,,,,,
"income_tax_6102,79_xv_m_01_07_2023","not_married_pt,married_two_holders_pt",TRUE,m,2023-07-01,0.414,891.55,,,0.268,XV,no,TRUE,TRUE,6102.79,,,,,,
"income_tax_6186,00_xv_m_01_07_2023","not_married_pt,married_two_holders_pt",TRUE,m,2023-07-01,0.4752,1265.04,,,0.271,XV,no,TRUE,TRUE,6186,,,,,,
"income_tax_18328,86_xv_m_01_07_2023","not_married_pt,married_two_holders_pt",TRUE,m,2023-07-01,0.5,1418.14,,,0.423,XV,no,TRUE,TRUE,18328.86,,,,,,
income_tax_999999999_xv_m_01_07_2023,"not_married_pt,married_two_holders_pt",TRUE,m,2023-07-01,0.5247,1871.78,,,,XV,no,TRUE,TRUE,999999999,,,,,,
"income_tax_2454,64_xvi_m_01_07_2023",married_one_holder_pt,TRUE,m,2023-07-01,0,0,,,0,XVI,no,TRUE,TRUE,2157.3,,,,,,
"income_tax_2639,93_xvi_m_01_07_2023",married_one_holder_pt,TRUE,m,2023-07-01,0.1775,382.81,,,0.015,XVI,no,TRUE,TRUE,2354.21,,,,,,
"income_tax_2816,86_xvi_m_01_07_2023",married_one_holder_pt,TRUE,m,2023-07-01,0.2723,606.16,,,0.085,XVI,no,TRUE,TRUE,3231.14,,,,,,
"income_tax_4077,64_xvi_m_01_07_2023",married_one_holder_pt,TRUE,m,2023-07-01,0.4002,1019.36,,,0.15,XVI,no,TRUE,TRUE,4077.64,,,,,,
"income_tax_6102,79_xvi_m_01_07_2023",married_one_holder_pt,TRUE,m,2023-07-01,0.414,1075.63,,,0.238,XVI,no,TRUE,TRUE,6102.79,,,,,,
"income_tax_6186,00_xvi_m_01_07_2023",married_one_holder_pt,TRUE,m,2023-07-01,0.4752,1449.12,,,0.241,XVI,no,TRUE,TRUE,6186,,,,,,
"income_tax_18328,86_xvi_m_01_07_2023",married_one_holder_pt,TRUE,m,2023-07-01,0.5,1602.22,,,0.413,XVI,no,TRUE,TRUE,18328.86,,,,,,
income_tax_999999999_xvi_m_01_07_2023,married_one_holder_pt,TRUE,m,2023-07-01,0.5247,2055.86,,,,XVI,no,TRUE,TRUE,999999999,,,,,,
income_tax_798_i_a_01_07_2023,"not_married_pt,married_two_holders_pt",FALSE,a,2023-07-01,0,0,,,0,I,no,FALSE,FALSE,798,,,,,,
"income_tax_922,57_i_a_01_07_2023","not_married_pt,married_two_holders_pt",FALSE,a,2023-07-01,0.1015,0.1015 * 2.3 * (1167.91 - R),,,0.039,I,no,FALSE,FALSE,922.57,,,,,,
"income_tax_995,79_i_a_01_07_2023","not_married_pt,married_two_holders_pt",FALSE,a,2023-07-01,0.147,0.147 * 1.3 * (1441.95 - R),,,0.061,I,no,FALSE,FALSE,995.79,,,,,,
"income_tax_1106,93_i_a_01_07_2023","not_married_pt,married_two_holders_pt",FALSE,a,2023-07-01,0.1855,123.72,,,0.074,I,no,FALSE,FALSE,1106.93,,,,,,
"income_tax_1600,36_i_a_01_07_2023","not_married_pt,married_two_holders_pt",FALSE,a,2023-07-01,0.1995,139.22,,,0.113,I,no,FALSE,FALSE,1600.36,,,,,,
"income_tax_1961,36_i_a_01_07_2023","not_married_pt,married_two_holders_pt",FALSE,a,2023-07-01,0.245,212.04,,,0.137,I,no,FALSE,FALSE,1961.36,,,,,,
"income_tax_2529,05_i_a_01_07_2023","not_married_pt,married_two_holders_pt",FALSE,a,2023-07-01,0.259,239.5,,,0.164,I,no,FALSE,FALSE,2529.05,,,,,,
"income_tax_3694,46_i_a_01_07_2023","not_married_pt,married_two_holders_pt",FALSE,a,2023-07-01,0.271,269.86,,,0.198,I,no,FALSE,FALSE,3694.46,,,,,,
"income_tax_5469,9_i_a_01_07_2023","not_married_pt,married_two_holders_pt",FALSE,a,2023-07-01,0.2804,304.38,,,0.225,I,no,FALSE,FALSE,5469.9,,,,,,
"income_tax_6420,55_i_a_01_07_2023","not_married_pt,married_two_holders_pt",FALSE,a,2023-07-01,0.299,406.61,,,0.236,I,no,FALSE,FALSE,6420.55,,,,,,
"income_tax_20064,21_i_a_01_07_2023","not_married_pt,married_two_holders_pt",FALSE,a,2023-07-01,0.3146,506.61,,,0.289,I,no,FALSE,FALSE,20064.21,,,,,,
income_tax_999999999_i_a_01_07_2023,"not_married_pt,married_two_holders_pt",FALSE,a,2023-07-01,0.3302,819.11,,,,I,no,FALSE,FALSE,999999999,,,,,,
"income_tax_922,57_ii_a_01_07_2023",not_married_pt,FALSE,a,2023-07-01,0,0,0,,0,II,with_one_or_more,FALSE,FALSE,922.57,,,,,,
"income_tax_995,79_ii_a_01_07_2023",not_married_pt,FALSE,a,2023-07-01,0.147,0.147 * 1.3 * (1479.30 - R),34.29,,0.02,II,with_one_or_more,FALSE,FALSE,995.79,,,,,,
"income_tax_1106,93_ii_a_01_07_2023",not_married_pt,FALSE,a,2023-07-01,0.1855,130.86,34.29,,0.036,II,with_one_or_more,FALSE,FALSE,1106.93,,,,,,
"income_tax_1600,36_ii_a_01_07_2023",not_married_pt,FALSE,a,2023-07-01,0.1995,146.36,34.29,,0.087,II,with_one_or_more,FALSE,FALSE,1600.36,,,,,,
"income_tax_1961,36_ii_a_01_07_2023",not_married_pt,FALSE,a,2023-07-01,0.245,219.17,34.29,,0.116,II,with_one_or_more,FALSE,FALSE,1961.36,,,,,,
"income_tax_2529,05_ii_a_01_07_2023",not_married_pt,FALSE,a,2023-07-01,0.259,246.63,34.29,,0.148,II,with_one_or_more,FALSE,FALSE,2529.05,,,,,,
"income_tax_3694,46_ii_a_01_07_2023",not_married_pt,FALSE,a,2023-07-01,0.271,276.99,34.29,,0.187,II,with_one_or_more,FALSE,FALSE,3694.46,,,,,,
"income_tax_5469,9_ii_a_01_07_2023",not_married_pt,FALSE,a,2023-07-01,0.2804,311.52,34.29,,0.217,II,with_one_or_more,FALSE,FALSE,5469.9,,,,,,
"income_tax_6420,55_ii_a_01_07_2023",not_married_pt,FALSE,a,2023-07-01,0.299,413.75,34.29,,0.229,II,with_one_or_more,FALSE,FALSE,6420.55,,,,,,
"income_tax_20064,21_ii_a_01_07_2023",not_married_pt,FALSE,a,2023-07-01,0.3146,513.75,34.29,,0.287,II,with_one_or_more,FALSE,FALSE,20064.21,,,,,,
income_tax_999999999_ii_a_01_07_2023,not_married_pt,FALSE,a,2023-07-01,0.3302,826.25,34.29,,,II,with_one_or_more,FALSE,FALSE,999999999,,,,,,
income_tax_798_iii_a_01_07_2023,married_two_holders_pt,FALSE,a,2023-07-01,0,0,0,,0,III,with_one_or_more,FALSE,FALSE,798,,,,,,
"income_tax_922,57_iii_a_01_07_2023",married_two_holders_pt,FALSE,a,2023-07-01,0.1015,0.1015 * 2.3 * (1167.90 - R),21.43,,0.016,III,with_one_or_more,FALSE,FALSE,922.57,,,,,,
"income_tax_995,79_iii_a_01_07_2023",married_two_holders_pt,FALSE,a,2023-07-01,0.147,0.147 * 1.3 * (1441.94 - R),21.43,,0.04,III,with_one_or_more,FALSE,FALSE,995.79,,,,,,
"income_tax_1106,93_iii_a_01_07_2023",married_two_holders_pt,FALSE,a,2023-07-01,0.1855,123.72,21.43,,0.054,III,with_one_or_more,FALSE,FALSE,1106.93,,,,,,
"income_tax_1600,36_iii_a_01_07_2023",married_two_holders_pt,FALSE,a,2023-07-01,0.1995,139.22,21.43,,0.099,III,with_one_or_more,FALSE,FALSE,1600.36,,,,,,
"income_tax_1961,36_iii_a_01_07_2023",married_two_holders_pt,FALSE,a,2023-07-01,0.245,212.03,21.43,,0.126,III,with_one_or_more,FALSE,FALSE,1961.36,,,,,,
"income_tax_2529,05_iii_a_01_07_2023",married_two_holders_pt,FALSE,a,2023-07-01,0.259,239.49,21.43,,0.156,III,with_one_or_more,FALSE,FALSE,2529.05,,,,,,
"income_tax_3694,46_iii_a_01_07_2023",married_two_holders_pt,FALSE,a,2023-07-01,0.271,269.85,21.43,,0.192,III,with_one_or_more,FALSE,FALSE,3694.46,,,,,,
"income_tax_5469,9_iii_a_01_07_2023",married_two_holders_pt,FALSE,a,2023-07-01,0.2804,304.38,21.43,,0.221,III,with_one_or_more,FALSE,FALSE,5469.9,,,,,,
"income_tax_6420,55_iii_a_01_07_2023",married_two_holders_pt,FALSE,a,2023-07-01,0.299,406.61,21.43,,0.232,III,with_one_or_more,FALSE,FALSE,6420.55,,,,,,
"income_tax_20064,21_iii_a_01_07_2023",married_two_holders_pt,FALSE,a,2023-07-01,0.3146,506.61,21.43,,0.288,III,with_one_or_more,FALSE,FALSE,20064.21,,,,,,
income_tax_999999999_iii_a_01_07_2023,married_two_holders_pt,FALSE,a,2023-07-01,0.3302,819.11,21.43,,,III,with_one_or_more,FALSE,FALSE,999999999,,,,,,
income_tax_798_iv_a_01_07_2023,married_one_holder_pt,FALSE,a,2023-07-01,0,0,,,0,IV,no,FALSE,FALSE,798,,,,,,
"income_tax_922,57_iv_a_01_07_2023",married_one_holder_pt,FALSE,a,2023-07-01,0.1015,0.1015 * 2.3 * (1253.58 - R),,,0.018,IV,no,FALSE,FALSE,922.57,,,,,,
"income_tax_995,79_iv_a_01_07_2023",married_one_holder_pt,FALSE,a,2023-07-01,0.1015,"0.1015 * 1,883 * (1326.94 - R)",,,0.038,IV,no,FALSE,FALSE,995.79,,,,,,
"income_tax_1027,71_iv_a_01_07_2023",married_one_holder_pt,FALSE,a,2023-07-01,0.1015,63.28,,,0.04,IV,no,FALSE,FALSE,1027.71,,,,,,
"income_tax_1278,36_iv_a_01_07_2023",married_one_holder_pt,FALSE,a,2023-07-01,0.1115,73.56,,,0.054,IV,no,FALSE,FALSE,1278.36,,,,,,
"income_tax_1700,36_iv_a_01_07_2023",married_one_holder_pt,FALSE,a,2023-07-01,0.147,118.94,,,0.077,IV,no,FALSE,FALSE,1700.36,,,,,,
"income_tax_1961,36_iv_a_01_07_2023",married_one_holder_pt,FALSE,a,2023-07-01,0.1728,162.78,,,0.09,IV,no,FALSE,FALSE,1961.36,,,,,,
"income_tax_2529,05_iv_a_01_07_2023",married_one_holder_pt,FALSE,a,2023-07-01,0.1931,202.58,,,0.113,IV,no,FALSE,FALSE,2529.05,,,,,,
"income_tax_3694,46_iv_a_01_07_2023",married_one_holder_pt,FALSE,a,2023-07-01,0.2086,241.8,,,0.143,IV,no,FALSE,FALSE,3694.46,,,,,,
"income_tax_6327,05_iv_a_01_07_2023",married_one_holder_pt,FALSE,a,2023-07-01,0.2318,327.48,,,0.18,IV,no,FALSE,FALSE,6327.05,,,,,,
"income_tax_6420,55_iv_a_01_07_2023",married_one_holder_pt,FALSE,a,2023-07-01,0.271,575.68,,,0.181,IV,no,FALSE,FALSE,6420.55,,,,,,
"income_tax_20064,21_iv_a_01_07_2023",married_one_holder_pt,FALSE,a,2023-07-01,0.2976,746.4,,,0.26,IV,no,FALSE,FALSE,20064.21,,,,,,
income_tax_999999999_iv_a_01_07_2023,married_one_holder_pt,FALSE,a,2023-07-01,0.3302,1400.41,,,,IV,no,FALSE,FALSE,999999999,,,,,,
"income_tax_1022,28_v_a_01_07_2023",married_one_holder_pt,FALSE,a,2023-07-01,0,0,0,,0,V,with_one_or_more,FALSE,FALSE,1022.28,,,,,,
"income_tax_1106,93_v_a_01_07_2023",married_one_holder_pt,FALSE,a,2023-07-01,0.1115,71.13,42.86,,0.009,V,with_one_or_more,FALSE,FALSE,1106.93,,,,,,
"income_tax_1600,36_v_a_01_07_2023",married_one_holder_pt,FALSE,a,2023-07-01,0.147,110.42,42.86,,0.051,V,with_one_or_more,FALSE,FALSE,1600.36,,,,,,
"income_tax_1961,36_v_a_01_07_2023",married_one_holder_pt,FALSE,a,2023-07-01,0.1728,151.69,42.86,,0.074,V,with_one_or_more,FALSE,FALSE,1961.36,,,,,,
"income_tax_2529,05_v_a_01_07_2023",married_one_holder_pt,FALSE,a,2023-07-01,0.1931,191.49,42.86,,0.1,V,with_one_or_more,FALSE,FALSE,2529.05,,,,,,
"income_tax_3694,46_v_a_01_07_2023",married_one_holder_pt,FALSE,a,2023-07-01,0.2086,230.7,42.86,,0.135,V,with_one_or_more,FALSE,FALSE,3694.46,,,,,,
"income_tax_5469,9_v_a_01_07_2023",married_one_holder_pt,FALSE,a,2023-07-01,0.2318,316.38,42.86,,0.166,V,with_one_or_more,FALSE,FALSE,5469.9,,,,,,
"income_tax_6420,55_v_a_01_07_2023",married_one_holder_pt,FALSE,a,2023-07-01,0.271,530.96,42.86,,0.182,V,with_one_or_more,FALSE,FALSE,6420.55,,,,,,
"income_tax_20064,21_v_a_01_07_2023",married_one_holder_pt,FALSE,a,2023-07-01,0.2976,701.68,42.86,,0.26,V,with_one_or_more,FALSE,FALSE,20064.21,,,,,,
income_tax_999999999_v_a_01_07_2023,married_one_holder_pt,FALSE,a,2023-07-01,0.3302,1355.69,42.86,,,V,with_one_or_more,FALSE,FALSE,999999999,,,,,,
"income_tax_1604,7_vi_a_01_07_2023","not_married_pt,married_two_holders_pt",TRUE,a,2023-07-01,0,0,,,0,VI,no,FALSE,FALSE,1604.7,,,,,,
"income_tax_1950,36_vi_a_01_07_2023","not_married_pt,married_two_holders_pt",TRUE,a,2023-07-01,0.1995,320.27,,,0.035,VI,no,FALSE,FALSE,1950.36,,,,,,
"income_tax_3025,64_vi_a_01_07_2023","not_married_pt,married_two_holders_pt",TRUE,a,2023-07-01,0.245,409.01,,,0.11,VI,no,FALSE,FALSE,3025.64,,,,,,
"income_tax_4015,41_vi_a_01_07_2023","not_married_pt,married_two_holders_pt",TRUE,a,2023-07-01,0.259,451.37,,,0.147,VI,no,FALSE,FALSE,4015.41,,,,,,
"income_tax_4252,25_vi_a_01_07_2023","not_married_pt,married_two_holders_pt",TRUE,a,2023-07-01,0.271,499.57,,,0.154,VI,no,FALSE,FALSE,4252.25,,,,,,
"income_tax_6527,69_vi_a_01_07_2023","not_married_pt,married_two_holders_pt",TRUE,a,2023-07-01,0.2804,539.31,,,0.198,VI,no,FALSE,FALSE,6527.69,,,,,,
"income_tax_6621,19_vi_a_01_07_2023","not_married_pt,married_two_holders_pt",TRUE,a,2023-07-01,0.299,661.31,,,0.199,VI,no,FALSE,FALSE,6621.19,,,,,,
"income_tax_20264,85_vi_a_01_07_2023","not_married_pt,married_two_holders_pt",TRUE,a,2023-07-01,0.3146,764.44,,,0.277,VI,no,FALSE,FALSE,20264.85,,,,,,
income_tax_999999999_vi_a_01_07_2023,"not_married_pt,married_two_holders_pt",TRUE,a,2023-07-01,0.3302,1080.06,,,,VI,no,FALSE,FALSE,999999999,,,,,,
"income_tax_1855,98_vii_a_01_07_2023",not_married_pt,TRUE,a,2023-07-01,0,0,0,,0,VII,with_one_or_more,FALSE,FALSE,1855.98,,,,,,
"income_tax_1950,36_vii_a_01_07_2023",not_married_pt,TRUE,a,2023-07-01,0.1995,327.41,42.86,,0.01,VII,with_one_or_more,FALSE,FALSE,1950.36,,,,,,
"income_tax_2354,21_vii_a_01_07_2023",not_married_pt,TRUE,a,2023-07-01,0.245,416.15,42.86,,0.05,VII,with_one_or_more,FALSE,FALSE,2354.21,,,,,,
"income_tax_3593,98_vii_a_01_07_2023",not_married_pt,TRUE,a,2023-07-01,0.259,449.11,42.86,,0.122,VII,with_one_or_more,FALSE,FALSE,3593.98,,,,,,
"income_tax_4252,25_vii_a_01_07_2023",not_married_pt,TRUE,a,2023-07-01,0.271,492.25,42.86,,0.145,VII,with_one_or_more,FALSE,FALSE,4252.25,,,,,,
"income_tax_6527,69_vii_a_01_07_2023",not_married_pt,TRUE,a,2023-07-01,0.2804,531.99,42.86,,0.192,VII,with_one_or_more,FALSE,FALSE,6527.69,,,,,,
"income_tax_6621,19_vii_a_01_07_2023",not_married_pt,TRUE,a,2023-07-01,0.299,653.99,42.86,,0.194,VII,with_one_or_more,FALSE,FALSE,6621.19,,,,,,
"income_tax_20264,85_vii_a_01_07_2023",not_married_pt,TRUE,a,2023-07-01,0.3146,757.12,42.86,,0.275,VII,with_one_or_more,FALSE,FALSE,20264.85,,,,,,
income_tax_999999999_vii_a_01_07_2023,not_married_pt,TRUE,a,2023-07-01,0.3302,1072.74,42.86,,,VII,with_one_or_more,FALSE,FALSE,999999999,,,,,,
"income_tax_1712,77_viii_a_01_07_2023",married_two_holders_pt,TRUE,a,2023-07-01,0,0,0,,0,VIII,with_one_or_more,FALSE,FALSE,1712.77,,,,,,
"income_tax_2143,21_viii_a_01_07_2023",married_two_holders_pt,TRUE,a,2023-07-01,0.1995,320.27,21.43,,0.04,VIII,with_one_or_more,FALSE,FALSE,2143.21,,,,,,
"income_tax_3425,64_viii_a_01_07_2023",married_two_holders_pt,TRUE,a,2023-07-01,0.245,417.78,21.43,,0.117,VIII,with_one_or_more,FALSE,FALSE,3425.64,,,,,,
"income_tax_3729,7_viii_a_01_07_2023",married_two_holders_pt,TRUE,a,2023-07-01,0.259,465.74,21.43,,0.128,VIII,with_one_or_more,FALSE,FALSE,3729.7,,,,,,
"income_tax_4752,25_viii_a_01_07_2023",married_two_holders_pt,TRUE,a,2023-07-01,0.271,510.52,21.43,,0.159,VIII,with_one_or_more,FALSE,FALSE,4752.25,,,,,,
"income_tax_6527,69_viii_a_01_07_2023",married_two_holders_pt,TRUE,a,2023-07-01,0.2804,554.93,21.43,,0.192,VIII,with_one_or_more,FALSE,FALSE,6527.69,,,,,,
"income_tax_6621,19_viii_a_01_07_2023",married_two_holders_pt,TRUE,a,2023-07-01,0.299,676.93,21.43,,0.194,VIII,with_one_or_more,FALSE,FALSE,6621.19,,,,,,
"income_tax_20264,85_viii_a_01_07_2023",married_two_holders_pt,TRUE,a,2023-07-01,0.3146,780.05,21.43,,0.275,VIII,with_one_or_more,FALSE,FALSE,20264.85,,,,,,
income_tax_999999999_viii_a_01_07_2023,married_two_holders_pt,TRUE,a,2023-07-01,0.3302,1095.68,21.43,,,VIII,with_one_or_more,FALSE,FALSE,999999999,,,,,,
"income_tax_1965,88_ix_a_01_07_2023",married_one_holder_pt,TRUE,a,2023-07-01,0,0,,,0,IX,no,FALSE,FALSE,1965.88,,,,,,
"income_tax_2354,21_ix_a_01_07_2023",married_one_holder_pt,TRUE,a,2023-07-01,0.1728,339.68,,,0.029,IX,no,FALSE,FALSE,2354.21,,,,,,
"income_tax_3301,12_ix_a_01_07_2023",married_one_holder_pt,TRUE,a,2023-07-01,0.1931,387.45,,,0.076,IX,no,FALSE,FALSE,3301.12,,,,,,
"income_tax_4252,25_ix_a_01_07_2023",married_one_holder_pt,TRUE,a,2023-07-01,0.2086,438.64,,,0.105,IX,no,FALSE,FALSE,4252.25,,,,,,
"income_tax_6527,69_ix_a_01_07_2023",married_one_holder_pt,TRUE,a,2023-07-01,0.2318,537.25,,,0.149,IX,no,FALSE,FALSE,6527.69,,,,,,
"income_tax_6621,19_ix_a_01_07_2023",married_one_holder_pt,TRUE,a,2023-07-01,0.271,793.33,,,0.151,IX,no,FALSE,FALSE,6621.19,,,,,,
"income_tax_20264,85_ix_a_01_07_2023",married_one_holder_pt,TRUE,a,2023-07-01,0.2976,969.38,,,0.25,IX,no,FALSE,FALSE,20264.85,,,,,,
income_tax_999999999_ix_a_01_07_2023,married_one_holder_pt,TRUE,a,2023-07-01,0.3302,1629.93,,,,IX,no,FALSE,FALSE,999999999,,,,,,
"income_tax_2213,91_x_a_01_07_2023",married_one_holder_pt,TRUE,a,2023-07-01,0,0,0,,0,X,with_one_or_more,FALSE,FALSE,2213.91,,,,,,
"income_tax_2354,21_x_a_01_07_2023",married_one_holder_pt,TRUE,a,2023-07-01,0.1728,339.68,42.86,,0.01,X,with_one_or_more,FALSE,FALSE,2354.21,,,,,,
"income_tax_3301,12_x_a_01_07_2023",married_one_holder_pt,TRUE,a,2023-07-01,0.1931,387.45,42.86,,0.063,X,with_one_or_more,FALSE,FALSE,3301.12,,,,,,
"income_tax_4252,25_x_a_01_07_2023",married_one_holder_pt,TRUE,a,2023-07-01,0.2086,438.63,42.86,,0.095,X,with_one_or_more,FALSE,FALSE,4252.25,,,,,,
"income_tax_6527,69_x_a_01_07_2023",married_one_holder_pt,TRUE,a,2023-07-01,0.2318,537.24,42.86,,0.143,X,with_one_or_more,FALSE,FALSE,6527.69,,,,,,
"income_tax_6621,19_x_a_01_07_2023",married_one_holder_pt,TRUE,a,2023-07-01,0.271,793.32,42.86,,0.145,X,with_one_or_more,FALSE,FALSE,6621.19,,,,,,
"income_tax_20264,85_x_a_01_07_2023",married_one_holder_pt,TRUE,a,2023-07-01,0.2976,969.38,42.86,,0.248,X,with_one_or_more,FALSE,FALSE,20264.85,,,,,,
income_tax_999999999_x_a_01_07_2023,married_one_holder_pt,TRUE,a,2023-07-01,0.3302,1629.93,42.86,,,X,with_one_or_more,FALSE,FALSE,999999999,,,,,,
income_tax_762_xi_a_01_07_2023,"not_married_pt,married_two_holders_pt",FALSE,a,2023-07-01,0,0,,,0,XI,no,FALSE,TRUE,762,,,,,,
"income_tax_886,57_xi_a_01_07_2023","not_married_pt,married_two_holders_pt",FALSE,a,2023-07-01,0.1015,0.1015 * 2.3 * (1136.14 - R),,,0.036,XI,no,FALSE,TRUE,886.57,,,,,,
"income_tax_932,14_xi_a_01_07_2023","not_married_pt,married_two_holders_pt",FALSE,a,2023-07-01,0.147,0.147 * 1.3 * (1402.55 - R),,,0.051,XI,no,FALSE,TRUE,932.14,,,,,,
"income_tax_1099,14_xi_a_01_07_2023","not_married_pt,married_two_holders_pt",FALSE,a,2023-07-01,0.147,89.9,,,0.065,XI,no,FALSE,TRUE,1099.14,,,,,,
"income_tax_1435,5_xi_a_01_07_2023","not_married_pt,married_two_holders_pt",FALSE,a,2023-07-01,0.1855,132.22,,,0.093,XI,no,FALSE,TRUE,1435.5,,,,,,
"income_tax_1843,21_xi_a_01_07_2023","not_married_pt,married_two_holders_pt",FALSE,a,2023-07-01,0.1995,152.31,,,0.117,XI,no,FALSE,TRUE,1843.21,,,,,,
"income_tax_2175,64_xi_a_01_07_2023","not_married_pt,married_two_holders_pt",FALSE,a,2023-07-01,0.245,236.18,,,0.136,XI,no,FALSE,TRUE,2175.64,,,,,,
"income_tax_3052,57_xi_a_01_07_2023","not_married_pt,married_two_holders_pt",FALSE,a,2023-07-01,0.259,266.64,,,0.172,XI,no,FALSE,TRUE,3052.57,,,,,,
"income_tax_3899,07_xi_a_01_07_2023","not_married_pt,married_two_holders_pt",FALSE,a,2023-07-01,0.3045,405.53,,,0.2,XI,no,FALSE,TRUE,3899.07,,,,,,
"income_tax_5924,21_xi_a_01_07_2023","not_married_pt,married_two_holders_pt",FALSE,a,2023-07-01,0.315,446.47,,,0.24,XI,no,FALSE,TRUE,5924.21,,,,,,
"income_tax_6007,43_xi_a_01_07_2023","not_married_pt,married_two_holders_pt",FALSE,a,2023-07-01,0.336,570.88,,,0.241,XI,no,FALSE,TRUE,6007.43,,,,,,
"income_tax_18150,29_xi_a_01_07_2023","not_married_pt,married_two_holders_pt",FALSE,a,2023-07-01,0.3535,676.01,,,0.316,XI,no,FALSE,TRUE,18150.29,,,,,,
income_tax_999999999_xi_a_01_07_2023,"not_married_pt,married_two_holders_pt",FALSE,a,2023-07-01,0.371,993.64,,,,XI,no,FALSE,TRUE,999999999,,,,,,
income_tax_762_xii_a_01_07_2023,married_one_holder_pt,FALSE,a,2023-07-01,0,0,,,0,XII,no,FALSE,TRUE,762,,,,,,
"income_tax_886,57_xii_a_01_07_2023",married_one_holder_pt,FALSE,a,2023-07-01,0.1015,0.1015 * 2.3 * (1226.41 - R),,,0.012,XII,no,FALSE,TRUE,886.57,,,,,,
"income_tax_932,14_xii_a_01_07_2023",married_one_holder_pt,FALSE,a,2023-07-01,0.1015,0.1015 * 1.883 * (1301.72 - R),,,0.026,XII,no,FALSE,TRUE,932.14,,,,,,
"income_tax_1099,14_xii_a_01_07_2023",married_one_holder_pt,FALSE,a,2023-07-01,0.1015,70.63,,,0.037,XII,no,FALSE,TRUE,1099.14,,,,,,
"income_tax_1435,5_xii_a_01_07_2023",married_one_holder_pt,FALSE,a,2023-07-01,0.1115,81.62,,,0.055,XII,no,FALSE,TRUE,1435.5,,,,,,
"income_tax_1771,79_xii_a_01_07_2023",married_one_holder_pt,FALSE,a,2023-07-01,0.1736,170.72,,,0.077,XII,no,FALSE,TRUE,1771.79,,,,,,
"income_tax_2175,64_xii_a_01_07_2023",married_one_holder_pt,FALSE,a,2023-07-01,0.1838,188.76,,,0.097,XII,no,FALSE,TRUE,2175.64,,,,,,
"income_tax_3052,57_xii_a_01_07_2023",married_one_holder_pt,FALSE,a,2023-07-01,0.1931,209.06,,,0.125,XII,no,FALSE,TRUE,3052.57,,,,,,
"income_tax_3899,07_xii_a_01_07_2023",married_one_holder_pt,FALSE,a,2023-07-01,0.2344,335.09,,,0.148,XII,no,FALSE,TRUE,3899.07,,,,,,
"income_tax_5924,21_xii_a_01_07_2023",married_one_holder_pt,FALSE,a,2023-07-01,0.2604,436.68,,,0.187,XII,no,FALSE,TRUE,5924.21,,,,,,
"income_tax_6007,43_xii_a_01_07_2023",married_one_holder_pt,FALSE,a,2023-07-01,0.3045,697.81,,,0.188,XII,no,FALSE,TRUE,6007.43,,,,,,
"income_tax_18150,29_xii_a_01_07_2023",married_one_holder_pt,FALSE,a,2023-07-01,0.3344,877.29,,,0.286,XII,no,FALSE,TRUE,18150.29,,,,,,
income_tax_999999999_xii_a_01_07_2023,married_one_holder_pt,FALSE,a,2023-07-01,0.371,1542.04,,,,XII,no,FALSE,TRUE,999999999,,,,,,
income_tax_1595_xiii_a_01_07_2023,"not_married_pt,married_two_holders_pt",TRUE,a,2023-07-01,0,0,,,0,XIII,no,FALSE,TRUE,1595,,,,,,
"income_tax_1785,71_xiii_a_01_07_2023","not_married_pt,married_two_holders_pt",TRUE,a,2023-07-01,0.1796,286.08,,,0.019,XIII,no,FALSE,TRUE,1785.71,,,,,,
"income_tax_1950,36_xiii_a_01_07_2023","not_married_pt,married_two_holders_pt",TRUE,a,2023-07-01,0.1995,321.7,,,0.035,XIII,no,FALSE,TRUE,1950.36,,,,,,
"income_tax_2354,21_xiii_a_01_07_2023","not_married_pt,married_two_holders_pt",TRUE,a,2023-07-01,0.245,410.44,,,0.071,XIII,no,FALSE,TRUE,2354.21,,,,,,
"income_tax_3231,14_xiii_a_01_07_2023","not_married_pt,married_two_holders_pt",TRUE,a,2023-07-01,0.259,443.4,,,0.122,XIII,no,FALSE,TRUE,3231.14,,,,,,
"income_tax_4077,64_xiii_a_01_07_2023","not_married_pt,married_two_holders_pt",TRUE,a,2023-07-01,0.3045,590.42,,,0.16,XIII,no,FALSE,TRUE,4077.64,,,,,,
"income_tax_6102,79_xiii_a_01_07_2023","not_married_pt,married_two_holders_pt",TRUE,a,2023-07-01,0.315,633.24,,,0.211,XIII,no,FALSE,TRUE,6102.79,,,,,,
income_tax_6186_xiii_a_01_07_2023,"not_married_pt,married_two_holders_pt",TRUE,a,2023-07-01,0.336,761.39,,,0.213,XIII,no,FALSE,TRUE,6186,,,,,,
"income_tax_18328,86_xiii_a_01_07_2023","not_married_pt,married_two_holders_pt",TRUE,a,2023-07-01,0.3535,869.65,,,0.306,XIII,no,FALSE,TRUE,18328.86,,,,,,
income_tax_999999999_xiii_a_01_07_2023,"not_married_pt,married_two_holders_pt",TRUE,a,2023-07-01,0.371,1190.4,,,,XIII,no,FALSE,TRUE,999999999,,,,,,
"income_tax_1965,88_xiv_a_01_07_2023",married_one_holder_pt,TRUE,a,2023-07-01,0,0,,,0,XIV,no,FALSE,TRUE,1965.88,,,,,,
"income_tax_2354,21_xiv_a_01_07_2023",married_one_holder_pt,TRUE,a,2023-07-01,0.1728,339.68,,,0.029,XIV,no,FALSE,TRUE,2354.21,,,,,,
"income_tax_3231,14_xiv_a_01_07_2023",married_one_holder_pt,TRUE,a,2023-07-01,0.1931,387.45,,,0.073,XIV,no,FALSE,TRUE,3231.14,,,,,,
"income_tax_4077,64_xiv_a_01_07_2023",married_one_holder_pt,TRUE,a,2023-07-01,0.2344,520.85,,,0.107,XIV,no,FALSE,TRUE,4077.64,,,,,,
"income_tax_6102,79_xiv_a_01_07_2023",married_one_holder_pt,TRUE,a,2023-07-01,0.2604,627.1,,,0.158,XIV,no,FALSE,TRUE,6102.79,,,,,,
income_tax_6186_xiv_a_01_07_2023,married_one_holder_pt,TRUE,a,2023-07-01,0.3045,896.1,,,0.16,XIV,no,FALSE,TRUE,6186,,,,,,
"income_tax_18328,86_xiv_a_01_07_2023",married_one_holder_pt,TRUE,a,2023-07-01,0.3344,1080.91,,,0.275,XIV,no,FALSE,TRUE,18328.86,,,,,,
income_tax_999999999_xiv_a_01_07_2023,married_one_holder_pt,TRUE,a,2023-07-01,0.371,1752.2,,,,XIV,no,FALSE,TRUE,999999999,,,,,,
"income_tax_1767,27_xv_a_01_07_2023","not_married_pt,married_two_holders_pt",TRUE,a,2023-07-01,0,0,,,0,XV,no,TRUE,TRUE,1767.27,,,,,,
"income_tax_1950,36_xv_a_01_07_2023","not_married_pt,married_two_holders_pt",TRUE,a,2023-07-01,0.1995,352.94,,,0.019,XV,no,TRUE,TRUE,1950.36,,,,,,
"income_tax_2354,21_xv_a_01_07_2023","not_married_pt,married_two_holders_pt",TRUE,a,2023-07-01,0.245,441.68,,,0.057,XV,no,TRUE,TRUE,2354.21,,,,,,
"income_tax_3231,14_xv_a_01_07_2023","not_married_pt,married_two_holders_pt",TRUE,a,2023-07-01,0.259,474.64,,,0.112,XV,no,TRUE,TRUE,3231.14,,,,,,
"income_tax_4077,64_xv_a_01_07_2023","not_married_pt,married_two_holders_pt",TRUE,a,2023-07-01,0.3045,621.66,,,0.152,XV,no,TRUE,TRUE,4077.64,,,,,,
"income_tax_6102,79_xv_a_01_07_2023","not_married_pt,married_two_holders_pt",TRUE,a,2023-07-01,0.315,664.47,,,0.206,XV,no,TRUE,TRUE,6102.79,,,,,,
income_tax_6186_xv_a_01_07_2023,"not_married_pt,married_two_holders_pt",TRUE,a,2023-07-01,0.336,792.63,,,0.208,XV,no,TRUE,TRUE,6186,,,,,,
"income_tax_18328,86_xv_a_01_07_2023","not_married_pt,married_two_holders_pt",TRUE,a,2023-07-01,0.3535,900.88,,,0.304,XV,no,TRUE,TRUE,18328.86,,,,,,
income_tax_999999999_xv_a_01_07_2023,"not_married_pt,married_two_holders_pt",TRUE,a,2023-07-01,0.371,1221.64,,,,XV,no,TRUE,TRUE,999999999,,,,,,
"income_tax_2162,24_xvi_a_01_07_2023",married_one_holder_pt,TRUE,a,2023-07-01,0,0,,,0,XVI,no,TRUE,TRUE,2162.24,,,,,,
"income_tax_2354,21_xvi_a_01_07_2023",married_one_holder_pt,TRUE,a,2023-07-01,0.1728,373.61,,,0.014,XVI,no,TRUE,TRUE,2354.21,,,,,,
"income_tax_3231,14_xvi_a_01_07_2023",married_one_holder_pt,TRUE,a,2023-07-01,0.1931,421.38,,,0.063,XVI,no,TRUE,TRUE,3231.14,,,,,,
"income_tax_4077,64_xvi_a_01_07_2023",married_one_holder_pt,TRUE,a,2023-07-01,0.2344,554.78,,,0.098,XVI,no,TRUE,TRUE,4077.64,,,,,,
"income_tax_6102,79_xvi_a_01_07_2023",married_one_holder_pt,TRUE,a,2023-07-01,0.2604,661.03,,,0.152,XVI,no,TRUE,TRUE,6102.79,,,,,,
income_tax_6186_xvi_a_01_07_2023,married_one_holder_pt,TRUE,a,2023-07-01,0.3045,930.03,,,0.154,XVI,no,TRUE,TRUE,6186,,,,,,
"income_tax_18328,86_xvi_a_01_07_2023",married_one_holder_pt,TRUE,a,2023-07-01,0.3344,1114.84,,,0.274,XVI,no,TRUE,TRUE,18328.86,,,,,,
income_tax_999999999_xvi_a_01_07_2023,married_one_holder_pt,TRUE,a,2023-07-01,0.371,1786.13,,,,XVI,no,TRUE,TRUE,999999999,,,,,,
income_tax_820_I_c_01_01_2024_no_nm_mth,"not_married_pt,married_two_holders_pt",FALSE,c,2024-01-01,0,0,,,0,I,no,FALSE,FALSE,820,,,,,,
income_tax_935_I_c_01_01_2024_no_nm_mth,"not_married_pt,married_two_holders_pt",FALSE,c,2024-01-01,0.1325,0.1325 * 2.6 * (1135.39 - R),,,0.059,I,no,FALSE,FALSE,935,,,,,,
income_tax_1001_I_c_01_01_2024_no_nm_mth,"not_married_pt,married_two_holders_pt",FALSE,c,2024-01-01,0.18,0.18 * 1.4  * (1385.20 - R),,,0.083,I,no,FALSE,FALSE,1001,,,,,,
income_tax_1123_I_c_01_01_2024_no_nm_mth,"not_married_pt,married_two_holders_pt",FALSE,c,2024-01-01,0.18,96.82,,,0.094,I,no,FALSE,FALSE,1123,,,,,,
income_tax_1765_I_c_01_01_2024_no_nm_mth,"not_married_pt,married_two_holders_pt",FALSE,c,2024-01-01,0.26,186.66,,,0.154,I,no,FALSE,FALSE,1765,,,,,,
income_tax_2057_I_c_01_01_2024_no_nm_mth,"not_married_pt,married_two_holders_pt",FALSE,c,2024-01-01,0.3275,305.8,,,0.179,I,no,FALSE,FALSE,2057,,,,,,
income_tax_2664_I_c_01_01_2024_no_nm_mth,"not_married_pt,married_two_holders_pt",FALSE,c,2024-01-01,0.37,393.23,,,0.222,I,no,FALSE,FALSE,2664,,,,,,
income_tax_3193_I_c_01_01_2024_no_nm_mth,"not_married_pt,married_two_holders_pt",FALSE,c,2024-01-01,0.3872,439.05,,,0.25,I,no,FALSE,FALSE,3193,,,,,,
income_tax_4173_I_c_01_01_2024_no_nm_mth,"not_married_pt,married_two_holders_pt",FALSE,c,2024-01-01,0.4005,481.52,,,0.285,I,no,FALSE,FALSE,4173,,,,,,
income_tax_5470_I_c_01_01_2024_no_nm_mth,"not_married_pt,married_two_holders_pt",FALSE,c,2024-01-01,0.41,521.17,,,0.315,I,no,FALSE,FALSE,5470,,,,,,
income_tax_6540_I_c_01_01_2024_no_nm_mth,"not_married_pt,married_two_holders_pt",FALSE,c,2024-01-01,0.427,614.16,,,0.333,I,no,FALSE,FALSE,6540,,,,,,
income_tax_20067_I_c_01_01_2024_no_nm_mth,"not_married_pt,married_two_holders_pt",FALSE,c,2024-01-01,0.4495,761.31,,,0.412,I,no,FALSE,FALSE,20067,,,,,,
income_tax_999999999_I_c_01_01_2024_no_nm_mth,"not_married_pt,married_two_holders_pt",FALSE,c,2024-01-01,0.4717,1206.8,,,,I,no,FALSE,FALSE,999999999,,,,,,
income_tax_820_I_c_01_01_2024_with_mth,married_two_holders_pt,FALSE,c,2024-01-01,0,0,0,,0,I,with_one_or_more,FALSE,FALSE,820,,,,,,
income_tax_935_I_c_01_01_2024_with_mth,married_two_holders_pt,FALSE,c,2024-01-01,0.1325,0.1325 * 2.6 * (1135.39 - R),21.43,,0.059,I,with_one_or_more,FALSE,FALSE,935,,,,,,
income_tax_1001_I_c_01_01_2024_with_mth,married_two_holders_pt,FALSE,c,2024-01-01,0.18,0.18 * 1.4  * (1385.20 - R),21.43,,0.083,I,with_one_or_more,FALSE,FALSE,1001,,,,,,
income_tax_1123_I_c_01_01_2024_with_mth,married_two_holders_pt,FALSE,c,2024-01-01,0.18,96.82,21.43,,0.094,I,with_one_or_more,FALSE,FALSE,1123,,,,,,
income_tax_1765_I_c_01_01_2024_with_mth,married_two_holders_pt,FALSE,c,2024-01-01,0.26,186.66,21.43,,0.154,I,with_one_or_more,FALSE,FALSE,1765,,,,,,
income_tax_2057_I_c_01_01_2024_with_mth,married_two_holders_pt,FALSE,c,2024-01-01,0.3275,305.8,21.43,,0.179,I,with_one_or_more,FALSE,FALSE,2057,,,,,,
income_tax_2664_I_c_01_01_2024_with_mth,married_two_holders_pt,FALSE,c,2024-01-01,0.37,393.23,21.43,,0.222,I,with_one_or_more,FALSE,FALSE,2664,,,,,,
income_tax_3193_I_c_01_01_2024_with_mth,married_two_holders_pt,FALSE,c,2024-01-01,0.3872,439.05,21.43,,0.25,I,with_one_or_more,FALSE,FALSE,3193,,,,,,
income_tax_4173_I_c_01_01_2024_with_mth,married_two_holders_pt,FALSE,c,2024-01-01,0.4005,481.52,21.43,,0.285,I,with_one_or_more,FALSE,FALSE,4173,,,,,,
income_tax_5470_I_c_01_01_2024_with_mth,married_two_holders_pt,FALSE,c,2024-01-01,0.41,521.17,21.43,,0.315,I,with_one_or_more,FALSE,FALSE,5470,,,,,,
income_tax_6540_I_c_01_01_2024_with_mth,married_two_holders_pt,FALSE,c,2024-01-01,0.427,614.16,21.43,,0.333,I,with_one_or_more,FALSE,FALSE,6540,,,,,,
income_tax_20067_I_c_01_01_2024_with_mth,married_two_holders_pt,FALSE,c,2024-01-01,0.4495,761.31,21.43,,0.412,I,with_one_or_more,FALSE,FALSE,20067,,,,,,
income_tax_999999999_I_c_01_01_2024_with_mth,married_two_holders_pt,FALSE,c,2024-01-01,0.4717,1206.8,21.43,,,I,with_one_or_more,FALSE,FALSE,999999999,,,,,,
income_tax_820_II_c_01_01_2024_with_nm,not_married_pt,FALSE,c,2024-01-01,0,0,0,,0,II,with_one_or_more,FALSE,FALSE,820,,,,,,
income_tax_935_II_c_01_01_2024_with_nm,not_married_pt,FALSE,c,2024-01-01,0.1325,0.1325 * 2.6 * (1135.39 - R),34.29,,0.022,II,with_one_or_more,FALSE,FALSE,935,,,,,,
income_tax_1001_II_c_01_01_2024_with_nm,not_married_pt,FALSE,c,2024-01-01,0.18,0.18 * 1.4  * (1385.20 - R),34.29,,0.049,II,with_one_or_more,FALSE,FALSE,1001,,,,,,
income_tax_1123_II_c_01_01_2024_with_nm,not_married_pt,FALSE,c,2024-01-01,0.18,96.82,34.29,,0.063,II,with_one_or_more,FALSE,FALSE,1123,,,,,,
income_tax_1765_II_c_01_01_2024_with_nm,not_married_pt,FALSE,c,2024-01-01,0.26,186.66,34.29,,0.135,II,with_one_or_more,FALSE,FALSE,1765,,,,,,
income_tax_2057_II_c_01_01_2024_with_nm,not_married_pt,FALSE,c,2024-01-01,0.3275,305.8,34.29,,0.162,II,with_one_or_more,FALSE,FALSE,2057,,,,,,
income_tax_2664_II_c_01_01_2024_with_nm,not_married_pt,FALSE,c,2024-01-01,0.37,393.23,34.29,,0.21,II,with_one_or_more,FALSE,FALSE,2664,,,,,,
income_tax_3193_II_c_01_01_2024_with_nm,not_married_pt,FALSE,c,2024-01-01,0.3872,439.05,34.29,,0.239,II,with_one_or_more,FALSE,FALSE,3193,,,,,,
income_tax_4173_II_c_01_01_2024_with_nm,not_married_pt,FALSE,c,2024-01-01,0.4005,481.52,34.29,,0.277,II,with_one_or_more,FALSE,FALSE,4173,,,,,,
income_tax_5470_II_c_01_01_2024_with_nm,not_married_pt,FALSE,c,2024-01-01,0.41,521.17,34.29,,0.308,II,with_one_or_more,FALSE,FALSE,5470,,,,,,
income_tax_6540_II_c_01_01_2024_with_nm,not_married_pt,FALSE,c,2024-01-01,0.427,614.16,34.29,,0.328,II,with_one_or_more,FALSE,FALSE,6540,,,,,,
income_tax_20067_II_c_01_01_2024_with_nm,not_married_pt,FALSE,c,2024-01-01,0.4495,761.31,34.29,,0.41,II,with_one_or_more,FALSE,FALSE,20067,,,,,,
income_tax_999999999_II_c_01_01_2024_with_nm,not_married_pt,FALSE,c,2024-01-01,0.4717,1206.8,34.29,,,II,with_one_or_more,FALSE,FALSE,999999999,,,,,,
income_tax_857_III_c_01_01_2024_with_moh,married_one_holder_pt,FALSE,c,2024-01-01,0,0,0,,0,III,with_one_or_more,FALSE,FALSE,857,,,,,,
income_tax_935_III_c_01_01_2024_with_moh,married_one_holder_pt,FALSE,c,2024-01-01,0.1325,0.1325 * 2.6 * (1186.62 - R),42.86,,0.04,III,with_one_or_more,FALSE,FALSE,935,,,,,,
income_tax_1001_III_c_01_01_2024_with_moh,married_one_holder_pt,FALSE,c,2024-01-01,0.1325,0.1325 * 1.4  * (1402.3 - R),42.86,,0.058,III,with_one_or_more,FALSE,FALSE,1001,,,,,,
income_tax_1393_III_c_01_01_2024_with_moh,married_one_holder_pt,FALSE,c,2024-01-01,0.1325,74.44,42.86,,0.079,III,with_one_or_more,FALSE,FALSE,1393,,,,,,
income_tax_1900_III_c_01_01_2024_with_moh,married_one_holder_pt,FALSE,c,2024-01-01,0.185,147.57,42.86,,0.107,III,with_one_or_more,FALSE,FALSE,1900,,,,,,
income_tax_2801_III_c_01_01_2024_with_moh,married_one_holder_pt,FALSE,c,2024-01-01,0.26,290.07,42.86,,0.156,III,with_one_or_more,FALSE,FALSE,2801,,,,,,
income_tax_3423_III_c_01_01_2024_with_moh,married_one_holder_pt,FALSE,c,2024-01-01,0.28,346.09,42.86,,0.179,III,with_one_or_more,FALSE,FALSE,3423,,,,,,
income_tax_4099_III_c_01_01_2024_with_moh,married_one_holder_pt,FALSE,c,2024-01-01,0.2915,385.46,42.86,,0.197,III,with_one_or_more,FALSE,FALSE,4099,,,,,,
income_tax_5800_III_c_01_01_2024_with_moh,married_one_holder_pt,FALSE,c,2024-01-01,0.325,522.78,42.86,,0.235,III,with_one_or_more,FALSE,FALSE,5800,,,,,,
income_tax_6422_III_c_01_01_2024_with_moh,married_one_holder_pt,FALSE,c,2024-01-01,0.36,725.78,42.86,,0.247,III,with_one_or_more,FALSE,FALSE,6422,,,,,,
income_tax_2006421_III_c_01_01_2024_with_moh,married_one_holder_pt,FALSE,c,2024-01-01,0.425,1143.21,42.86,,0.368,III,with_one_or_more,FALSE,FALSE,20064.21,,,,,,
income_tax_999999999_III_c_01_01_2024_with_moh,married_one_holder_pt,FALSE,c,2024-01-01,0.4717,2080.2,42.86,,,III,with_one_or_more,FALSE,FALSE,999999999,,,,,,
income_tax_857_III_c_01_01_2024_no_moh,married_one_holder_pt,FALSE,c,2024-01-01,0,0,,,0,III,no,FALSE,FALSE,857,,,,,,
income_tax_935_III_c_01_01_2024_no_moh,married_one_holder_pt,FALSE,c,2024-01-01,0.1325,0.1325 * 2.6 * (1186.62 - R),,,0.04,III,no,FALSE,FALSE,935,,,,,,
income_tax_1001_III_c_01_01_2024_no_moh,married_one_holder_pt,FALSE,c,2024-01-01,0.1325,0.1325 * 1.4  * (1402.3 - R),,,0.058,III,no,FALSE,FALSE,1001,,,,,,
income_tax_1393_III_c_01_01_2024_no_moh,married_one_holder_pt,FALSE,c,2024-01-01,0.1325,74.44,,,0.079,III,no,FALSE,FALSE,1393,,,,,,
income_tax_1900_III_c_01_01_2024_no_moh,married_one_holder_pt,FALSE,c,2024-01-01,0.185,147.57,,,0.107,III,no,FALSE,FALSE,1900,,,,,,
income_tax_2801_III_c_01_01_2024_no_moh,married_one_holder_pt,FALSE,c,2024-01-01,0.26,290.07,,,0.156,III,no,FALSE,FALSE,2801,,,,,,
income_tax_3423_III_c_01_01_2024_no_moh,married_one_holder_pt,FALSE,c,2024-01-01,0.28,346.09,,,0.179,III,no,FALSE,FALSE,3423,,,,,,
income_tax_4099_III_c_01_01_2024_no_moh,married_one_holder_pt,FALSE,c,2024-01-01,0.2915,385.46,,,0.197,III,no,FALSE,FALSE,4099,,,,,,
income_tax_5800_III_c_01_01_2024_no_moh,married_one_holder_pt,FALSE,c,2024-01-01,0.325,522.78,,,0.235,III,no,FALSE,FALSE,5800,,,,,,
income_tax_6422_III_c_01_01_2024_no_moh,married_one_holder_pt,FALSE,c,2024-01-01,0.36,725.78,,,0.247,III,no,FALSE,FALSE,6422,,,,,,
income_tax_2006421_III_c_01_01_2024_no_moh,married_one_holder_pt,FALSE,c,2024-01-01,0.425,1143.21,,,0.368,III,no,FALSE,FALSE,20064.21,,,,,,
income_tax_999999999_III_c_01_01_2024_no_moh,married_one_holder_pt,FALSE,c,2024-01-01,0.4717,2080.2,,,,III,no,FALSE,FALSE,999999999,,,,,,
income_tax_151941_IV_c_01_01_2024_no_nm_mth_disab,"not_married_pt,married_two_holders_pt",TRUE,c,2024-01-01,0,0,,,0,IV,no,FALSE,FALSE,1519.41,,,,,,
income_tax_164829_IV_c_01_01_2024_no_nm_mth_disab,"not_married_pt,married_two_holders_pt",TRUE,c,2024-01-01,0.1325,201.32,,,0.01,IV,no,FALSE,FALSE,1648.29,,,,,,
income_tax_199461_IV_c_01_01_2024_no_nm_mth_disab,"not_married_pt,married_two_holders_pt",TRUE,c,2024-01-01,0.23,362.03,,,0.048,IV,no,FALSE,FALSE,1994.61,,,,,,
income_tax_241071_IV_c_01_01_2024_no_nm_mth_disab,"not_married_pt,married_two_holders_pt",TRUE,c,2024-01-01,0.3275,556.51,,,0.097,IV,no,FALSE,FALSE,2410.71,,,,,,
income_tax_437375_IV_c_01_01_2024_no_nm_mth_disab,"not_married_pt,married_two_holders_pt",TRUE,c,2024-01-01,0.37,658.97,,,0.219,IV,no,FALSE,FALSE,4373.75,,,,,,
income_tax_662118_IV_c_01_01_2024_no_nm_mth_disab,"not_married_pt,married_two_holders_pt",TRUE,c,2024-01-01,0.4005,792.37,,,0.281,IV,no,FALSE,FALSE,6621.18,,,,,,
income_tax_671741_IV_c_01_01_2024_no_nm_mth_disab,"not_married_pt,married_two_holders_pt",TRUE,c,2024-01-01,0.4228,940.03,,,0.283,IV,no,FALSE,FALSE,6717.41,,,,,,
income_tax_2026485_IV_c_01_01_2024_no_nm_mth_disab,"not_married_pt,married_two_holders_pt",TRUE,c,2024-01-01,0.4495,1119.39,,,0.394,IV,no,FALSE,FALSE,20264.85,,,,,,
income_tax_999999999_IV_c_01_01_2024_no_nm_mth_disab,"not_married_pt,married_two_holders_pt",TRUE,c,2024-01-01,0.4717,1569.27,,,,IV,no,FALSE,FALSE,999999999,,,,,,
income_tax_167709_V_c_01_01_2024_with_nm_disab,not_married_pt,TRUE,c,2024-01-01,0,0,0,,0,V,with_one_or_more,FALSE,FALSE,1677.09,,,,,,
income_tax_199461_V_c_01_01_2024_with_nm_disab,not_married_pt,TRUE,c,2024-01-01,0.23,385.73,42.86,,0.015,V,with_one_or_more,FALSE,FALSE,1994.61,,,,,,
income_tax_241071_V_c_01_01_2024_with_nm_disab,not_married_pt,TRUE,c,2024-01-01,0.3275,580.21,42.86,,0.069,V,with_one_or_more,FALSE,FALSE,2410.71,,,,,,
income_tax_437375_V_c_01_01_2024_with_nm_disab,not_married_pt,TRUE,c,2024-01-01,0.37,682.67,42.86,,0.204,V,with_one_or_more,FALSE,FALSE,4373.75,,,,,,
income_tax_662118_V_c_01_01_2024_with_nm_disab,not_married_pt,TRUE,c,2024-01-01,0.4005,816.07,42.86,,0.271,V,with_one_or_more,FALSE,FALSE,6621.18,,,,,,
income_tax_671741_V_c_01_01_2024_with_nm_disab,not_married_pt,TRUE,c,2024-01-01,0.4228,963.73,42.86,,0.273,V,with_one_or_more,FALSE,FALSE,6717.41,,,,,,
income_tax_2026485_V_c_01_01_2024_with_nm_disab,not_married_pt,TRUE,c,2024-01-01,0.4495,1143.09,42.86,,0.391,V,with_one_or_more,FALSE,FALSE,20264.85,,,,,,
income_tax_999999999_V_c_01_01_2024_with_nm_disab,not_married_pt,TRUE,c,2024-01-01,0.4717,1592.97,42.86,,,V,with_one_or_more,FALSE,FALSE,999999999,,,,,,
income_tax_157466_VI_c_01_01_2024_with_mth_disab,married_two_holders_pt,TRUE,c,2024-01-01,0,0,0,,0,VI,with_one_or_more,FALSE,FALSE,1574.66,,,,,,
income_tax_164829_VI_c_01_01_2024_with_mth_disab,married_two_holders_pt,TRUE,c,2024-01-01,0.1325,208.64,21.43,,0,VI,with_one_or_more,FALSE,FALSE,1648.29,,,,,,
income_tax_199461_VI_c_01_01_2024_with_mth_disab,married_two_holders_pt,TRUE,c,2024-01-01,0.23,369.35,21.43,,0.034,VI,with_one_or_more,FALSE,FALSE,1994.61,,,,,,
income_tax_241071_VI_c_01_01_2024_with_mth_disab,married_two_holders_pt,TRUE,c,2024-01-01,0.3275,563.83,21.43,,0.085,VI,with_one_or_more,FALSE,FALSE,2410.71,,,,,,
income_tax_437375_VI_c_01_01_2024_with_mth_disab,married_two_holders_pt,TRUE,c,2024-01-01,0.37,666.29,21.43,,0.213,VI,with_one_or_more,FALSE,FALSE,4373.75,,,,,,
income_tax_662118_VI_c_01_01_2024_with_mth_disab,married_two_holders_pt,TRUE,c,2024-01-01,0.4005,799.69,21.43,,0.276,VI,with_one_or_more,FALSE,FALSE,6621.18,,,,,,
income_tax_671741_VI_c_01_01_2024_with_mth_disab,married_two_holders_pt,TRUE,c,2024-01-01,0.4228,947.35,21.43,,0.279,VI,with_one_or_more,FALSE,FALSE,6717.41,,,,,,
income_tax_2026485_VI_c_01_01_2024_with_mth_disab,married_two_holders_pt,TRUE,c,2024-01-01,0.4495,1126.71,21.43,,0.393,VI,with_one_or_more,FALSE,FALSE,20264.85,,,,,,
income_tax_999999999_VI_c_01_01_2024_with_mth_disab,married_two_holders_pt,TRUE,c,2024-01-01,0.4717,1576.59,21.43,,,VI,with_one_or_more,FALSE,FALSE,999999999,,,,,,
income_tax_210551_VII_c_01_01_2024_with_moh_disab,married_one_holder_pt,TRUE,c,2024-01-01,0,0,0,,0,VII,with_one_or_more,FALSE,FALSE,2105.51,,,,,,
income_tax_362295_VII_c_01_01_2024_with_moh_disab,married_one_holder_pt,TRUE,c,2024-01-01,0.316,719.35,42.86,,0.117,VII,with_one_or_more,FALSE,FALSE,3622.95,,,,,,
income_tax_658701_VII_c_01_01_2024_with_moh_disab,married_one_holder_pt,TRUE,c,2024-01-01,0.33,770.07,42.86,,0.213,VII,with_one_or_more,FALSE,FALSE,6587.01,,,,,,
income_tax_2026485_VII_c_01_01_2024_with_moh_disab,married_one_holder_pt,TRUE,c,2024-01-01,0.425,1395.84,42.86,,0.356,VII,with_one_or_more,FALSE,FALSE,20264.85,,,,,,
income_tax_999999999_VII_c_01_01_2024_with_moh_disab,married_one_holder_pt,TRUE,c,2024-01-01,0.4717,2342.21,42.86,,,VII,with_one_or_more,FALSE,FALSE,999999999,,,,,,
income_tax_210551_VII_c_01_01_2024_no_moh_disab,married_one_holder_pt,TRUE,c,2024-01-01,0,0,,,0,VII,no,FALSE,FALSE,2105.51,,,,,,
income_tax_362295_VII_c_01_01_2024_no_moh_disab,married_one_holder_pt,TRUE,c,2024-01-01,0.316,719.35,,,0.117,VII,no,FALSE,FALSE,3622.95,,,,,,
income_tax_658701_VII_c_01_01_2024_no_moh_disab,married_one_holder_pt,TRUE,c,2024-01-01,0.33,770.07,,,0.213,VII,no,FALSE,FALSE,6587.01,,,,,,
income_tax_2026485_VII_c_01_01_2024_no_moh_disab,married_one_holder_pt,TRUE,c,2024-01-01,0.425,1395.84,,,0.356,VII,no,FALSE,FALSE,20264.85,,,,,,
income_tax_999999999_VII_c_01_01_2024_no_moh_disab,married_one_holder_pt,TRUE,c,2024-01-01,0.4717,2342.21,,,,VII,no,FALSE,FALSE,999999999,,,,,,
income_tax_820_VIII_c_01_01_2024_no_nm_mth_pen,"not_married_pt,married_two_holders_pt",FALSE,c,2024-01-01,0,0,,,0,VIII,no,FALSE,TRUE,820,,,,,,
income_tax_83862_VIII_c_01_01_2024_no_nm_mth_pen,"not_married_pt,married_two_holders_pt",FALSE,c,2024-01-01,0.1325,0.1325 * 2.6 * (1199.43 - R),,,0,VIII,no,FALSE,TRUE,838.62,,,,,,
income_tax_9354_VIII_c_01_01_2024_no_nm_mth_pen,"not_married_pt,married_two_holders_pt",FALSE,c,2024-01-01,0.18,0.18 * 1.4 * (1437.65 - R),,,0.045,VIII,no,FALSE,TRUE,935.4,,,,,,
income_tax_94479_VIII_c_01_01_2024_no_nm_mth_pen,"not_married_pt,married_two_holders_pt",FALSE,c,2024-01-01,0.186,132.18,,,0.046,VIII,no,FALSE,TRUE,944.79,,,,,,
income_tax_1434_VIII_c_01_01_2024_no_nm_mth_pen,"not_married_pt,married_two_holders_pt",FALSE,c,2024-01-01,0.265,206.82,,,0.121,VIII,no,FALSE,TRUE,1434,,,,,,
income_tax_181607_VIII_c_01_01_2024_no_nm_mth_pen,"not_married_pt,married_two_holders_pt",FALSE,c,2024-01-01,0.268,211.13,,,0.152,VIII,no,FALSE,TRUE,1816.07,,,,,,
income_tax_203571_VIII_c_01_01_2024_no_nm_mth_pen,"not_married_pt,married_two_holders_pt",FALSE,c,2024-01-01,0.3275,319.19,,,0.171,VIII,no,FALSE,TRUE,2035.71,,,,,,
income_tax_227821_VIII_c_01_01_2024_no_nm_mth_pen,"not_married_pt,married_two_holders_pt",FALSE,c,2024-01-01,0.37,405.71,,,0.192,VIII,no,FALSE,TRUE,2278.21,,,,,,
income_tax_336436_VIII_c_01_01_2024_no_nm_mth_pen,"not_married_pt,married_two_holders_pt",FALSE,c,2024-01-01,0.435,553.8,,,0.27,VIII,no,FALSE,TRUE,3364.36,,,,,,
income_tax_577164_VIII_c_01_01_2024_no_nm_mth_pen,"not_married_pt,married_two_holders_pt",FALSE,c,2024-01-01,0.45,604.27,,,0.345,VIII,no,FALSE,TRUE,5771.64,,,,,,
income_tax_617886_VIII_c_01_01_2024_no_nm_mth_pen,"not_married_pt,married_two_holders_pt",FALSE,c,2024-01-01,0.48,777.42,,,0.354,VIII,no,FALSE,TRUE,6178.86,,,,,,
income_tax_1815029_VIII_c_01_01_2024_no_nm_mth_pen,"not_married_pt,married_two_holders_pt",FALSE,c,2024-01-01,0.505,931.9,,,0.454,VIII,no,FALSE,TRUE,18150.29,,,,,,
income_tax_999999999_VIII_c_01_01_2024_no_nm_mth_pen,"not_married_pt,married_two_holders_pt",FALSE,c,2024-01-01,0.53,1385.66,,,,VIII,no,FALSE,TRUE,999999999,,,,,,
income_tax_820_IX_c_01_01_2024_no_moh_pen,married_one_holder_pt,FALSE,c,2024-01-01,0,0,,,0,IX,no,FALSE,TRUE,820,,,,,,
income_tax_83862_IX_c_01_01_2024_no_moh_pen,married_one_holder_pt,FALSE,c,2024-01-01,0.1325,0.1325 * 2.6 * (1272  - R),,,0,IX,no,FALSE,TRUE,838.62,,,,,,
income_tax_9354_IX_c_01_01_2024_no_moh_pen,married_one_holder_pt,FALSE,c,2024-01-01,0.18,0.18 * 1.4 * (1512.57 - R),,,0.025,IX,no,FALSE,TRUE,935.4,,,,,,
income_tax_94479_IX_c_01_01_2024_no_moh_pen,married_one_holder_pt,FALSE,c,2024-01-01,0.18,145.45,,,0.026,IX,no,FALSE,TRUE,944.79,,,,,,
income_tax_1434_IX_c_01_01_2024_no_moh_pen,married_one_holder_pt,FALSE,c,2024-01-01,0.182,147.34,,,0.079,IX,no,FALSE,TRUE,1434,,,,,,
income_tax_181607_IX_c_01_01_2024_no_moh_pen,married_one_holder_pt,FALSE,c,2024-01-01,0.214,193.23,,,0.108,IX,no,FALSE,TRUE,1816.07,,,,,,
income_tax_203571_IX_c_01_01_2024_no_moh_pen,married_one_holder_pt,FALSE,c,2024-01-01,0.235,231.37,,,0.121,IX,no,FALSE,TRUE,2035.71,,,,,,
income_tax_227821_IX_c_01_01_2024_no_moh_pen,married_one_holder_pt,FALSE,c,2024-01-01,0.257,276.16,,,0.136,IX,no,FALSE,TRUE,2278.21,,,,,,
income_tax_336436_IX_c_01_01_2024_no_moh_pen,married_one_holder_pt,FALSE,c,2024-01-01,0.3275,436.78,,,0.198,IX,no,FALSE,TRUE,3364.36,,,,,,
income_tax_577164_IX_c_01_01_2024_no_moh_pen,married_one_holder_pt,FALSE,c,2024-01-01,0.367,569.67,,,0.268,IX,no,FALSE,TRUE,5771.64,,,,,,
income_tax_617886_IX_c_01_01_2024_no_moh_pen,married_one_holder_pt,FALSE,c,2024-01-01,0.421,881.34,,,0.278,IX,no,FALSE,TRUE,6178.86,,,,,,
income_tax_1815029_IX_c_01_01_2024_no_moh_pen,married_one_holder_pt,FALSE,c,2024-01-01,0.474,1208.83,,,0.407,IX,no,FALSE,TRUE,18150.29,,,,,,
income_tax_999999999_IX_c_01_01_2024_no_moh_pen,married_one_holder_pt,FALSE,c,2024-01-01,0.53,2225.25,,,,IX,no,FALSE,TRUE,999999999,,,,,,
income_tax_161777_X_c_01_01_2024_no_nm_mth_disab_pen,"not_married_pt,married_two_holders_pt",TRUE,c,2024-01-01,0,0,,,0,X,no,TRUE,TRUE,1617.77,,,,,,
income_tax_199464_X_c_01_01_2024_no_nm_mth_disab_pen,"not_married_pt,married_two_holders_pt",TRUE,c,2024-01-01,0.26,420.62,,,0.041,X,no,TRUE,TRUE,1994.64,,,,,,
income_tax_226786_X_c_01_01_2024_no_nm_mth_disab_pen,"not_married_pt,married_two_holders_pt",TRUE,c,2024-01-01,0.3275,555.26,,,0.075,X,no,TRUE,TRUE,2267.86,,,,,,
income_tax_331393_X_c_01_01_2024_no_nm_mth_disab_pen,"not_married_pt,married_two_holders_pt",TRUE,c,2024-01-01,0.37,651.65,,,0.168,X,no,TRUE,TRUE,3313.93,,,,,,
income_tax_44715_X_c_01_01_2024_no_nm_mth_disab_pen,"not_married_pt,married_two_holders_pt",TRUE,c,2024-01-01,0.435,867.06,,,0.237,X,no,TRUE,TRUE,4471.5,,,,,,
income_tax_59145_X_c_01_01_2024_no_nm_mth_disab_pen,"not_married_pt,married_two_holders_pt",TRUE,c,2024-01-01,0.45,934.14,,,0.289,X,no,TRUE,TRUE,5914.5,,,,,,
income_tax_6536_X_c_01_01_2024_no_nm_mth_disab_pen,"not_married_pt,married_two_holders_pt",TRUE,c,2024-01-01,0.48,1111.58,,,0.307,X,no,TRUE,TRUE,6536,,,,,,
income_tax_18186_X_c_01_01_2024_no_nm_mth_disab_pen,"not_married_pt,married_two_holders_pt",TRUE,c,2024-01-01,0.505,1274.98,,,0.434,X,no,TRUE,TRUE,18186,,,,,,
income_tax_999999999_X_c_01_01_2024_no_nm_mth_disab_pen,"not_married_pt,married_two_holders_pt",TRUE,c,2024-01-01,0.53,1729.64,,,,X,no,TRUE,TRUE,999999999,,,,,,
income_tax_184431_XI_c_01_01_2024_no_moh_disab_pen,married_one_holder_pt,TRUE,c,2024-01-01,0,0,,,0,XI,no,TRUE,TRUE,1844.31,,,,,,
income_tax_26375_XI_c_01_01_2024_no_moh_disab_pen,married_one_holder_pt,TRUE,c,2024-01-01,0.19,350.42,,,0.044,XI,no,TRUE,TRUE,2637.5,,,,,,
income_tax_269643_XI_c_01_01_2024_no_moh_disab_pen,married_one_holder_pt,TRUE,c,2024-01-01,0.231,458.56,,,0.048,XI,no,TRUE,TRUE,2696.43,,,,,,
income_tax_317107_XI_c_01_01_2024_no_moh_disab_pen,married_one_holder_pt,TRUE,c,2024-01-01,0.256,525.97,,,0.079,XI,no,TRUE,TRUE,3171.07,,,,,,
income_tax_393579_XI_c_01_01_2024_no_moh_disab_pen,married_one_holder_pt,TRUE,c,2024-01-01,0.328,754.29,,,0.128,XI,no,TRUE,TRUE,3935.79,,,,,,
income_tax_59145_XI_c_01_01_2024_no_moh_disab_pen,married_one_holder_pt,TRUE,c,2024-01-01,0.367,907.79,,,0.208,XI,no,TRUE,TRUE,5914.5,,,,,,
income_tax_600029_XI_c_01_01_2024_no_moh_disab_pen,married_one_holder_pt,TRUE,c,2024-01-01,0.42,1221.27,,,0.211,XI,no,TRUE,TRUE,6000.29,,,,,,
income_tax_1797171_XI_c_01_01_2024_no_moh_disab_pen,married_one_holder_pt,TRUE,c,2024-01-01,0.474,1545.29,,,0.386,XI,no,TRUE,TRUE,17971.71,,,,,,
income_tax_999999999_XI_c_01_01_2024_no_moh_disab_pen,married_one_holder_pt,TRUE,c,2024-01-01,0.53,2551.71,,,,XI,no,TRUE,TRUE,999999999,,,,,,
income_tax_850_I_m_01_01_2024_no_nm_mth,"not_married_pt,married_two_holders_pt",FALSE,m,2024-01-01,0,0,,,0,I,no,FALSE,FALSE,850,,,,,,
income_tax_90957_I_m_01_01_2024_no_nm_mth,"not_married_pt,married_two_holders_pt",FALSE,m,2024-01-01,0.1015,0.1015 * 2.3 * (1210.45 - R),,,0.024,I,no,FALSE,FALSE,909.57,,,,,,
income_tax_98709_I_m_01_01_2024_no_nm_mth,"not_married_pt,married_two_holders_pt",FALSE,m,2024-01-01,0.147,0.147 * 1.3 * (1493.70 - R),,,0.049,I,no,FALSE,FALSE,987.09,,,,,,
income_tax_99914_I_m_01_01_2024_no_nm_mth,"not_married_pt,married_two_holders_pt",FALSE,m,2024-01-01,0.147,96.81,,,0.05,I,no,FALSE,FALSE,999.14,,,,,,
income_tax_114979_I_m_01_01_2024_no_nm_mth,"not_married_pt,married_two_holders_pt",FALSE,m,2024-01-01,0.1855,135.28,,,0.068,I,no,FALSE,FALSE,1149.79,,,,,,
income_tax_162893_I_m_01_01_2024_no_nm_mth,"not_married_pt,married_two_holders_pt",FALSE,m,2024-01-01,0.1995,151.38,,,0.107,I,no,FALSE,FALSE,1628.93,,,,,,
income_tax_188993_I_m_01_01_2024_no_nm_mth,"not_married_pt,married_two_holders_pt",FALSE,m,2024-01-01,0.273,271.1,,,0.13,I,no,FALSE,FALSE,1889.93,,,,,,
income_tax_274334_I_m_01_01_2024_no_nm_mth,"not_married_pt,married_two_holders_pt",FALSE,m,2024-01-01,0.3404,398.48,,,0.195,I,no,FALSE,FALSE,2743.34,,,,,,
income_tax_348018_I_m_01_01_2024_no_nm_mth,"not_married_pt,married_two_holders_pt",FALSE,m,2024-01-01,0.3562,441.77,,,0.229,I,no,FALSE,FALSE,3480.18,,,,,,
income_tax_54699_I_m_01_01_2024_no_nm_mth,"not_married_pt,married_two_holders_pt",FALSE,m,2024-01-01,0.3685,484.51,,,0.28,I,no,FALSE,FALSE,5469.9,,,,,,
income_tax_642055_I_m_01_01_2024_no_nm_mth,"not_married_pt,married_two_holders_pt",FALSE,m,2024-01-01,0.4229,782.45,,,0.301,I,no,FALSE,FALSE,6420.55,,,,,,
income_tax_2006421_I_m_01_01_2024_no_nm_mth,"not_married_pt,married_two_holders_pt",FALSE,m,2024-01-01,0.4316,838.17,,,0.39,I,no,FALSE,FALSE,20064.21,,,,,,
income_tax_999999999_I_m_01_01_2024_no_nm_mth,"not_married_pt,married_two_holders_pt",FALSE,m,2024-01-01,0.467,1547.96,,,,I,no,FALSE,FALSE,999999999,,,,,,
income_tax_90957_II_m_01_01_2024_with_nm,not_married_pt,FALSE,m,2024-01-01,0,0,0,,0,II,with_one_or_more,FALSE,FALSE,909.57,,,,,,
income_tax_98709_II_m_01_01_2024_with_nm,not_married_pt,FALSE,m,2024-01-01,0.147,0.147 * 1.3 * (1437.61 - R),34.29,,0.025,II,with_one_or_more,FALSE,FALSE,987.09,,,,,,
income_tax_99914_II_m_01_01_2024_with_nm,not_married_pt,FALSE,m,2024-01-01,0.147,86.09,34.29,,0.027,II,with_one_or_more,FALSE,FALSE,999.14,,,,,,
income_tax_114979_II_m_01_01_2024_with_nm,not_married_pt,FALSE,m,2024-01-01,0.1855,124.56,34.29,,0.047,II,with_one_or_more,FALSE,FALSE,1149.79,,,,,,
income_tax_162893_II_m_01_01_2024_with_nm,not_married_pt,FALSE,m,2024-01-01,0.1995,140.66,34.29,,0.092,II,with_one_or_more,FALSE,FALSE,1628.93,,,,,,
income_tax_188993_II_m_01_01_2024_with_nm,not_married_pt,FALSE,m,2024-01-01,0.273,260.38,34.29,,0.117,II,with_one_or_more,FALSE,FALSE,1889.93,,,,,,
income_tax_274334_II_m_01_01_2024_with_nm,not_married_pt,FALSE,m,2024-01-01,0.3404,387.76,34.29,,0.187,II,with_one_or_more,FALSE,FALSE,2743.34,,,,,,
income_tax_348018_II_m_01_01_2024_with_nm,not_married_pt,FALSE,m,2024-01-01,0.3562,431.05,34.29,,0.222,II,with_one_or_more,FALSE,FALSE,3480.18,,,,,,
income_tax_54699_II_m_01_01_2024_with_nm,not_married_pt,FALSE,m,2024-01-01,0.3685,473.79,34.29,,0.276,II,with_one_or_more,FALSE,FALSE,5469.9,,,,,,
income_tax_642055_II_m_01_01_2024_with_nm,not_married_pt,FALSE,m,2024-01-01,0.4229,771.73,34.29,,0.297,II,with_one_or_more,FALSE,FALSE,6420.55,,,,,,
income_tax_2006421_II_m_01_01_2024_with_nm,not_married_pt,FALSE,m,2024-01-01,0.4316,827.45,34.29,,0.389,II,with_one_or_more,FALSE,FALSE,20064.21,,,,,,
income_tax_999999999_II_m_01_01_2024_with_nm,not_married_pt,FALSE,m,2024-01-01,0.467,1537.24,34.29,,,II,with_one_or_more,FALSE,FALSE,999999999,,,,,,
income_tax_850_III_m_01_01_2024_with_mth,married_two_holders_pt,FALSE,m,2024-01-01,0,0,0,,0,III,with_one_or_more,FALSE,FALSE,850,,,,,,
income_tax_90957_III_m_01_01_2024_with_mth,married_two_holders_pt,FALSE,m,2024-01-01,0.1015,0.1015 * 2.3 * (1201.26 - R),21.43,,0.003,III,with_one_or_more,FALSE,FALSE,909.57,,,,,,
income_tax_98709_III_m_01_01_2024_with_mth,married_two_holders_pt,FALSE,m,2024-01-01,0.147,0.147 * 1.3 * (1482.47 - R),21.43,,0.029,III,with_one_or_more,FALSE,FALSE,987.09,,,,,,
income_tax_99914_III_m_01_01_2024_with_mth,married_two_holders_pt,FALSE,m,2024-01-01,0.147,94.67,21.43,,0.031,III,with_one_or_more,FALSE,FALSE,999.14,,,,,,
income_tax_114979_III_m_01_01_2024_with_mth,married_two_holders_pt,FALSE,m,2024-01-01,0.1855,133.13,21.43,,0.051,III,with_one_or_more,FALSE,FALSE,1149.79,,,,,,
income_tax_162893_III_m_01_01_2024_with_mth,married_two_holders_pt,FALSE,m,2024-01-01,0.1995,149.23,21.43,,0.095,III,with_one_or_more,FALSE,FALSE,1628.93,,,,,,
income_tax_188993_III_m_01_01_2024_with_mth,married_two_holders_pt,FALSE,m,2024-01-01,0.273,268.96,21.43,,0.119,III,with_one_or_more,FALSE,FALSE,1889.93,,,,,,
income_tax_274334_III_m_01_01_2024_with_mth,married_two_holders_pt,FALSE,m,2024-01-01,0.3404,396.34,21.43,,0.188,III,with_one_or_more,FALSE,FALSE,2743.34,,,,,,
income_tax_348018_III_m_01_01_2024_with_mth,married_two_holders_pt,FALSE,m,2024-01-01,0.3562,439.62,21.43,,0.224,III,with_one_or_more,FALSE,FALSE,3480.18,,,,,,
income_tax_54699_III_m_01_01_2024_with_mth,married_two_holders_pt,FALSE,m,2024-01-01,0.3685,482.37,21.43,,0.276,III,with_one_or_more,FALSE,FALSE,5469.9,,,,,,
income_tax_642055_III_m_01_01_2024_with_mth,married_two_holders_pt,FALSE,m,2024-01-01,0.4229,780.3,21.43,,0.298,III,with_one_or_more,FALSE,FALSE,6420.55,,,,,,
income_tax_2006421_III_m_01_01_2024_with_mth,married_two_holders_pt,FALSE,m,2024-01-01,0.4316,836.02,21.43,,0.389,III,with_one_or_more,FALSE,FALSE,20064.21,,,,,,
income_tax_999999999_III_m_01_01_2024_with_mth,married_two_holders_pt,FALSE,m,2024-01-01,0.467,1545.82,21.43,,,III,with_one_or_more,FALSE,FALSE,999999999,,,,,,
income_tax_850_IV_m_01_01_2024_no_moh,married_one_holder_pt,FALSE,m,2024-01-01,0,0,,,0,IV,no,FALSE,FALSE,850,,,,,,
income_tax_90957_IV_m_01_01_2024_no_moh,married_one_holder_pt,FALSE,m,2024-01-01,0.1015,0.1015 * 2.3 * (1262.46 - R),,,0.011,IV,no,FALSE,FALSE,909.57,,,,,,
income_tax_9728_IV_m_01_01_2024_no_moh,married_one_holder_pt,FALSE,m,2024-01-01,0.1015,0.1015 * 1.883 * (1340.67 - R),,,0.029,IV,no,FALSE,FALSE,972.8,,,,,,
income_tax_102771_IV_m_01_01_2024_no_moh,married_one_holder_pt,FALSE,m,2024-01-01,0.1015,70.3,,,0.033,IV,no,FALSE,FALSE,1027.71,,,,,,
income_tax_127836_IV_m_01_01_2024_no_moh,married_one_holder_pt,FALSE,m,2024-01-01,0.1115,80.58,,,0.048,IV,no,FALSE,FALSE,1278.36,,,,,,
income_tax_170036_IV_m_01_01_2024_no_moh,married_one_holder_pt,FALSE,m,2024-01-01,0.147,125.96,,,0.073,IV,no,FALSE,FALSE,1700.36,,,,,,
income_tax_196136_IV_m_01_01_2024_no_moh,married_one_holder_pt,FALSE,m,2024-01-01,0.2012,218.05,,,0.09,IV,no,FALSE,FALSE,1961.36,,,,,,
income_tax_292191_IV_m_01_01_2024_no_moh,married_one_holder_pt,FALSE,m,2024-01-01,0.2508,315.45,,,0.143,IV,no,FALSE,FALSE,2921.91,,,,,,
income_tax_348018_IV_m_01_01_2024_no_moh,married_one_holder_pt,FALSE,m,2024-01-01,0.2915,434.32,,,0.167,IV,no,FALSE,FALSE,3480.18,,,,,,
income_tax_632705_IV_m_01_01_2024_no_moh,married_one_holder_pt,FALSE,m,2024-01-01,0.3316,573.91,,,0.241,IV,no,FALSE,FALSE,6327.05,,,,,,
income_tax_642055_IV_m_01_01_2024_no_moh,married_one_holder_pt,FALSE,m,2024-01-01,0.3806,884.07,,,0.243,IV,no,FALSE,FALSE,6420.55,,,,,,
income_tax_2006421_IV_m_01_01_2024_no_moh,married_one_holder_pt,FALSE,m,2024-01-01,0.396,982.79,,,0.347,IV,no,FALSE,FALSE,20064.21,,,,,,
income_tax_999999999_IV_m_01_01_2024_no_moh,married_one_holder_pt,FALSE,m,2024-01-01,0.467,2406.8,,,,IV,no,FALSE,FALSE,999999999,,,,,,
income_tax_96002_V_m_01_01_2024_with_moh,married_one_holder_pt,FALSE,m,2024-01-01,0,0,0,,0,V,with_one_or_more,FALSE,FALSE,960.02,,,,,,
income_tax_102771_V_m_01_01_2024_with_moh,married_one_holder_pt,FALSE,m,2024-01-01,0.1015,54.58,42.86,,0.007,V,with_one_or_more,FALSE,FALSE,1027.71,,,,,,
income_tax_127836_V_m_01_01_2024_with_moh,married_one_holder_pt,FALSE,m,2024-01-01,0.1115,64.86,42.86,,0.027,V,with_one_or_more,FALSE,FALSE,1278.36,,,,,,
income_tax_170036_V_m_01_01_2024_with_moh,married_one_holder_pt,FALSE,m,2024-01-01,0.147,110.24,42.86,,0.057,V,with_one_or_more,FALSE,FALSE,1700.36,,,,,,
income_tax_196136_V_m_01_01_2024_with_moh,married_one_holder_pt,FALSE,m,2024-01-01,0.2012,202.33,42.86,,0.076,V,with_one_or_more,FALSE,FALSE,1961.36,,,,,,
income_tax_292191_V_m_01_01_2024_with_moh,married_one_holder_pt,FALSE,m,2024-01-01,0.2508,299.74,42.86,,0.134,V,with_one_or_more,FALSE,FALSE,2921.91,,,,,,
income_tax_348018_V_m_01_01_2024_with_moh,married_one_holder_pt,FALSE,m,2024-01-01,0.2915,418.61,42.86,,0.159,V,with_one_or_more,FALSE,FALSE,3480.18,,,,,,
income_tax_632705_V_m_01_01_2024_with_moh,married_one_holder_pt,FALSE,m,2024-01-01,0.3316,558.2,42.86,,0.237,V,with_one_or_more,FALSE,FALSE,6327.05,,,,,,
income_tax_642055_V_m_01_01_2024_with_moh,married_one_holder_pt,FALSE,m,2024-01-01,0.3806,868.36,42.86,,0.239,V,with_one_or_more,FALSE,FALSE,6420.55,,,,,,
income_tax_2006421_V_m_01_01_2024_with_moh,married_one_holder_pt,FALSE,m,2024-01-01,0.4005,995.64,42.86,,0.349,V,with_one_or_more,FALSE,FALSE,20064.21,,,,,,
income_tax_999999999_V_m_01_01_2024_with_moh,married_one_holder_pt,FALSE,m,2024-01-01,0.467,2330.37,42.86,,,V,with_one_or_more,FALSE,FALSE,999999999,,,,,,
income_tax_176647_VI_m_01_01_2024_no_nm_mth_disab,"not_married_pt,married_two_holders_pt",TRUE,m,2024-01-01,0,0,,,0,VI,no,FALSE,FALSE,1766.47,,,,,,
income_tax_195036_VI_m_01_01_2024_no_nm_mth_disab,"not_married_pt,married_two_holders_pt",TRUE,m,2024-01-01,0.1995,352.41,,,0.019,VI,no,FALSE,FALSE,1950.36,,,,,,
income_tax_302564_VI_m_01_01_2024_no_nm_mth_disab,"not_married_pt,married_two_holders_pt",TRUE,m,2024-01-01,0.273,495.76,,,0.109,VI,no,FALSE,FALSE,3025.64,,,,,,
income_tax_401541_VI_m_01_01_2024_no_nm_mth_disab,"not_married_pt,married_two_holders_pt",TRUE,m,2024-01-01,0.3404,699.69,,,0.166,VI,no,FALSE,FALSE,4015.41,,,,,,
income_tax_425225_VI_m_01_01_2024_no_nm_mth_disab,"not_married_pt,married_two_holders_pt",TRUE,m,2024-01-01,0.3562,763.05,,,0.177,VI,no,FALSE,FALSE,4252.25,,,,,,
income_tax_652769_VI_m_01_01_2024_no_nm_mth_disab,"not_married_pt,married_two_holders_pt",TRUE,m,2024-01-01,0.3685,815.27,,,0.244,VI,no,FALSE,FALSE,6527.69,,,,,,
income_tax_662119_VI_m_01_01_2024_no_nm_mth_disab,"not_married_pt,married_two_holders_pt",TRUE,m,2024-01-01,0.4229,1170.82,,,0.246,VI,no,FALSE,FALSE,6621.19,,,,,,
income_tax_2026485_VI_m_01_01_2024_no_nm_mth_disab,"not_married_pt,married_two_holders_pt",TRUE,m,2024-01-01,0.445,1316.67,,,0.38,VI,no,FALSE,FALSE,20264.85,,,,,,
income_tax_999999999_VI_m_01_01_2024_no_nm_mth_disab,"not_married_pt,married_two_holders_pt",TRUE,m,2024-01-01,0.467,1763.05,,,,VI,no,FALSE,FALSE,999999999,,,,,,
income_tax_195988_VII_m_01_01_2024_with_nm_disab,not_married_pt,TRUE,m,2024-01-01,0,0,0,,0,VII,with_one_or_more,FALSE,FALSE,1959.88,,,,,,
income_tax_235421_VII_m_01_01_2024_with_nm_disab,not_married_pt,TRUE,m,2024-01-01,0.273,492.19,42.86,,0.046,VII,with_one_or_more,FALSE,FALSE,2354.21,,,,,,
income_tax_359398_VII_m_01_01_2024_with_nm_disab,not_married_pt,TRUE,m,2024-01-01,0.3404,650.86,42.86,,0.147,VII,with_one_or_more,FALSE,FALSE,3593.98,,,,,,
income_tax_425225_VII_m_01_01_2024_with_nm_disab,not_married_pt,TRUE,m,2024-01-01,0.3562,707.57,42.86,,0.18,VII,with_one_or_more,FALSE,FALSE,4252.25,,,,,,
income_tax_652769_VII_m_01_01_2024_with_nm_disab,not_married_pt,TRUE,m,2024-01-01,0.3685,759.79,42.86,,0.246,VII,with_one_or_more,FALSE,FALSE,6527.69,,,,,,
income_tax_662119_VII_m_01_01_2024_with_nm_disab,not_married_pt,TRUE,m,2024-01-01,0.4229,1115.34,42.86,,0.248,VII,with_one_or_more,FALSE,FALSE,6621.19,,,,,,
income_tax_2026485_VII_m_01_01_2024_with_nm_disab,not_married_pt,TRUE,m,2024-01-01,0.445,1261.19,42.86,,0.381,VII,with_one_or_more,FALSE,FALSE,20264.85,,,,,,
income_tax_999999999_VII_m_01_01_2024_with_nm_disab,not_married_pt,TRUE,m,2024-01-01,0.467,1707.58,42.86,,,VII,with_one_or_more,FALSE,FALSE,999999999,,,,,,
income_tax_176647_VIII_m_01_01_2024_with_mth_disab,married_two_holders_pt,TRUE,m,2024-01-01,0,0,0,,0,VIII,with_one_or_more,FALSE,FALSE,1766.47,,,,,,
income_tax_214321_VIII_m_01_01_2024_with_mth_disab,married_two_holders_pt,TRUE,m,2024-01-01,0.1995,330.98,21.43,,0.035,VIII,with_one_or_more,FALSE,FALSE,2143.21,,,,,,
income_tax_342564_VIII_m_01_01_2024_with_mth_disab,married_two_holders_pt,TRUE,m,2024-01-01,0.273,488.51,21.43,,0.124,VIII,with_one_or_more,FALSE,FALSE,3425.64,,,,,,
income_tax_37297_VIII_m_01_01_2024_with_mth_disab,married_two_holders_pt,TRUE,m,2024-01-01,0.3404,719.4,21.43,,0.142,VIII,with_one_or_more,FALSE,FALSE,3729.7,,,,,,
income_tax_475225_VIII_m_01_01_2024_with_mth_disab,married_two_holders_pt,TRUE,m,2024-01-01,0.3562,778.24,21.43,,0.188,VIII,with_one_or_more,FALSE,FALSE,4752.25,,,,,,
income_tax_652769_VIII_m_01_01_2024_with_mth_disab,married_two_holders_pt,TRUE,m,2024-01-01,0.3685,836.61,21.43,,0.237,VIII,with_one_or_more,FALSE,FALSE,6527.69,,,,,,
income_tax_662119_VIII_m_01_01_2024_with_mth_disab,married_two_holders_pt,TRUE,m,2024-01-01,0.4229,1192.16,21.43,,0.24,VIII,with_one_or_more,FALSE,FALSE,6621.19,,,,,,
income_tax_2026485_VIII_m_01_01_2024_with_mth_disab,married_two_holders_pt,TRUE,m,2024-01-01,0.445,1338.01,21.43,,0.378,VIII,with_one_or_more,FALSE,FALSE,20264.85,,,,,,
income_tax_999999999_VIII_m_01_01_2024_with_mth_disab,married_two_holders_pt,TRUE,m,2024-01-01,0.467,1784.39,21.43,,,VIII,with_one_or_more,FALSE,FALSE,999999999,,,,,,
income_tax_211316_IX_m_01_01_2024_no_moh_disab,married_one_holder_pt,TRUE,m,2024-01-01,0,0,,,0,IX,no,FALSE,FALSE,2113.16,,,,,,
income_tax_235421_IX_m_01_01_2024_no_moh_disab,married_one_holder_pt,TRUE,m,2024-01-01,0.1911,403.83,,,0.02,IX,no,FALSE,FALSE,2354.21,,,,,,
income_tax_330112_IX_m_01_01_2024_no_moh_disab,married_one_holder_pt,TRUE,m,2024-01-01,0.2383,514.9,,,0.082,IX,no,FALSE,FALSE,3301.12,,,,,,
income_tax_425225_IX_m_01_01_2024_no_moh_disab,married_one_holder_pt,TRUE,m,2024-01-01,0.2921,692.45,,,0.129,IX,no,FALSE,FALSE,4252.25,,,,,,
income_tax_652769_IX_m_01_01_2024_no_moh_disab,married_one_holder_pt,TRUE,m,2024-01-01,0.3103,770.02,,,0.192,IX,no,FALSE,FALSE,6527.69,,,,,,
income_tax_662119_IX_m_01_01_2024_no_moh_disab,married_one_holder_pt,TRUE,m,2024-01-01,0.3562,1069.45,,,0.195,IX,no,FALSE,FALSE,6621.19,,,,,,
income_tax_2026485_IX_m_01_01_2024_no_moh_disab,married_one_holder_pt,TRUE,m,2024-01-01,0.4082,1413.83,,,0.338,IX,no,FALSE,FALSE,20264.85,,,,,,
income_tax_999999999_IX_m_01_01_2024_no_moh_disab,married_one_holder_pt,TRUE,m,2024-01-01,0.467,2605.27,,,,IX,no,FALSE,FALSE,999999999,,,,,,
income_tax_21724_X_m_01_01_2024_with_moh_disab,married_one_holder_pt,TRUE,m,2024-01-01,0,0,0,,0,X,with_one_or_more,FALSE,FALSE,2172.4,,,,,,
income_tax_235421_X_m_01_01_2024_with_moh_disab,married_one_holder_pt,TRUE,m,2024-01-01,0.1911,372.29,42.86,,0.015,X,with_one_or_more,FALSE,FALSE,2354.21,,,,,,
income_tax_330112_X_m_01_01_2024_with_moh_disab,married_one_holder_pt,TRUE,m,2024-01-01,0.2383,483.36,42.86,,0.079,X,with_one_or_more,FALSE,FALSE,3301.12,,,,,,
income_tax_425225_X_m_01_01_2024_with_moh_disab,married_one_holder_pt,TRUE,m,2024-01-01,0.2921,660.91,42.86,,0.127,X,with_one_or_more,FALSE,FALSE,4252.25,,,,,,
income_tax_652769_X_m_01_01_2024_with_moh_disab,married_one_holder_pt,TRUE,m,2024-01-01,0.3103,738.48,42.86,,0.191,X,with_one_or_more,FALSE,FALSE,6527.69,,,,,,
income_tax_662119_X_m_01_01_2024_with_moh_disab,married_one_holder_pt,TRUE,m,2024-01-01,0.3562,1037.91,42.86,,0.193,X,with_one_or_more,FALSE,FALSE,6621.19,,,,,,
income_tax_2026485_X_m_01_01_2024_with_moh_disab,married_one_holder_pt,TRUE,m,2024-01-01,0.4082,1382.29,42.86,,0.338,X,with_one_or_more,FALSE,FALSE,20264.85,,,,,,
income_tax_999999999_X_m_01_01_2024_with_moh_disab,married_one_holder_pt,TRUE,m,2024-01-01,0.467,2573.73,42.86,,,X,with_one_or_more,FALSE,FALSE,999999999,,,,,,
income_tax_850_XI_m_01_01_2024_no_nm_mth_pen,"not_married_pt,married_two_holders_pt",FALSE,m,2024-01-01,0,0,,,0,XI,no,FALSE,TRUE,850,,,,,,
income_tax_90957_XI_m_01_01_2024_no_nm_mth_pen,"not_married_pt,married_two_holders_pt",FALSE,m,2024-01-01,0.1015,0.1015 * 1.3 * (1245.63 - R),,,0.015,XI,no,FALSE,TRUE,909.57,,,,,,
income_tax_9728_XI_m_01_01_2024_no_nm_mth_pen,"not_married_pt,married_two_holders_pt",FALSE,m,2024-01-01,0.147,0.1470 * 1.3 * (1536.68 - R),,,0.036,XI,no,FALSE,TRUE,972.8,,,,,,
income_tax_97771_XI_m_01_01_2024_no_nm_mth_pen,"not_married_pt,married_two_holders_pt",FALSE,m,2024-01-01,0.147,107.76,,,0.037,XI,no,FALSE,TRUE,977.71,,,,,,
income_tax_129264_XI_m_01_01_2024_no_nm_mth_pen,"not_married_pt,married_two_holders_pt",FALSE,m,2024-01-01,0.1855,145.4,,,0.073,XI,no,FALSE,TRUE,1292.64,,,,,,
income_tax_177179_XI_m_01_01_2024_no_nm_mth_pen,"not_married_pt,married_two_holders_pt",FALSE,m,2024-01-01,0.1995,163.49,,,0.107,XI,no,FALSE,TRUE,1771.79,,,,,,
income_tax_203279_XI_m_01_01_2024_no_nm_mth_pen,"not_married_pt,married_two_holders_pt",FALSE,m,2024-01-01,0.273,293.72,,,0.129,XI,no,FALSE,TRUE,2032.79,,,,,,
income_tax_248114_XI_m_01_01_2024_no_nm_mth_pen,"not_married_pt,married_two_holders_pt",FALSE,m,2024-01-01,0.3404,430.73,,,0.167,XI,no,FALSE,TRUE,2481.14,,,,,,
income_tax_318479_XI_m_01_01_2024_no_nm_mth_pen,"not_married_pt,married_two_holders_pt",FALSE,m,2024-01-01,0.4402,678.4,,,0.227,XI,no,FALSE,TRUE,3184.79,,,,,,
income_tax_592421_XI_m_01_01_2024_no_nm_mth_pen,"not_married_pt,married_two_holders_pt",FALSE,m,2024-01-01,0.4471,700.37,,,0.329,XI,no,FALSE,TRUE,5924.21,,,,,,
income_tax_672171_XI_m_01_01_2024_no_nm_mth_pen,"not_married_pt,married_two_holders_pt",FALSE,m,2024-01-01,0.4752,866.73,,,0.346,XI,no,FALSE,TRUE,6721.71,,,,,,
income_tax_1815029_XI_m_01_01_2024_no_nm_mth_pen,"not_married_pt,married_two_holders_pt",FALSE,m,2024-01-01,0.5,1033.09,,,0.443,XI,no,FALSE,TRUE,18150.29,,,,,,
income_tax_999999999_XI_m_01_01_2024_no_nm_mth_pen,"not_married_pt,married_two_holders_pt",FALSE,m,2024-01-01,0.5247,1482.31,,,,XI,no,FALSE,TRUE,999999999,,,,,,
income_tax_90957_XII_m_01_01_2024_no_moh_pen,married_one_holder_pt,FALSE,m,2024-01-01,0,0,,,0,XII,no,FALSE,TRUE,909.57,,,,,,
income_tax_9728_XII_m_01_01_2024_no_moh_pen,married_one_holder_pt,FALSE,m,2024-01-01,0.1176,0.1176 * 1.625 * (1503.27 - R),,,0.013,XII,no,FALSE,TRUE,972.8,,,,,,
income_tax_992_XII_m_01_01_2024_no_moh_pen,married_one_holder_pt,FALSE,m,2024-01-01,0.1176,101.37,,,0.015,XII,no,FALSE,TRUE,992,,,,,,
income_tax_14355_XII_m_01_01_2024_no_moh_pen,married_one_holder_pt,FALSE,m,2024-01-01,0.1484,131.93,,,0.056,XII,no,FALSE,TRUE,1435.5,,,,,,
income_tax_177179_XII_m_01_01_2024_no_moh_pen,married_one_holder_pt,FALSE,m,2024-01-01,0.183,181.62,,,0.08,XII,no,FALSE,TRUE,1771.79,,,,,,
income_tax_217564_XII_m_01_01_2024_no_moh_pen,married_one_holder_pt,FALSE,m,2024-01-01,0.2375,278.17,,,0.11,XII,no,FALSE,TRUE,2175.64,,,,,,
income_tax_298829_XII_m_01_01_2024_no_moh_pen,married_one_holder_pt,FALSE,m,2024-01-01,0.3064,427.96,,,0.163,XII,no,FALSE,TRUE,2988.29,,,,,,
income_tax_37205_XII_m_01_01_2024_no_moh_pen,married_one_holder_pt,FALSE,m,2024-01-01,0.3602,588.79,,,0.202,XII,no,FALSE,TRUE,3720.5,,,,,,
income_tax_592421_XII_m_01_01_2024_no_moh_pen,married_one_holder_pt,FALSE,m,2024-01-01,0.3643,604.19,,,0.262,XII,no,FALSE,TRUE,5924.21,,,,,,
income_tax_600743_XII_m_01_01_2024_no_moh_pen,married_one_holder_pt,FALSE,m,2024-01-01,0.4372,1035.86,,,0.265,XII,no,FALSE,TRUE,6007.43,,,,,,
income_tax_1815029_XII_m_01_01_2024_no_moh_pen,married_one_holder_pt,FALSE,m,2024-01-01,0.46,1172.64,,,0.395,XII,no,FALSE,TRUE,18150.29,,,,,,
income_tax_999999999_XII_m_01_01_2024_no_moh_pen,married_one_holder_pt,FALSE,m,2024-01-01,0.5247,2347.8,,,,XII,no,FALSE,TRUE,999999999,,,,,,
income_tax_169859_XIII_m_01_01_2024_no_nm_mth_disab_pen,"not_married_pt,married_two_holders_pt",TRUE,m,2024-01-01,0,0,,,0,XIII,no,FALSE,TRUE,1698.59,,,,,,
income_tax_178571_XIII_m_01_01_2024_no_nm_mth_disab_pen,"not_married_pt,married_two_holders_pt",TRUE,m,2024-01-01,0.1796,304.98,,,0.009,XIII,no,FALSE,TRUE,1785.71,,,,,,
income_tax_195036_XIII_m_01_01_2024_no_nm_mth_disab_pen,"not_married_pt,married_two_holders_pt",TRUE,m,2024-01-01,0.1995,340.61,,,0.025,XIII,no,FALSE,TRUE,1950.36,,,,,,
income_tax_235421_XIII_m_01_01_2024_no_nm_mth_disab_pen,"not_married_pt,married_two_holders_pt",TRUE,m,2024-01-01,0.273,483.96,,,0.067,XIII,no,FALSE,TRUE,2354.21,,,,,,
income_tax_323114_XIII_m_01_01_2024_no_nm_mth_disab_pen,"not_married_pt,married_two_holders_pt",TRUE,m,2024-01-01,0.3404,642.63,,,0.142,XIII,no,FALSE,TRUE,3231.14,,,,,,
income_tax_407764_XIII_m_01_01_2024_no_nm_mth_disab_pen,"not_married_pt,married_two_holders_pt",TRUE,m,2024-01-01,0.4002,835.85,,,0.195,XIII,no,FALSE,TRUE,4077.64,,,,,,
income_tax_610279_XIII_m_01_01_2024_no_nm_mth_disab_pen,"not_married_pt,married_two_holders_pt",TRUE,m,2024-01-01,0.414,892.13,,,0.268,XIII,no,FALSE,TRUE,6102.79,,,,,,
income_tax_6186_XIII_m_01_01_2024_no_nm_mth_disab_pen,"not_married_pt,married_two_holders_pt",TRUE,m,2024-01-01,0.4752,1265.62,,,0.271,XIII,no,FALSE,TRUE,6186,,,,,,
income_tax_1832886_XIII_m_01_01_2024_no_nm_mth_disab_pen,"not_married_pt,married_two_holders_pt",TRUE,m,2024-01-01,0.5,1418.72,,,0.423,XIII,no,FALSE,TRUE,18328.86,,,,,,
income_tax_999999999_XIII_m_01_01_2024_no_nm_mth_disab_pen,"not_married_pt,married_two_holders_pt",TRUE,m,2024-01-01,0.5247,1872.36,,,,XIII,no,FALSE,TRUE,999999999,,,,,,
income_tax_188919_XIV_m_01_01_2024_no_moh_disab_pen,married_one_holder_pt,TRUE,m,2024-01-01,0,0,,,0,XIV,no,FALSE,TRUE,1889.19,,,,,,
income_tax_195036_XIV_m_01_01_2024_no_moh_disab_pen,married_one_holder_pt,TRUE,m,2024-01-01,0.1397,263.83,,,0.004,XIV,no,FALSE,TRUE,1950.36,,,,,,
income_tax_260421_XIV_m_01_01_2024_no_moh_disab_pen,married_one_holder_pt,TRUE,m,2024-01-01,0.1638,310.93,,,0.044,XIV,no,FALSE,TRUE,2604.21,,,,,,
income_tax_294543_XIV_m_01_01_2024_no_moh_disab_pen,married_one_holder_pt,TRUE,m,2024-01-01,0.3123,697.58,,,0.075,XIV,no,FALSE,TRUE,2945.43,,,,,,
income_tax_407764_XIV_m_01_01_2024_no_moh_disab_pen,married_one_holder_pt,TRUE,m,2024-01-01,0.3671,859.17,,,0.156,XIV,no,FALSE,TRUE,4077.64,,,,,,
income_tax_610279_XIV_m_01_01_2024_no_moh_disab_pen,married_one_holder_pt,TRUE,m,2024-01-01,0.3798,910.79,,,0.231,XIV,no,FALSE,TRUE,6102.79,,,,,,
income_tax_6186_XIV_m_01_01_2024_no_moh_disab_pen,married_one_holder_pt,TRUE,m,2024-01-01,0.4359,1253.42,,,0.233,XIV,no,FALSE,TRUE,6186,,,,,,
income_tax_1832886_XIV_m_01_01_2024_no_moh_disab_pen,married_one_holder_pt,TRUE,m,2024-01-01,0.4586,1393.87,,,0.383,XIV,no,FALSE,TRUE,18328.86,,,,,,
income_tax_999999999_XIV_m_01_01_2024_no_moh_disab_pen,married_one_holder_pt,TRUE,m,2024-01-01,0.5247,2604.68,,,,XIV,no,FALSE,TRUE,999999999,,,,,,
income_tax_170441_XV_m_01_01_2024_no_nm_mth_disab_f_pen,"not_married_pt,married_two_holders_pt",TRUE,m,2024-01-01,0,0,,,0,XV,no,TRUE,TRUE,1704.41,,,,,,
income_tax_195036_XV_m_01_01_2024_no_nm_mth_disab_f_pen,"not_married_pt,married_two_holders_pt",TRUE,m,2024-01-01,0.1995,340.03,,,0.025,XV,no,TRUE,TRUE,1950.36,,,,,,
income_tax_235421_XV_m_01_01_2024_no_nm_mth_disab_f_pen,"not_married_pt,married_two_holders_pt",TRUE,m,2024-01-01,0.273,483.38,,,0.068,XV,no,TRUE,TRUE,2354.21,,,,,,
income_tax_323114_XV_m_01_01_2024_no_nm_mth_disab_f_pen,"not_married_pt,married_two_holders_pt",TRUE,m,2024-01-01,0.3404,642.06,,,0.142,XV,no,TRUE,TRUE,3231.14,,,,,,
income_tax_407764_XV_m_01_01_2024_no_nm_mth_disab_f_pen,"not_married_pt,married_two_holders_pt",TRUE,m,2024-01-01,0.4002,835.28,,,0.195,XV,no,TRUE,TRUE,4077.64,,,,,,
income_tax_610279_XV_m_01_01_2024_no_nm_mth_disab_f_pen,"not_married_pt,married_two_holders_pt",TRUE,m,2024-01-01,0.414,891.55,,,0.268,XV,no,TRUE,TRUE,6102.79,,,,,,
income_tax_6186_XV_m_01_01_2024_no_nm_mth_disab_f_pen,"not_married_pt,married_two_holders_pt",TRUE,m,2024-01-01,0.4752,1265.04,,,0.271,XV,no,TRUE,TRUE,6186,,,,,,
income_tax_1832886_XV_m_01_01_2024_no_nm_mth_disab_f_pen,"not_married_pt,married_two_holders_pt",TRUE,m,2024-01-01,0.5,1418.14,,,0.423,XV,no,TRUE,TRUE,18328.86,,,,,,
income_tax_999999999_XV_m_01_01_2024_no_nm_mth_disab_f_pen,"not_married_pt,married_two_holders_pt",TRUE,m,2024-01-01,0.5247,1871.78,,,,XV,no,TRUE,TRUE,999999999,,,,,,
income_tax_21573_XVI_m_01_01_2024_no_moh_disab_f_pen,married_one_holder_pt,TRUE,m,2024-01-01,0,0,,,0,XVI,no,TRUE,TRUE,2157.3,,,,,,
income_tax_235421_XVI_m_01_01_2024_no_moh_disab_f_pen,married_one_holder_pt,TRUE,m,2024-01-01,0.1775,382.81,,,0.015,XVI,no,TRUE,TRUE,2354.21,,,,,,
income_tax_323114_XVI_m_01_01_2024_no_moh_disab_f_pen,married_one_holder_pt,TRUE,m,2024-01-01,0.2723,606.16,,,0.085,XVI,no,TRUE,TRUE,3231.14,,,,,,
income_tax_407764_XVI_m_01_01_2024_no_moh_disab_f_pen,married_one_holder_pt,TRUE,m,2024-01-01,0.4002,1019.36,,,0.15,XVI,no,TRUE,TRUE,4077.64,,,,,,
income_tax_610279_XVI_m_01_01_2024_no_moh_disab_f_pen,married_one_holder_pt,TRUE,m,2024-01-01,0.414,1075.63,,,0.238,XVI,no,TRUE,TRUE,6102.79,,,,,,
income_tax_6186_XVI_m_01_01_2024_no_moh_disab_f_pen,married_one_holder_pt,TRUE,m,2024-01-01,0.4752,1449.12,,,0.241,XVI,no,TRUE,TRUE,6186,,,,,,
income_tax_1832886_XVI_m_01_01_2024_no_moh_disab_f_pen,married_one_holder_pt,TRUE,m,2024-01-01,0.5,1602.22,,,0.413,XVI,no,TRUE,TRUE,18328.86,,,,,,
income_tax_999999999_XVI_m_01_01_2024_no_moh_disab_f_pen,married_one_holder_pt,TRUE,m,2024-01-01,0.5247,2055.86,,,,XVI,no,TRUE,TRUE,999999999,,,,,,
income_tax_820_I_c_01092024_with_mth,married_two_holders_pt,FALSE,c,2024-09-01,0,0,0,,0,I,with_one_or_more,FALSE,FALSE,820,,,,,,
income_tax_935_I_c_01092024_with_mth,married_two_holders_pt,FALSE,c,2024-09-01,0,0,21.43,,0,I,with_one_or_more,FALSE,FALSE,935,,,,,,
income_tax_989_I_c_01092024_with_mth,married_two_holders_pt,FALSE,c,2024-09-01,0,0,21.43,,0,I,with_one_or_more,FALSE,FALSE,989,,,,,,
income_tax_1125_I_c_01092024_with_mth,married_two_holders_pt,FALSE,c,2024-09-01,0,0,21.43,,0,I,with_one_or_more,FALSE,FALSE,1125,,,,,,
income_tax_1175_I_c_01092024_with_mth,married_two_holders_pt,FALSE,c,2024-09-01,0,0,21.43,,0,I,with_one_or_more,FALSE,FALSE,1175,,,,,,
income_tax_1769_I_c_01092024_with_mth,married_two_holders_pt,FALSE,c,2024-09-01,0.0375,44.07,21.43,,0.013,I,with_one_or_more,FALSE,FALSE,1769,,,,,,
income_tax_2057_I_c_01092024_with_mth,married_two_holders_pt,FALSE,c,2024-09-01,0.08,119.25,21.43,,0.022,I,with_one_or_more,FALSE,FALSE,2057,,,,,,
income_tax_2408_I_c_01092024_with_mth,married_two_holders_pt,FALSE,c,2024-09-01,0.1065,173.76,21.43,,0.034,I,with_one_or_more,FALSE,FALSE,2408,,,,,,
income_tax_3201_I_c_01092024_with_mth,married_two_holders_pt,FALSE,c,2024-09-01,0.1936,383.44,21.43,,0.074,I,with_one_or_more,FALSE,FALSE,3201,,,,,,
income_tax_5492_I_c_01092024_with_mth,married_two_holders_pt,FALSE,c,2024-09-01,0.4005,1045.8,21.43,,0.21,I,with_one_or_more,FALSE,FALSE,5492,,,,,,
income_tax_20021_I_c_01092024_with_mth,married_two_holders_pt,FALSE,c,2024-09-01,0.4495,1314.64,21.43,,0.384,I,with_one_or_more,FALSE,FALSE,20021,,,,,,
income_tax_999999999_I_c_01092024_no_mth,married_two_holders_pt,FALSE,c,2024-09-01,0.4717,1760.1,21.43,,,I,no,FALSE,FALSE,999999999,,,,,,
income_tax_820_I_c_01092024_no_nm_mth,"not_married_pt,married_two_holders_pt",FALSE,c,2024-09-01,0,0,,,0,I,no,FALSE,FALSE,820,,,,,,
income_tax_935_I_c_01092024_no_nm_mth,"not_married_pt,married_two_holders_pt",FALSE,c,2024-09-01,0,0,,,0,I,no,FALSE,FALSE,935,,,,,,
income_tax_989_I_c_01092024_no_nm_mth,"not_married_pt,married_two_holders_pt",FALSE,c,2024-09-01,0,0,,,0,I,no,FALSE,FALSE,989,,,,,,
income_tax_1125_I_c_01092024_no_nm_mth,"not_married_pt,married_two_holders_pt",FALSE,c,2024-09-01,0,0,,,0,I,no,FALSE,FALSE,1125,,,,,,
income_tax_1175_I_c_01092024_no_nm_mth,"not_married_pt,married_two_holders_pt",FALSE,c,2024-09-01,0,0,,,0,I,no,FALSE,FALSE,1175,,,,,,
income_tax_1769_I_c_01092024_no_nm_mth,"not_married_pt,married_two_holders_pt",FALSE,c,2024-09-01,0.0375,44.07,,,0.013,I,no,FALSE,FALSE,1769,,,,,,
income_tax_2057_I_c_01092024_no_nm_mth,"not_married_pt,married_two_holders_pt",FALSE,c,2024-09-01,0.08,119.25,,,0.022,I,no,FALSE,FALSE,2057,,,,,,
income_tax_2408_I_c_01092024_no_nm_mth,"not_married_pt,married_two_holders_pt",FALSE,c,2024-09-01,0.1065,173.76,,,0.034,I,no,FALSE,FALSE,2408,,,,,,
income_tax_3201_I_c_01092024_no_nm_mth,"not_married_pt,married_two_holders_pt",FALSE,c,2024-09-01,0.1936,383.44,,,0.074,I,no,FALSE,FALSE,3201,,,,,,
income_tax_5492_I_c_01092024_no_nm_mth,"not_married_pt,married_two_holders_pt",FALSE,c,2024-09-01,0.4005,1045.8,,,0.21,I,no,FALSE,FALSE,5492,,,,,,
income_tax_20021_I_c_01092024_no_nm_mth,"not_married_pt,married_two_holders_pt",FALSE,c,2024-09-01,0.4495,1314.64,,,0.384,I,no,FALSE,FALSE,20021,,,,,,
income_tax_999999999_I_c_01092024_no_nm_mth,"not_married_pt,married_two_holders_pt",FALSE,c,2024-09-01,0.4717,1760.1,,,,I,no,FALSE,FALSE,999999999,,,,,,
income_tax_820_II_c_01092024_with_nm,not_married_pt,FALSE,c,2024-09-01,0,0,0,,0,II,with_one_or_more,FALSE,FALSE,820,,,,,,
income_tax_935_II_c_01092024_with_nm,not_married_pt,FALSE,c,2024-09-01,0,0,34.29,,0,II,with_one_or_more,FALSE,FALSE,935,,,,,,
income_tax_989_II_c_01092024_with_nm,not_married_pt,FALSE,c,2024-09-01,0,0,34.29,,0,II,with_one_or_more,FALSE,FALSE,989,,,,,,
income_tax_1125_II_c_01092024_with_nm,not_married_pt,FALSE,c,2024-09-01,0,0,34.29,,0,II,with_one_or_more,FALSE,FALSE,1125,,,,,,
income_tax_1175_II_c_01092024_with_nm,not_married_pt,FALSE,c,2024-09-01,0,0,34.29,,0,II,with_one_or_more,FALSE,FALSE,1175,,,,,,
income_tax_1769_II_c_01092024_with_nm,not_married_pt,FALSE,c,2024-09-01,0.0375,44.07,34.29,,0.01,II,with_one_or_more,FALSE,FALSE,1769,,,,,,
income_tax_2057_II_c_01092024_with_nm,not_married_pt,FALSE,c,2024-09-01,0.08,119.25,34.29,,0.02,II,with_one_or_more,FALSE,FALSE,2057,,,,,,
income_tax_2408_II_c_01092024_with_nm,not_married_pt,FALSE,c,2024-09-01,0.1065,173.76,34.29,,0.03,II,with_one_or_more,FALSE,FALSE,2408,,,,,,
income_tax_3201_II_c_01092024_with_nm,not_married_pt,FALSE,c,2024-09-01,0.1936,383.44,34.29,,0.07,II,with_one_or_more,FALSE,FALSE,3201,,,,,,
income_tax_5492_II_c_01092024_with_nm,not_married_pt,FALSE,c,2024-09-01,0.4005,1045.8,34.29,,0.21,II,with_one_or_more,FALSE,FALSE,5492,,,,,,
income_tax_20021_II_c_01092024_with_nm,not_married_pt,FALSE,c,2024-09-01,0.4495,1314.64,34.29,,0.38,II,with_one_or_more,FALSE,FALSE,20021,,,,,,
income_tax_999999999_II_c_01092024_with_nm,not_married_pt,FALSE,c,2024-09-01,0.4717,1760.1,34.29,,,II,with_one_or_more,FALSE,FALSE,999999999,,,,,,
income_tax_904_III_c_01092024_with_moh,married_one_holder_pt,FALSE,c,2024-09-01,0,0,0,,0,III,with_one_or_more,FALSE,FALSE,904,,,,,,
income_tax_935_III_c_01092024_with_moh,married_one_holder_pt,FALSE,c,2024-09-01,0,0,42.86,,0,III,with_one_or_more,FALSE,FALSE,935,,,,,,
income_tax_989_III_c_01092024_with_moh,married_one_holder_pt,FALSE,c,2024-09-01,0,0,42.86,,0,III,with_one_or_more,FALSE,FALSE,989,,,,,,
income_tax_1070_III_c_01092024_with_moh,married_one_holder_pt,FALSE,c,2024-09-01,0,0,42.86,,0,III,with_one_or_more,FALSE,FALSE,1070,,,,,,
income_tax_1394_III_c_01092024_with_moh,married_one_holder_pt,FALSE,c,2024-09-01,0,0,42.86,,0,III,with_one_or_more,FALSE,FALSE,1394,,,,,,
income_tax_1912_III_c_01092024_with_moh,married_one_holder_pt,FALSE,c,2024-09-01,0.0165,23.01,42.86,,0.004,III,with_one_or_more,FALSE,FALSE,1912,,,,,,
income_tax_2178_III_c_01092024_with_moh,married_one_holder_pt,FALSE,c,2024-09-01,0.0505,87.95,42.86,,0.01,III,with_one_or_more,FALSE,FALSE,2178,,,,,,
income_tax_2671_III_c_01092024_with_moh,married_one_holder_pt,FALSE,c,2024-09-01,0.0591,106.69,42.86,,0.019,III,with_one_or_more,FALSE,FALSE,2671,,,,,,
income_tax_3284_III_c_01092024_with_moh,married_one_holder_pt,FALSE,c,2024-09-01,0.1297,295.33,42.86,,0.04,III,with_one_or_more,FALSE,FALSE,3284,,,,,,
income_tax_5906_III_c_01092024_with_moh,married_one_holder_pt,FALSE,c,2024-09-01,0.3072,878.33,42.86,,0.158,III,with_one_or_more,FALSE,FALSE,5906,,,,,,
income_tax_20064_III_c_01092024_with_moh,married_one_holder_pt,FALSE,c,2024-09-01,0.3872,1350.25,42.86,,0.32,III,with_one_or_more,FALSE,FALSE,20064,,,,,,
income_tax_999999999_III_c_01092024_with_moh,married_one_holder_pt,FALSE,c,2024-09-01,0.4717,3046.68,42.86,,,III,with_one_or_more,FALSE,FALSE,999999999,,,,,,
income_tax_904_III_c_01092024_no_moh,married_one_holder_pt,FALSE,c,2024-09-01,0,0,,,0,III,no,FALSE,FALSE,904,,,,,,
income_tax_935_III_c_01092024_no_moh,married_one_holder_pt,FALSE,c,2024-09-01,0,0,,,0,III,no,FALSE,FALSE,935,,,,,,
income_tax_989_III_c_01092024_no_moh,married_one_holder_pt,FALSE,c,2024-09-01,0,0,,,0,III,no,FALSE,FALSE,989,,,,,,
income_tax_1070_III_c_01092024_no_moh,married_one_holder_pt,FALSE,c,2024-09-01,0,0,,,0,III,no,FALSE,FALSE,1070,,,,,,
income_tax_1394_III_c_01092024_no_moh,married_one_holder_pt,FALSE,c,2024-09-01,0,0,,,0,III,no,FALSE,FALSE,1394,,,,,,
income_tax_1912_III_c_01092024_no_moh,married_one_holder_pt,FALSE,c,2024-09-01,0.0165,23.01,,,0.004,III,no,FALSE,FALSE,1912,,,,,,
income_tax_2178_III_c_01092024_no_moh,married_one_holder_pt,FALSE,c,2024-09-01,0.0505,87.95,,,0.01,III,no,FALSE,FALSE,2178,,,,,,
income_tax_2671_III_c_01092024_no_moh,married_one_holder_pt,FALSE,c,2024-09-01,0.0591,106.69,,,0.019,III,no,FALSE,FALSE,2671,,,,,,
income_tax_3284_III_c_01092024_no_moh,married_one_holder_pt,FALSE,c,2024-09-01,0.1297,295.33,,,0.04,III,no,FALSE,FALSE,3284,,,,,,
income_tax_5906_III_c_01092024_no_moh,married_one_holder_pt,FALSE,c,2024-09-01,0.3072,878.33,,,0.158,III,no,FALSE,FALSE,5906,,,,,,
income_tax_20064_III_c_01092024_no_moh,married_one_holder_pt,FALSE,c,2024-09-01,0.3872,1350.25,,,0.32,III,no,FALSE,FALSE,20064,,,,,,
income_tax_999999999_III_c_01092024_no_moh,married_one_holder_pt,FALSE,c,2024-09-01,0.4717,3046.68,,,,III,no,FALSE,FALSE,999999999,,,,,,
income_tax_1677_IV_c_01092024_no_nm_mth_disab,"not_married_pt,married_two_holders_pt",TRUE,c,2024-09-01,0,0,,,0,IV,no,FALSE,FALSE,1677,,,,,,
income_tax_2012_IV_c_01092024_no_nm_mth_disab,"not_married_pt,married_two_holders_pt",TRUE,c,2024-09-01,0.05,83.83,,,0.008,IV,no,FALSE,FALSE,2012,,,,,,
income_tax_2428_IV_c_01092024_no_nm_mth_disab,"not_married_pt,married_two_holders_pt",TRUE,c,2024-09-01,0.08,144.2,,,0.021,IV,no,FALSE,FALSE,2428,,,,,,
income_tax_4376_IV_c_01092024_no_nm_mth_disab,"not_married_pt,married_two_holders_pt",TRUE,c,2024-09-01,0.1065,208.55,,,0.059,IV,no,FALSE,FALSE,4376,,,,,,
income_tax_4634_IV_c_01092024_no_nm_mth_disab,"not_married_pt,married_two_holders_pt",TRUE,c,2024-09-01,0.1936,589.61,,,0.066,IV,no,FALSE,FALSE,4634,,,,,,
income_tax_6621_IV_c_01092024_no_nm_mth_disab,"not_married_pt,married_two_holders_pt",TRUE,c,2024-09-01,0.4005,1548.47,,,0.167,IV,no,FALSE,FALSE,6621,,,,,,
income_tax_20265_IV_c_01092024_no_nm_mth_disab,"not_married_pt,married_two_holders_pt",TRUE,c,2024-09-01,0.4495,1872.58,,,0.357,IV,no,FALSE,FALSE,20265,,,,,,
income_tax_999999999_IV_c_01092024_no_nm_mth_disab,"not_married_pt,married_two_holders_pt",TRUE,c,2024-09-01,0.4717,2323.47,,,,IV,no,FALSE,FALSE,999999999,,,,,,
income_tax_1919_V_c_01092024_with_nm_disab,not_married_pt,TRUE,c,2024-09-01,0,0,0,,0,V,with_one_or_more,FALSE,FALSE,1919,,,,,,
income_tax_2012_V_c_01092024_with_nm_disab,not_married_pt,TRUE,c,2024-09-01,0.0553,106.1,42.86,,0.003,V,with_one_or_more,FALSE,FALSE,2012,,,,,,
income_tax_2785_V_c_01092024_with_nm_disab,not_married_pt,TRUE,c,2024-09-01,0.08,155.82,42.86,,0.024,V,with_one_or_more,FALSE,FALSE,2785,,,,,,
income_tax_4394_V_c_01092024_with_nm_disab,not_married_pt,TRUE,c,2024-09-01,0.1775,427.41,42.86,,0.08,V,with_one_or_more,FALSE,FALSE,4394,,,,,,
income_tax_6687_V_c_01092024_with_nm_disab,not_married_pt,TRUE,c,2024-09-01,0.3484,1178.52,42.86,,0.172,V,with_one_or_more,FALSE,FALSE,6687,,,,,,
income_tax_6978_V_c_01092024_with_nm_disab,not_married_pt,TRUE,c,2024-09-01,0.4005,1526.7,42.86,,0.182,V,with_one_or_more,FALSE,FALSE,6978,,,,,,
income_tax_20265_V_c_01092024_with_nm_disab,not_married_pt,TRUE,c,2024-09-01,0.4495,1868.29,42.86,,0.357,V,with_one_or_more,FALSE,FALSE,20265,,,,,,
income_tax_999999999_V_c_01092024_with_nm_disab,not_married_pt,TRUE,c,2024-09-01,0.4717,2319.18,42.86,,,V,with_one_or_more,FALSE,FALSE,999999999,,,,,,
income_tax_1651_VI_c_01092024_with_mth_disab,married_two_holders_pt,TRUE,c,2024-09-01,0,0,0,,0,VI,with_one_or_more,FALSE,FALSE,1651,,,,,,
income_tax_2023_VI_c_01092024_with_mth_disab,married_two_holders_pt,TRUE,c,2024-09-01,0.055,90.81,21.43,,0.01,VI,with_one_or_more,FALSE,FALSE,2023,,,,,,
income_tax_2441_VI_c_01092024_with_mth_disab,married_two_holders_pt,TRUE,c,2024-09-01,0.0625,105.98,21.43,,0.019,VI,with_one_or_more,FALSE,FALSE,2441,,,,,,
income_tax_3037_VI_c_01092024_with_mth_disab,married_two_holders_pt,TRUE,c,2024-09-01,0.096,187.75,21.43,,0.034,VI,with_one_or_more,FALSE,FALSE,3037,,,,,,
income_tax_4394_VI_c_01092024_with_mth_disab,married_two_holders_pt,TRUE,c,2024-09-01,0.1775,435.26,21.43,,0.078,VI,with_one_or_more,FALSE,FALSE,4394,,,,,,
income_tax_6687_VI_c_01092024_with_mth_disab,married_two_holders_pt,TRUE,c,2024-09-01,0.3484,1186.37,21.43,,0.171,VI,with_one_or_more,FALSE,FALSE,6687,,,,,,
income_tax_6978_VI_c_01092024_with_mth_disab,married_two_holders_pt,TRUE,c,2024-09-01,0.4005,1534.55,21.43,,0.181,VI,with_one_or_more,FALSE,FALSE,6978,,,,,,
income_tax_20265_VI_c_01092024_with_mth_disab,married_two_holders_pt,TRUE,c,2024-09-01,0.4495,1876.14,21.43,,0.357,VI,with_one_or_more,FALSE,FALSE,20265,,,,,,
income_tax_999999999_VI_c_01092024_with_mth_disab,married_two_holders_pt,TRUE,c,2024-09-01,0.4717,2327.03,21.43,,,VI,with_one_or_more,FALSE,FALSE,999999999,,,,,,
income_tax_2302_VII_c_01092024_with_moh_disab,married_one_holder_pt,TRUE,c,2024-09-01,0,0,0,,0,VII,with_one_or_more,FALSE,FALSE,2302,,,,,,
income_tax_3394_VII_c_01092024_with_moh_disab,married_one_holder_pt,TRUE,c,2024-09-01,0.0709,163.15,42.86,,0.023,VII,with_one_or_more,FALSE,FALSE,3394,,,,,,
income_tax_3652_VII_c_01092024_with_moh_disab,married_one_holder_pt,TRUE,c,2024-09-01,0.1297,362.8,42.86,,0.03,VII,with_one_or_more,FALSE,FALSE,3652,,,,,,
income_tax_6621_VII_c_01092024_with_moh_disab,married_one_holder_pt,TRUE,c,2024-09-01,0.2765,898.97,42.86,,0.141,VII,with_one_or_more,FALSE,FALSE,6621,,,,,,
income_tax_20265_VII_c_01092024_with_moh_disab,married_one_holder_pt,TRUE,c,2024-09-01,0.4244,1878.34,42.86,,0.332,VII,with_one_or_more,FALSE,FALSE,20265,,,,,,
income_tax_999999999_VII_c_01092024_with_moh_disab,married_one_holder_pt,TRUE,c,2024-09-01,0.4717,2836.1,42.86,,,VII,with_one_or_more,FALSE,FALSE,999999999,,,,,,
income_tax_2302_VII_c_01092024_no_moh_disab,married_one_holder_pt,TRUE,c,2024-09-01,0,0,,,0,VII,no,FALSE,FALSE,2302,,,,,,
income_tax_3394_VII_c_01092024_no_moh_disab,married_one_holder_pt,TRUE,c,2024-09-01,0.0709,163.15,,,0.023,VII,no,FALSE,FALSE,3394,,,,,,
income_tax_3652_VII_c_01092024_no_moh_disab,married_one_holder_pt,TRUE,c,2024-09-01,0.1297,362.8,,,0.03,VII,no,FALSE,FALSE,3652,,,,,,
income_tax_6621_VII_c_01092024_no_moh_disab,married_one_holder_pt,TRUE,c,2024-09-01,0.2765,898.97,,,0.141,VII,no,FALSE,FALSE,6621,,,,,,
income_tax_20265_VII_c_01092024_no_moh_disab,married_one_holder_pt,TRUE,c,2024-09-01,0.4244,1878.34,,,0.332,VII,no,FALSE,FALSE,20265,,,,,,
income_tax_999999999_VII_c_01092024_no_moh_disab,married_one_holder_pt,TRUE,c,2024-09-01,0.4717,2836.1,,,,VII,no,FALSE,FALSE,999999999,,,,,,
income_tax_820_VIII_c_01092024_no_nm_mth_pen,"not_married_pt,married_two_holders_pt",FALSE,c,2024-09-01,0,0,,,0,VIII,no,FALSE,TRUE,820,,,,,,
income_tax_937_VIII_c_01092024_no_nm_mth_pen,"not_married_pt,married_two_holders_pt",FALSE,c,2024-09-01,0,0,,,0,VIII,no,FALSE,TRUE,937,,,,,,
income_tax_993_VIII_c_01092024_no_nm_mth_pen,"not_married_pt,married_two_holders_pt",FALSE,c,2024-09-01,0,0,,,0,VIII,no,FALSE,TRUE,993,,,,,,
income_tax_1105_VIII_c_01092024_no_nm_mth_pen,"not_married_pt,married_two_holders_pt",FALSE,c,2024-09-01,0,0,,,0,VIII,no,FALSE,TRUE,1105,,,,,,
income_tax_1202_VIII_c_01092024_no_nm_mth_pen,"not_married_pt,married_two_holders_pt",FALSE,c,2024-09-01,0,0,,,0,VIII,no,FALSE,TRUE,1202,,,,,,
income_tax_1819_VIII_c_01092024_no_nm_mth_pen,"not_married_pt,married_two_holders_pt",FALSE,c,2024-09-01,0.0375,45.08,,,0.013,VIII,no,FALSE,TRUE,1819,,,,,,
income_tax_2053_VIII_c_01092024_no_nm_mth_pen,"not_married_pt,married_two_holders_pt",FALSE,c,2024-09-01,0.08,122.38,,,0.02,VIII,no,FALSE,TRUE,2053,,,,,,
income_tax_2278_VIII_c_01092024_no_nm_mth_pen,"not_married_pt,married_two_holders_pt",FALSE,c,2024-09-01,0.1065,176.79,,,0.029,VIII,no,FALSE,TRUE,2278,,,,,,
income_tax_3364_VIII_c_01092024_no_nm_mth_pen,"not_married_pt,married_two_holders_pt",FALSE,c,2024-09-01,0.2175,429.65,,,0.09,VIII,no,FALSE,TRUE,3364,,,,,,
income_tax_5775_VIII_c_01092024_no_nm_mth_pen,"not_married_pt,married_two_holders_pt",FALSE,c,2024-09-01,0.45,1211.78,,,0.24,VIII,no,FALSE,TRUE,5775,,,,,,
income_tax_18150_VIII_c_01092024_no_nm_mth_pen,"not_married_pt,married_two_holders_pt",FALSE,c,2024-09-01,0.505,1529.4,,,0.421,VIII,no,FALSE,TRUE,18150,,,,,,
income_tax_999999999_VIII_c_01092024_no_nm_mth_pen,"not_married_pt,married_two_holders_pt",FALSE,c,2024-09-01,0.53,1983.15,,,,VIII,no,FALSE,TRUE,999999999,,,,,,
income_tax_820_IX_c_01092024_no_moh_pen,married_one_holder_pt,FALSE,c,2024-09-01,0,0,,,0,IX,no,FALSE,TRUE,820,,,,,,
income_tax_937_IX_c_01092024_no_moh_pen,married_one_holder_pt,FALSE,c,2024-09-01,0,0,,,0,IX,no,FALSE,TRUE,937,,,,,,
income_tax_993_IX_c_01092024_no_moh_pen,married_one_holder_pt,FALSE,c,2024-09-01,0,0,,,0,IX,no,FALSE,TRUE,993,,,,,,
income_tax_1141_IX_c_01092024_no_moh_pen,married_one_holder_pt,FALSE,c,2024-09-01,0,0,,,0,IX,no,FALSE,TRUE,1141,,,,,,
income_tax_1487_IX_c_01092024_no_moh_pen,married_one_holder_pt,FALSE,c,2024-09-01,0,0,,,0,IX,no,FALSE,TRUE,1487,,,,,,
income_tax_1834_IX_c_01092024_no_moh_pen,married_one_holder_pt,FALSE,c,2024-09-01,0.03,44.61,,,0.006,IX,no,FALSE,TRUE,1834,,,,,,
income_tax_2250_IX_c_01092024_no_moh_pen,married_one_holder_pt,FALSE,c,2024-09-01,0.056,92.29,,,0.015,IX,no,FALSE,TRUE,2250,,,,,,
income_tax_3153_IX_c_01092024_no_moh_pen,married_one_holder_pt,FALSE,c,2024-09-01,0.0852,157.99,,,0.035,IX,no,FALSE,TRUE,3153,,,,,,
income_tax_3382_IX_c_01092024_no_moh_pen,married_one_holder_pt,FALSE,c,2024-09-01,0.1631,403.69,,,0.044,IX,no,FALSE,TRUE,3382,,,,,,
income_tax_6025_IX_c_01092024_no_moh_pen,married_one_holder_pt,FALSE,c,2024-09-01,0.3452,1019.54,,,0.176,IX,no,FALSE,TRUE,6025,,,,,,
income_tax_18168_IX_c_01092024_no_moh_pen,married_one_holder_pt,FALSE,c,2024-09-01,0.435,1560.46,,,0.349,IX,no,FALSE,TRUE,18168,,,,,,
income_tax_999999999_IX_c_01092024_no_moh_pen,married_one_holder_pt,FALSE,c,2024-09-01,0.53,3286.42,,,,IX,no,FALSE,TRUE,999999999,,,,,,
income_tax_1798_X_c_01092024_no_nm_mth_disab_f_pen,"not_married_pt,married_two_holders_pt",TRUE,c,2024-09-01,0,0,,0,0,X,no,TRUE,TRUE,1798,,,,,,
income_tax_2012_X_c_01092024_no_nm_mth_disab_f_pen,"not_married_pt,married_two_holders_pt",TRUE,c,2024-09-01,0.05,89.9,,18.19,0.005,X,no,TRUE,TRUE,2012,,,,,,
income_tax_2428_X_c_01092024_no_nm_mth_disab_f_pen,"not_married_pt,married_two_holders_pt",TRUE,c,2024-09-01,0.08,150.26,,18.19,0.018,X,no,TRUE,TRUE,2428,,,,,,
income_tax_3189_X_c_01092024_no_nm_mth_disab_f_pen,"not_married_pt,married_two_holders_pt",TRUE,c,2024-09-01,0.1065,214.6,,18.19,0.039,X,no,TRUE,TRUE,3189,,,,,,
income_tax_4489_X_c_01092024_no_nm_mth_disab_f_pen,"not_married_pt,married_two_holders_pt",TRUE,c,2024-09-01,0.2175,568.58,,18.19,0.091,X,no,TRUE,TRUE,4489,,,,,,
income_tax_6561_X_c_01092024_no_nm_mth_disab_f_pen,"not_married_pt,married_two_holders_pt",TRUE,c,2024-09-01,0.45,1612.27,,18.19,0.204,X,no,TRUE,TRUE,6561,,,,,,
income_tax_18346_X_c_01092024_no_nm_mth_disab_f_pen,"not_married_pt,married_two_holders_pt",TRUE,c,2024-09-01,0.505,1973.13,,18.19,0.397,X,no,TRUE,TRUE,18346,,,,,,
income_tax_999999999_X_c_01092024_no_nm_mth_disab_f_pen,"not_married_pt,married_two_holders_pt",TRUE,c,2024-09-01,0.53,2431.78,,18.19,,X,no,TRUE,TRUE,999999999,,,,,,
income_tax_2235_XI_c_01092024_no_moh_disab_f_pen,married_one_holder_pt,TRUE,c,2024-09-01,0,0,,0,0,XI,no,TRUE,TRUE,2235,,,,,,
income_tax_2700_XI_c_01092024_no_moh_disab_f_pen,married_one_holder_pt,TRUE,c,2024-09-01,0.0464,103.7,,36.38,0.008,XI,no,TRUE,TRUE,2700,,,,,,
income_tax_3260_XI_c_01092024_no_moh_disab_f_pen,married_one_holder_pt,TRUE,c,2024-09-01,0.07242,173.96,,36.38,0.019,XI,no,TRUE,TRUE,3260,,,,,,
income_tax_3954_XI_c_01092024_no_moh_disab_f_pen,married_one_holder_pt,TRUE,c,2024-09-01,0.15225,434.2,,36.38,0.042,XI,no,TRUE,TRUE,3954,,,,,,
income_tax_6204_XI_c_01092024_no_moh_disab_f_pen,married_one_holder_pt,TRUE,c,2024-09-01,0.3303,1138.21,,36.38,0.147,XI,no,TRUE,TRUE,6204,,,,,,
income_tax_17989_XI_c_01092024_no_moh_disab_f_pen,married_one_holder_pt,TRUE,c,2024-09-01,0.46965,2002.74,,36.38,0.358,XI,no,TRUE,TRUE,17989,,,,,,
income_tax_999999999_XI_c_01092024_no_moh_disab_f_pen,married_one_holder_pt,TRUE,c,2024-09-01,0.53,3088.38,,36.38,,XI,no,TRUE,TRUE,999999999,,,,,,
income_tax_861_I_a_01092024_no_nm_mth,"not_married_pt,married_two_holders_pt",FALSE,a,2024-09-01,0,0,,,0,I,no,FALSE,FALSE,861,,,,,,
income_tax_959_I_a_01092024_no_nm_mth,"not_married_pt,married_two_holders_pt",FALSE,a,2024-09-01,0,0,,,0,I,no,FALSE,FALSE,959,,,,,,
income_tax_1032_I_a_01092024_no_nm_mth,"not_married_pt,married_two_holders_pt",FALSE,a,2024-09-01,0,0,,,0,I,no,FALSE,FALSE,1032,,,,,,
income_tax_1125_I_a_01092024_no_nm_mth,"not_married_pt,married_two_holders_pt",FALSE,a,2024-09-01,0,0,,,0,I,no,FALSE,FALSE,1125,,,,,,
income_tax_1175_I_a_01092024_no_nm_mth,"not_married_pt,married_two_holders_pt",FALSE,a,2024-09-01,0,0,,,0,I,no,FALSE,FALSE,1175,,,,,,
income_tax_1769_I_a_01092024_no_nm_mth,"not_married_pt,married_two_holders_pt",FALSE,a,2024-09-01,0.0263,30.85,,,0.009,I,no,FALSE,FALSE,1769,,,,,,
income_tax_2057_I_a_01092024_no_nm_mth,"not_married_pt,married_two_holders_pt",FALSE,a,2024-09-01,0.056,83.48,,,0.015,I,no,FALSE,FALSE,2057,,,,,,
income_tax_2408_I_a_01092024_no_nm_mth,"not_married_pt,married_two_holders_pt",FALSE,a,2024-09-01,0.0746,121.63,,,0.024,I,no,FALSE,FALSE,2408,,,,,,
income_tax_3201_I_a_01092024_no_nm_mth,"not_married_pt,married_two_holders_pt",FALSE,a,2024-09-01,0.1355,268.41,,,0.052,I,no,FALSE,FALSE,3201,,,,,,
income_tax_5492_I_a_01092024_no_nm_mth,"not_married_pt,married_two_holders_pt",FALSE,a,2024-09-01,0.2804,732.06,,,0.147,I,no,FALSE,FALSE,5492,,,,,,
income_tax_20021_I_a_01092024_no_nm_mth,"not_married_pt,married_two_holders_pt",FALSE,a,2024-09-01,0.3146,920.25,,,0.269,I,no,FALSE,FALSE,20021,,,,,,
income_tax_999999999_I_a_01092024_no_nm_mth,"not_married_pt,married_two_holders_pt",FALSE,a,2024-09-01,0.3302,1232.07,,,,I,no,FALSE,FALSE,999999999,,,,,,
income_tax_861_I_a_01092024_with_mth,married_two_holders_pt,FALSE,a,2024-09-01,0,0,0,,0,I,with_one_or_more,FALSE,FALSE,861,,,,,,
income_tax_959_I_a_01092024_with_mth,married_two_holders_pt,FALSE,a,2024-09-01,0,0,21.43,,0,I,with_one_or_more,FALSE,FALSE,959,,,,,,
income_tax_1032_I_a_01092024_with_mth,married_two_holders_pt,FALSE,a,2024-09-01,0,0,21.43,,0,I,with_one_or_more,FALSE,FALSE,1032,,,,,,
income_tax_1125_I_a_01092024_with_mth,married_two_holders_pt,FALSE,a,2024-09-01,0,0,21.43,,0,I,with_one_or_more,FALSE,FALSE,1125,,,,,,
income_tax_1175_I_a_01092024_with_mth,married_two_holders_pt,FALSE,a,2024-09-01,0,0,21.43,,0,I,with_one_or_more,FALSE,FALSE,1175,,,,,,
income_tax_1769_I_a_01092024_with_mth,married_two_holders_pt,FALSE,a,2024-09-01,0.0263,30.85,21.43,,0.009,I,with_one_or_more,FALSE,FALSE,1769,,,,,,
income_tax_2057_I_a_01092024_with_mth,married_two_holders_pt,FALSE,a,2024-09-01,0.056,83.48,21.43,,0.015,I,with_one_or_more,FALSE,FALSE,2057,,,,,,
income_tax_2408_I_a_01092024_with_mth,married_two_holders_pt,FALSE,a,2024-09-01,0.0746,121.63,21.43,,0.024,I,with_one_or_more,FALSE,FALSE,2408,,,,,,
income_tax_3201_I_a_01092024_with_mth,married_two_holders_pt,FALSE,a,2024-09-01,0.1355,268.41,21.43,,0.052,I,with_one_or_more,FALSE,FALSE,3201,,,,,,
income_tax_5492_I_a_01092024_with_mth,married_two_holders_pt,FALSE,a,2024-09-01,0.2804,732.06,21.43,,0.147,I,with_one_or_more,FALSE,FALSE,5492,,,,,,
income_tax_20021_I_a_01092024_with_mth,married_two_holders_pt,FALSE,a,2024-09-01,0.3146,920.25,21.43,,0.269,I,with_one_or_more,FALSE,FALSE,20021,,,,,,
income_tax_999999999_I_a_01092024_with_mth,married_two_holders_pt,FALSE,a,2024-09-01,0.3302,1232.07,21.43,,,I,with_one_or_more,FALSE,FALSE,999999999,,,,,,
income_tax_861_II_a_01092024_with_nm,not_married_pt,FALSE,a,2024-09-01,0,0,0,,0,II,with_one_or_more,FALSE,FALSE,861,,,,,,
income_tax_959_II_a_01092024_with_nm,not_married_pt,FALSE,a,2024-09-01,0,0,34.29,,0,II,with_one_or_more,FALSE,FALSE,959,,,,,,
income_tax_1032_II_a_01092024_with_nm,not_married_pt,FALSE,a,2024-09-01,0,0,34.29,,0,II,with_one_or_more,FALSE,FALSE,1032,,,,,,
income_tax_1125_II_a_01092024_with_nm,not_married_pt,FALSE,a,2024-09-01,0,0,34.29,,0,II,with_one_or_more,FALSE,FALSE,1125,,,,,,
income_tax_1175_II_a_01092024_with_nm,not_married_pt,FALSE,a,2024-09-01,0,0,34.29,,0,II,with_one_or_more,FALSE,FALSE,1175,,,,,,
income_tax_1769_II_a_01092024_with_nm,not_married_pt,FALSE,a,2024-09-01,0.0263,30.84,34.29,,0.009,II,with_one_or_more,FALSE,FALSE,1769,,,,,,
income_tax_2057_II_a_01092024_with_nm,not_married_pt,FALSE,a,2024-09-01,0.056,83.48,34.29,,0.015,II,with_one_or_more,FALSE,FALSE,2057,,,,,,
income_tax_2408_II_a_01092024_with_nm,not_married_pt,FALSE,a,2024-09-01,0.0746,121.64,34.29,,0.024,II,with_one_or_more,FALSE,FALSE,2408,,,,,,
income_tax_3201_II_a_01092024_with_nm,not_married_pt,FALSE,a,2024-09-01,0.1355,268.4,34.29,,0.052,II,with_one_or_more,FALSE,FALSE,3201,,,,,,
income_tax_5492_II_a_01092024_with_nm,not_married_pt,FALSE,a,2024-09-01,0.2804,732.06,34.29,,0.147,II,with_one_or_more,FALSE,FALSE,5492,,,,,,
income_tax_20021_II_a_01092024_with_nm,not_married_pt,FALSE,a,2024-09-01,0.3146,920.24,34.29,,0.269,II,with_one_or_more,FALSE,FALSE,20021,,,,,,
income_tax_999999999_II_a_01092024_with_nm,not_married_pt,FALSE,a,2024-09-01,0.3302,1232.08,34.29,,,II,with_one_or_more,FALSE,FALSE,999999999,,,,,,
income_tax_1172_III_a_01092024_with_moh,married_one_holder_pt,FALSE,a,2024-09-01,0,0,0,,0,III,with_one_or_more,FALSE,FALSE,1172,,,,,,
income_tax_1212_III_a_01092024_with_moh,married_one_holder_pt,FALSE,a,2024-09-01,0,0,42.86,,0,III,with_one_or_more,FALSE,FALSE,1212,,,,,,
income_tax_1559_III_a_01092024_with_moh,married_one_holder_pt,FALSE,a,2024-09-01,0,0,42.86,,0,III,with_one_or_more,FALSE,FALSE,1559,,,,,,
income_tax_1912_III_a_01092024_with_moh,married_one_holder_pt,FALSE,a,2024-09-01,0,0,42.86,,0,III,with_one_or_more,FALSE,FALSE,1912,,,,,,
income_tax_2178_III_a_01092024_with_moh,married_one_holder_pt,FALSE,a,2024-09-01,0,0,42.86,,0,III,with_one_or_more,FALSE,FALSE,2178,,,,,,
income_tax_2671_III_a_01092024_with_moh,married_one_holder_pt,FALSE,a,2024-09-01,0.0165,36.03,42.86,,0.003,III,with_one_or_more,FALSE,FALSE,2671,,,,,,
income_tax_3284_III_a_01092024_with_moh,married_one_holder_pt,FALSE,a,2024-09-01,0.0454,113.09,42.86,,0.011,III,with_one_or_more,FALSE,FALSE,3284,,,,,,
income_tax_5906_III_a_01092024_with_moh,married_one_holder_pt,FALSE,a,2024-09-01,0.1075,317.14,42.86,,0.054,III,with_one_or_more,FALSE,FALSE,5906,,,,,,
income_tax_20064_III_a_01092024_with_moh,married_one_holder_pt,FALSE,a,2024-09-01,0.271,1282.63,42.86,,0.207,III,with_one_or_more,FALSE,FALSE,20064,,,,,,
income_tax_999999999_III_a_01092024_with_moh,married_one_holder_pt,FALSE,a,2024-09-01,0.3302,2470.13,42.86,,,III,with_one_or_more,FALSE,FALSE,999999999,,,,,,
income_tax_2066_IV_a_01092024_no_nm_mth_disab,"not_married_pt,married_two_holders_pt",TRUE,a,2024-09-01,0,0,,,0,IV,no,FALSE,FALSE,2066,,,,,,
income_tax_2428_IV_a_01092024_no_nm_mth_disab,"not_married_pt,married_two_holders_pt",TRUE,a,2024-09-01,0.0448,92.55,,,0.007,IV,no,FALSE,FALSE,2428,,,,,,
income_tax_2680_IV_a_01092024_no_nm_mth_disab,"not_married_pt,married_two_holders_pt",TRUE,a,2024-09-01,0.062125,134.62,,,0.012,IV,no,FALSE,FALSE,2680,,,,,,
income_tax_2937_IV_a_01092024_no_nm_mth_disab,"not_married_pt,married_two_holders_pt",TRUE,a,2024-09-01,0.0813,186.01,,,0.018,IV,no,FALSE,FALSE,2937,,,,,,
income_tax_4835_IV_a_01092024_no_nm_mth_disab,"not_married_pt,married_two_holders_pt",TRUE,a,2024-09-01,0.1402,358.94,,,0.066,IV,no,FALSE,FALSE,4835,,,,,,
income_tax_20265_IV_a_01092024_no_nm_mth_disab,"not_married_pt,married_two_holders_pt",TRUE,a,2024-09-01,0.3102,1181.09,,,0.252,IV,no,FALSE,FALSE,20265,,,,,,
income_tax_999999999_IV_a_01092024_no_nm_mth_disab,"not_married_pt,married_two_holders_pt",TRUE,a,2024-09-01,0.3255,1491.15,,,,IV,no,FALSE,FALSE,999999999,,,,,,
income_tax_2281_V_a_01092024_with_nm_disab,not_married_pt,TRUE,a,2024-09-01,0,0,0,,0,V,with_one_or_more,FALSE,FALSE,2281,,,,,,
income_tax_2428_V_a_01092024_with_nm_disab,not_married_pt,TRUE,a,2024-09-01,0.056,127.76,42.86,,0.003,V,with_one_or_more,FALSE,FALSE,2428,,,,,,
income_tax_3394_V_a_01092024_with_nm_disab,not_married_pt,TRUE,a,2024-09-01,0.062125,142.63,42.86,,0.02,V,with_one_or_more,FALSE,FALSE,3394,,,,,,
income_tax_3652_V_a_01092024_with_nm_disab,not_married_pt,TRUE,a,2024-09-01,0.1355025,391.68,42.86,,0.028,V,with_one_or_more,FALSE,FALSE,3652,,,,,,
income_tax_6621_V_a_01092024_with_nm_disab,not_married_pt,TRUE,a,2024-09-01,0.2523,818.25,42.86,,0.129,V,with_one_or_more,FALSE,FALSE,6621,,,,,,
income_tax_20265_V_a_01092024_with_nm_disab,not_married_pt,TRUE,a,2024-09-01,0.3102,1201.51,42.86,,0.251,V,with_one_or_more,FALSE,FALSE,20265,,,,,,
income_tax_999999999_V_a_01092024_with_nm_disab,not_married_pt,TRUE,a,2024-09-01,0.3255,1511.56,42.86,,,V,with_one_or_more,FALSE,FALSE,999999999,,,,,,
income_tax_2096_VI_a_01092024_with_mth_disab,married_two_holders_pt,TRUE,a,2024-09-01,0,0,0,,0,VI,with_one_or_more,FALSE,FALSE,2096,,,,,,
income_tax_2727_VI_a_01092024_with_mth_disab,married_two_holders_pt,TRUE,a,2024-09-01,0.04375,91.71,21.43,,0.01,VI,with_one_or_more,FALSE,FALSE,2727,,,,,,
income_tax_3143_VI_a_01092024_with_mth_disab,married_two_holders_pt,TRUE,a,2024-09-01,0.056,125.11,21.43,,0.016,VI,with_one_or_more,FALSE,FALSE,3143,,,,,,
income_tax_3394_VI_a_01092024_with_mth_disab,married_two_holders_pt,TRUE,a,2024-09-01,0.07455,183.41,21.43,,0.021,VI,with_one_or_more,FALSE,FALSE,3394,,,,,,
income_tax_5795_VI_a_01092024_with_mth_disab,married_two_holders_pt,TRUE,a,2024-09-01,0.1355025,390.29,21.43,,0.068,VI,with_one_or_more,FALSE,FALSE,5795,,,,,,
income_tax_6621_VI_a_01092024_with_mth_disab,married_two_holders_pt,TRUE,a,2024-09-01,0.2523,1067.17,21.43,,0.091,VI,with_one_or_more,FALSE,FALSE,6621,,,,,,
income_tax_20265_VI_a_01092024_with_mth_disab,married_two_holders_pt,TRUE,a,2024-09-01,0.3102,1450.43,21.43,,0.239,VI,with_one_or_more,FALSE,FALSE,20265,,,,,,
income_tax_999999999_VI_a_01092024_with_mth_disab,married_two_holders_pt,TRUE,a,2024-09-01,0.3255,1760.49,21.43,,,VI,with_one_or_more,FALSE,FALSE,999999999,,,,,,
income_tax_2802_VII_a_01092024_with_moh_disab,married_one_holder_pt,TRUE,a,2024-09-01,0,0,0,,0,VII,with_one_or_more,FALSE,FALSE,2802,,,,,,
income_tax_3394_VII_a_01092024_with_moh_disab,married_one_holder_pt,TRUE,a,2024-09-01,0.07455,208.86,42.86,,0.013,VII,with_one_or_more,FALSE,FALSE,3394,,,,,,
income_tax_3652_VII_a_01092024_with_moh_disab,married_one_holder_pt,TRUE,a,2024-09-01,0.1355025,415.74,42.86,,0.022,VII,with_one_or_more,FALSE,FALSE,3652,,,,,,
income_tax_4478_VII_a_01092024_with_moh_disab,married_one_holder_pt,TRUE,a,2024-09-01,0.252315,842.31,42.86,,0.064,VII,with_one_or_more,FALSE,FALSE,4478,,,,,,
income_tax_20265_VII_a_01092024_with_moh_disab,married_one_holder_pt,TRUE,a,2024-09-01,0.3102,1101.53,42.86,,0.256,VII,with_one_or_more,FALSE,FALSE,20265,,,,,,
income_tax_999999999_VII_a_01092024_with_moh_disab,married_one_holder_pt,TRUE,a,2024-09-01,0.3255,1411.59,42.86,,,VII,with_one_or_more,FALSE,FALSE,999999999,,,,,,
income_tax_2802_VII_a_01092024_no_moh_disab,married_one_holder_pt,TRUE,a,2024-09-01,0,0,,,0,VII,no,FALSE,FALSE,2802,,,,,,
income_tax_3394_VII_a_01092024_no_moh_disab,married_one_holder_pt,TRUE,a,2024-09-01,0.07455,208.86,,,0.013,VII,no,FALSE,FALSE,3394,,,,,,
income_tax_3652_VII_a_01092024_no_moh_disab,married_one_holder_pt,TRUE,a,2024-09-01,0.1355025,415.74,,,0.022,VII,no,FALSE,FALSE,3652,,,,,,
income_tax_4478_VII_a_01092024_no_moh_disab,married_one_holder_pt,TRUE,a,2024-09-01,0.252315,842.31,,,0.064,VII,no,FALSE,FALSE,4478,,,,,,
income_tax_20265_VII_a_01092024_no_moh_disab,married_one_holder_pt,TRUE,a,2024-09-01,0.3102,1101.53,,,0.256,VII,no,FALSE,FALSE,20265,,,,,,
income_tax_999999999_VII_a_01092024_no_moh_disab,married_one_holder_pt,TRUE,a,2024-09-01,0.3255,1411.59,,,,VII,no,FALSE,FALSE,999999999,,,,,,
income_tax_861_VIII_a_01092024_no_nm_mth_pen,"not_married_pt,married_two_holders_pt",FALSE,a,2024-09-01,0,0,,,0,VIII,no,FALSE,TRUE,861,,,,,,
income_tax_959_VIII_a_01092024_no_nm_mth_pen,"not_married_pt,married_two_holders_pt",FALSE,a,2024-09-01,0,0,,,0,VIII,no,FALSE,TRUE,959,,,,,,
income_tax_1032_VIII_a_01092024_no_nm_mth_pen,"not_married_pt,married_two_holders_pt",FALSE,a,2024-09-01,0,0,,,0,VIII,no,FALSE,TRUE,1032,,,,,,
income_tax_1105_VIII_a_01092024_no_nm_mth_pen,"not_married_pt,married_two_holders_pt",FALSE,a,2024-09-01,0,0,,,0,VIII,no,FALSE,TRUE,1105,,,,,,
income_tax_1202_VIII_a_01092024_no_nm_mth_pen,"not_married_pt,married_two_holders_pt",FALSE,a,2024-09-01,0,0,,,0,VIII,no,FALSE,TRUE,1202,,,,,,
income_tax_1819_VIII_a_01092024_no_nm_mth_pen,"not_married_pt,married_two_holders_pt",FALSE,a,2024-09-01,0.0278,33.35,,,0.009,VIII,no,FALSE,TRUE,1819,,,,,,
income_tax_2053_VIII_a_01092024_no_nm_mth_pen,"not_married_pt,married_two_holders_pt",FALSE,a,2024-09-01,0.0573,87.02,,,0.015,VIII,no,FALSE,TRUE,2053,,,,,,
income_tax_2278_VIII_a_01092024_no_nm_mth_pen,"not_married_pt,married_two_holders_pt",FALSE,a,2024-09-01,0.0746,122.54,,,0.021,VIII,no,FALSE,TRUE,2278,,,,,,
income_tax_3364_VIII_a_01092024_no_nm_mth_pen,"not_married_pt,married_two_holders_pt",FALSE,a,2024-09-01,0.1523,299.54,,,0.063,VIII,no,FALSE,TRUE,3364,,,,,,
income_tax_5775_VIII_a_01092024_no_nm_mth_pen,"not_married_pt,married_two_holders_pt",FALSE,a,2024-09-01,0.2835,741.1,,,0.155,VIII,no,FALSE,TRUE,5775,,,,,,
income_tax_18150_VIII_a_01092024_no_nm_mth_pen,"not_married_pt,married_two_holders_pt",FALSE,a,2024-09-01,0.3283,999.82,,,0.273,VIII,no,FALSE,TRUE,18150,,,,,,
income_tax_999999999_VIII_a_01092024_no_nm_mth_pen,"not_married_pt,married_two_holders_pt",FALSE,a,2024-09-01,0.3445,1293.86,,,,VIII,no,FALSE,TRUE,999999999,,,,,,
income_tax_990_IX_a_01092024_no_moh_pen,married_one_holder_pt,FALSE,a,2024-09-01,0,0,,,0,IX,no,FALSE,TRUE,990,,,,,,
income_tax_1032_IX_a_01092024_no_moh_pen,married_one_holder_pt,FALSE,a,2024-09-01,0,0,,,0,IX,no,FALSE,TRUE,1032,,,,,,
income_tax_1141_IX_a_01092024_no_moh_pen,married_one_holder_pt,FALSE,a,2024-09-01,0,0,,,0,IX,no,FALSE,TRUE,1141,,,,,,
income_tax_1487_IX_a_01092024_no_moh_pen,married_one_holder_pt,FALSE,a,2024-09-01,0,0,,,0,IX,no,FALSE,TRUE,1487,,,,,,
income_tax_1834_IX_a_01092024_no_moh_pen,married_one_holder_pt,FALSE,a,2024-09-01,0,0,,,0,IX,no,FALSE,TRUE,1834,,,,,,
income_tax_2250_IX_a_01092024_no_moh_pen,married_one_holder_pt,FALSE,a,2024-09-01,0,0,,,0,IX,no,FALSE,TRUE,2250,,,,,,
income_tax_3153_IX_a_01092024_no_moh_pen,married_one_holder_pt,FALSE,a,2024-09-01,0.0497,111.82,,,0.014,IX,no,FALSE,TRUE,3153,,,,,,
income_tax_3382_IX_a_01092024_no_moh_pen,married_one_holder_pt,FALSE,a,2024-09-01,0.0685,171.13,,,0.018,IX,no,FALSE,TRUE,3382,,,,,,
income_tax_6025_IX_a_01092024_no_moh_pen,married_one_holder_pt,FALSE,a,2024-09-01,0.1692,511.53,,,0.084,IX,no,FALSE,TRUE,6025,,,,,,
income_tax_18168_IX_a_01092024_no_moh_pen,married_one_holder_pt,FALSE,a,2024-09-01,0.3283,1470.36,,,0.247,IX,no,FALSE,TRUE,18168,,,,,,
income_tax_999999999_IX_a_01092024_no_moh_pen,married_one_holder_pt,FALSE,a,2024-09-01,0.3445,1764.68,,,,IX,no,FALSE,TRUE,999999999,,,,,,
income_tax_2148_X_a_01092024_no_nm_mth_disab_f_pen,"not_married_pt,married_two_holders_pt",TRUE,a,2024-09-01,0,0,,0,0,X,no,TRUE,TRUE,2148,,,,,,
income_tax_2428_X_a_01092024_no_nm_mth_disab_f_pen,"not_married_pt,married_two_holders_pt",TRUE,a,2024-09-01,0.04,96.25,,18.19,0.005,X,no,TRUE,TRUE,2428,,,,,,
income_tax_3189_X_a_01092024_no_nm_mth_disab_f_pen,"not_married_pt,married_two_holders_pt",TRUE,a,2024-09-01,0.06,138.32,,18.19,0.019,X,no,TRUE,TRUE,3189,,,,,,
income_tax_4489_X_a_01092024_no_nm_mth_disab_f_pen,"not_married_pt,married_two_holders_pt",TRUE,a,2024-09-01,0.09,231.51,,18.19,0.04,X,no,TRUE,TRUE,4489,,,,,,
income_tax_6561_X_a_01092024_no_nm_mth_disab_f_pen,"not_married_pt,married_two_holders_pt",TRUE,a,2024-09-01,0.16,528.48,,18.19,0.077,X,no,TRUE,TRUE,6561,,,,,,
income_tax_18346_X_a_01092024_no_nm_mth_disab_f_pen,"not_married_pt,married_two_holders_pt",TRUE,a,2024-09-01,0.32,1582.46,,18.19,0.232,X,no,TRUE,TRUE,18346,,,,,,
income_tax_999999999_X_a_01092024_no_nm_mth_disab_f_pen,"not_married_pt,married_two_holders_pt",TRUE,a,2024-09-01,0.37,2454.83,,18.19,,X,no,TRUE,TRUE,999999999,,,,,,
income_tax_2793_XI_a_01092024_no_moh_disab_f_pen,married_one_holder_pt,TRUE,a,2024-09-01,0,0,,0,,XI,no,TRUE,TRUE,2793,,,,,,
income_tax_3260_XI_a_01092024_no_moh_disab_f_pen,married_one_holder_pt,TRUE,a,2024-09-01,0.04,118.01,,36.38,,XI,no,TRUE,TRUE,3260,,,,,,
income_tax_3954_XI_a_01092024_no_moh_disab_f_pen,married_one_holder_pt,TRUE,a,2024-09-01,0.06,188.75,,36.38,,XI,no,TRUE,TRUE,3954,,,,,,
income_tax_6204_XI_a_01092024_no_moh_disab_f_pen,married_one_holder_pt,TRUE,a,2024-09-01,0.13,443.78,,36.38,,XI,no,TRUE,TRUE,6204,,,,,,
income_tax_17989_XI_a_01092024_no_moh_disab_f_pen,married_one_holder_pt,TRUE,a,2024-09-01,0.3,1482.44,,36.38,,XI,no,TRUE,TRUE,17989,,,,,,
income_tax_999999999_XI_a_01092024_no_moh_disab_f_pen,married_one_holder_pt,TRUE,a,2024-09-01,0.37,2833.81,,36.38,,XI,no,TRUE,TRUE,999999999,,,,,,
income_tax_850_I_m_01092024_no_nm_mth,"not_married_pt,married_two_holders_pt",FALSE,m,2024-09-01,0,0,,,,I,no,FALSE,FALSE,850,,,,,,
income_tax_949_I_m_01092024_no_nm_mth,"not_married_pt,married_two_holders_pt",FALSE,m,2024-09-01,0,0,,,,I,no,FALSE,FALSE,949,,,,,,
income_tax_1015_I_m_01092024_no_nm_mth,"not_married_pt,married_two_holders_pt",FALSE,m,2024-09-01,0,0,,,,I,no,FALSE,FALSE,1015,,,,,,
income_tax_1125_I_m_01092024_no_nm_mth,"not_married_pt,married_two_holders_pt",FALSE,m,2024-09-01,0,0,,,,I,no,FALSE,FALSE,1125,,,,,,
income_tax_1521_I_m_01092024_no_nm_mth,"not_married_pt,married_two_holders_pt",FALSE,m,2024-09-01,0,0,,,,I,no,FALSE,FALSE,1521,,,,,,
income_tax_2185_I_m_01092024_no_nm_mth,"not_married_pt,married_two_holders_pt",FALSE,m,2024-09-01,0.0344,52.3,,,,I,no,FALSE,FALSE,2185,,,,,,
income_tax_3001_I_m_01092024_no_nm_mth,"not_married_pt,married_two_holders_pt",FALSE,m,2024-09-01,0.0576,103.08,,,,I,no,FALSE,FALSE,3001,,,,,,
income_tax_3387_I_m_01092024_no_nm_mth,"not_married_pt,married_two_holders_pt",FALSE,m,2024-09-01,0.1057,247.32,,,,I,no,FALSE,FALSE,3387,,,,,,
income_tax_6171_I_m_01092024_no_nm_mth,"not_married_pt,married_two_holders_pt",FALSE,m,2024-09-01,0.1942,547.24,,,,I,no,FALSE,FALSE,6171,,,,,,
income_tax_6517_I_m_01092024_no_nm_mth,"not_married_pt,married_two_holders_pt",FALSE,m,2024-09-01,0.4144,1905.74,,,,I,no,FALSE,FALSE,6517,,,,,,
income_tax_20064_I_m_01092024_no_nm_mth,"not_married_pt,married_two_holders_pt",FALSE,m,2024-09-01,0.4316,2017.93,,,,I,no,FALSE,FALSE,20064,,,,,,
income_tax_999999999_I_m_01092024_no_nm_mth,"not_married_pt,married_two_holders_pt",FALSE,m,2024-09-01,0.467,2727.86,,,,I,no,FALSE,FALSE,999999999,,,,,,
income_tax_850_I_m_01092024_with_mth,married_two_holders_pt,FALSE,m,2024-09-01,0,0,0,,0,I,with_one_or_more,FALSE,FALSE,850,,,,,,
income_tax_949_I_m_01092024_with_mth,married_two_holders_pt,FALSE,m,2024-09-01,0,0,21.43,,0,I,with_one_or_more,FALSE,FALSE,949,,,,,,
income_tax_1015_I_m_01092024_with_mth,married_two_holders_pt,FALSE,m,2024-09-01,0,0,21.43,,0,I,with_one_or_more,FALSE,FALSE,1015,,,,,,
income_tax_1125_I_m_01092024_with_mth,married_two_holders_pt,FALSE,m,2024-09-01,0,0,21.43,,0,I,with_one_or_more,FALSE,FALSE,1125,,,,,,
income_tax_1521_I_m_01092024_with_mth,married_two_holders_pt,FALSE,m,2024-09-01,0,0,21.43,,0,I,with_one_or_more,FALSE,FALSE,1521,,,,,,
income_tax_2185_I_m_01092024_with_mth,married_two_holders_pt,FALSE,m,2024-09-01,0.0344,52.3,21.43,,0.01,I,with_one_or_more,FALSE,FALSE,2185,,,,,,
income_tax_3001_I_m_01092024_with_mth,married_two_holders_pt,FALSE,m,2024-09-01,0.0576,103.08,21.43,,0.023,I,with_one_or_more,FALSE,FALSE,3001,,,,,,
income_tax_3387_I_m_01092024_with_mth,married_two_holders_pt,FALSE,m,2024-09-01,0.1057,247.32,21.43,,0.033,I,with_one_or_more,FALSE,FALSE,3387,,,,,,
income_tax_6171_I_m_01092024_with_mth,married_two_holders_pt,FALSE,m,2024-09-01,0.1942,547.24,21.43,,0.106,I,with_one_or_more,FALSE,FALSE,6171,,,,,,
income_tax_6517_I_m_01092024_with_mth,married_two_holders_pt,FALSE,m,2024-09-01,0.4144,1905.74,21.43,,0.121,I,with_one_or_more,FALSE,FALSE,6517,,,,,,
income_tax_20064_I_m_01092024_with_mth,married_two_holders_pt,FALSE,m,2024-09-01,0.4316,2017.93,21.43,,0.331,I,with_one_or_more,FALSE,FALSE,20064,,,,,,
income_tax_999999999_I_m_01092024_with_mth,married_two_holders_pt,FALSE,m,2024-09-01,0.467,2727.86,21.43,,,I,with_one_or_more,FALSE,FALSE,999999999,,,,,,
income_tax_850_II_m_01092024_with_nm,not_married_pt,FALSE,m,2024-09-01,0,0,0,,0,II,with_one_or_more,FALSE,FALSE,850,,,,,,
income_tax_949_II_m_01092024_with_nm,not_married_pt,FALSE,m,2024-09-01,0,0,34.29,,0,II,with_one_or_more,FALSE,FALSE,949,,,,,,
income_tax_1015_II_m_01092024_with_nm,not_married_pt,FALSE,m,2024-09-01,0,0,34.29,,0,II,with_one_or_more,FALSE,FALSE,1015,,,,,,
income_tax_1125_II_m_01092024_with_nm,not_married_pt,FALSE,m,2024-09-01,0,0,34.29,,0,II,with_one_or_more,FALSE,FALSE,1125,,,,,,
income_tax_1521_II_m_01092024_with_nm,not_married_pt,FALSE,m,2024-09-01,0,0,34.29,,0,II,with_one_or_more,FALSE,FALSE,1521,,,,,,
income_tax_2185_II_m_01092024_with_nm,not_married_pt,FALSE,m,2024-09-01,0.0344,52.3,34.29,,0.01,II,with_one_or_more,FALSE,FALSE,2185,,,,,,
income_tax_3001_II_m_01092024_with_nm,not_married_pt,FALSE,m,2024-09-01,0.0576,103.08,34.29,,0.023,II,with_one_or_more,FALSE,FALSE,3001,,,,,,
income_tax_3387_II_m_01092024_with_nm,not_married_pt,FALSE,m,2024-09-01,0.1057,247.32,34.29,,0.033,II,with_one_or_more,FALSE,FALSE,3387,,,,,,
income_tax_6171_II_m_01092024_with_nm,not_married_pt,FALSE,m,2024-09-01,0.1942,547.24,34.29,,0.106,II,with_one_or_more,FALSE,FALSE,6171,,,,,,
income_tax_6517_II_m_01092024_with_nm,not_married_pt,FALSE,m,2024-09-01,0.4144,1905.74,34.29,,0.121,II,with_one_or_more,FALSE,FALSE,6517,,,,,,
income_tax_20064_II_m_01092024_with_nm,not_married_pt,FALSE,m,2024-09-01,0.4316,2017.93,34.29,,0.331,II,with_one_or_more,FALSE,FALSE,20064,,,,,,
income_tax_999999999_II_m_01092024_with_nm,not_married_pt,FALSE,m,2024-09-01,0.467,2727.86,34.29,,,II,with_one_or_more,FALSE,FALSE,999999999,,,,,,
income_tax_977_III_m_01092024_with_moh,married_one_holder_pt,FALSE,m,2024-09-01,0,0,0,,0,III,with_one_or_more,FALSE,FALSE,977,,,,,,
income_tax_1015_III_m_01092024_with_moh,married_one_holder_pt,FALSE,m,2024-09-01,0,0,42.86,,0,III,with_one_or_more,FALSE,FALSE,1015,,,,,,
income_tax_1070_III_m_01092024_with_moh,married_one_holder_pt,FALSE,m,2024-09-01,0,0,42.86,,0,III,with_one_or_more,FALSE,FALSE,1070,,,,,,
income_tax_1741_III_m_01092024_with_moh,married_one_holder_pt,FALSE,m,2024-09-01,0,0,42.86,,0,III,with_one_or_more,FALSE,FALSE,1741,,,,,,
income_tax_2328_III_m_01092024_with_moh,married_one_holder_pt,FALSE,m,2024-09-01,0,0,42.86,,0,III,with_one_or_more,FALSE,FALSE,2328,,,,,,
income_tax_3122_III_m_01092024_with_moh,married_one_holder_pt,FALSE,m,2024-09-01,0.0177,41.29,42.86,,0.04,III,with_one_or_more,FALSE,FALSE,3122,,,,,,
income_tax_3650_III_m_01092024_with_moh,married_one_holder_pt,FALSE,m,2024-09-01,0.0486,137.5,42.86,,0.011,III,with_one_or_more,FALSE,FALSE,3650,,,,,,
income_tax_6253_III_m_01092024_with_moh,married_one_holder_pt,FALSE,m,2024-09-01,0.0571,168.65,42.86,,0.03,III,with_one_or_more,FALSE,FALSE,6253,,,,,,
income_tax_6445_III_m_01092024_with_moh,married_one_holder_pt,FALSE,m,2024-09-01,0.1803,938.84,42.86,,0.035,III,with_one_or_more,FALSE,FALSE,6445,,,,,,
income_tax_20064_III_m_01092024_with_moh,married_one_holder_pt,FALSE,m,2024-09-01,0.3885,2280.87,42.86,,0.275,III,with_one_or_more,FALSE,FALSE,20064,,,,,,
income_tax_999999999_III_m_01092024_with_moh,married_one_holder_pt,FALSE,m,2024-09-01,0.467,3855.85,42.86,,,III,with_one_or_more,FALSE,FALSE,999999999,,,,,,
income_tax_1924_IV_m_01092024_no_nm_mth_disab,"not_married_pt,married_two_holders_pt",TRUE,m,2024-09-01,0,0,,,0,IV,no,FALSE,FALSE,1924,,,,,,
income_tax_2428_IV_m_01092024_no_nm_mth_disab,"not_married_pt,married_two_holders_pt",TRUE,m,2024-09-01,0.0364,70.02,,,0.008,IV,no,FALSE,FALSE,2428,,,,,,
income_tax_3394_IV_m_01092024_no_nm_mth_disab,"not_married_pt,married_two_holders_pt",TRUE,m,2024-09-01,0.0576,121.57,,,0.022,IV,no,FALSE,FALSE,3394,,,,,,
income_tax_4374_IV_m_01092024_no_nm_mth_disab,"not_married_pt,married_two_holders_pt",TRUE,m,2024-09-01,0.1057,284.7,,,0.041,IV,no,FALSE,FALSE,4374,,,,,,
income_tax_6621_IV_m_01092024_no_nm_mth_disab,"not_married_pt,married_two_holders_pt",TRUE,m,2024-09-01,0.1942,672,,,0.093,IV,no,FALSE,FALSE,6621,,,,,,
income_tax_6717_IV_m_01092024_no_nm_mth_disab,"not_married_pt,married_two_holders_pt",TRUE,m,2024-09-01,0.4144,2129.6,,,0.097,IV,no,FALSE,FALSE,6717,,,,,,
income_tax_20265_IV_m_01092024_no_nm_mth_disab,"not_married_pt,married_two_holders_pt",TRUE,m,2024-09-01,0.445,2334.96,,,0.33,IV,no,FALSE,FALSE,20265,,,,,,
income_tax_999999999_IV_m_01092024_no_nm_mth_disab,"not_married_pt,married_two_holders_pt",TRUE,m,2024-09-01,0.467,2781.35,,,,IV,no,FALSE,FALSE,999999999,,,,,,
income_tax_2197_V_m_01092024_with_nm_disab,not_married_pt,TRUE,m,2024-09-01,0,0,0,,0,V,with_one_or_more,FALSE,FALSE,2197,,,,,,
income_tax_2428_V_m_01092024_with_nm_disab,not_married_pt,TRUE,m,2024-09-01,0.0506995192307692,111.38,42.86,,0.005,V,with_one_or_more,FALSE,FALSE,2428,,,,,,
income_tax_3394_V_m_01092024_with_nm_disab,not_married_pt,TRUE,m,2024-09-01,0.0576275,128.2,42.86,,0.02,V,with_one_or_more,FALSE,FALSE,3394,,,,,,
income_tax_4374_V_m_01092024_with_nm_disab,not_married_pt,TRUE,m,2024-09-01,0.17615325,530.5,42.86,,0.055,V,with_one_or_more,FALSE,FALSE,4374,,,,,,
income_tax_6621_V_m_01092024_with_nm_disab,not_married_pt,TRUE,m,2024-09-01,0.3496365,1289.27,42.86,,0.155,V,with_one_or_more,FALSE,FALSE,6621,,,,,,
income_tax_6717_V_m_01092024_with_nm_disab,not_married_pt,TRUE,m,2024-09-01,0.4144,1717.97,42.86,,0.159,V,with_one_or_more,FALSE,FALSE,6717,,,,,,
income_tax_20265_V_m_01092024_with_nm_disab,not_married_pt,TRUE,m,2024-09-01,0.445,1923.34,42.86,,0.35,V,with_one_or_more,FALSE,FALSE,20265,,,,,,
income_tax_999999999_V_m_01092024_with_nm_disab,not_married_pt,TRUE,m,2024-09-01,0.467,2369.72,42.86,,,V,with_one_or_more,FALSE,FALSE,999999999,,,,,,
income_tax_1892_VI_m_01092024_with_mth_disab,married_two_holders_pt,TRUE,m,2024-09-01,0,0,0,,0,VI,with_one_or_more,FALSE,FALSE,1892,,,,,,
income_tax_2369_VI_m_01092024_with_mth_disab,married_two_holders_pt,TRUE,m,2024-09-01,0.0455,86.1,21.43,,0.09,VI,with_one_or_more,FALSE,FALSE,2369,,,,,,
income_tax_2857_VI_m_01092024_with_mth_disab,married_two_holders_pt,TRUE,m,2024-09-01,0.0573,114.08,21.43,,0.017,VI,with_one_or_more,FALSE,FALSE,2857,,,,,,
income_tax_4003_VI_m_01092024_with_mth_disab,married_two_holders_pt,TRUE,m,2024-09-01,0.0692,147.91,21.43,,0.032,VI,with_one_or_more,FALSE,FALSE,4003,,,,,,
income_tax_5374_VI_m_01092024_with_mth_disab,married_two_holders_pt,TRUE,m,2024-09-01,0.1762,576.21,21.43,,0.069,VI,with_one_or_more,FALSE,FALSE,5374,,,,,,
income_tax_6621_VI_m_01092024_with_mth_disab,married_two_holders_pt,TRUE,m,2024-09-01,0.3496,1508.47,21.43,,0.122,VI,with_one_or_more,FALSE,FALSE,6621,,,,,,
income_tax_7075_VI_m_01092024_with_mth_disab,married_two_holders_pt,TRUE,m,2024-09-01,0.4144,1937.17,21.43,,0.141,VI,with_one_or_more,FALSE,FALSE,7075,,,,,,
income_tax_20265_VI_m_01092024_with_mth_disab,married_two_holders_pt,TRUE,m,2024-09-01,0.445,2153.45,21.43,,0.339,VI,with_one_or_more,FALSE,FALSE,20265,,,,,,
income_tax_999999999_VI_m_01092024_with_mth_disab,married_two_holders_pt,TRUE,m,2024-09-01,0.467,2599.83,21.43,,,VI,with_one_or_more,FALSE,FALSE,999999999,,,,,,
income_tax_2868_VII_m_01092024_with_moh_disab,married_one_holder_pt,TRUE,m,2024-09-01,0,0,0,,0,VII,with_one_or_more,FALSE,FALSE,2868,,,,,,
income_tax_4374_VII_m_01092024_with_moh_disab,married_one_holder_pt,TRUE,m,2024-09-01,0.0583,108.82,42.86,,0.033,VII,with_one_or_more,FALSE,FALSE,4374,,,,,,
income_tax_6621_VII_m_01092024_with_moh_disab,married_one_holder_pt,TRUE,m,2024-09-01,0.1301,423.2,42.86,,0.066,VII,with_one_or_more,FALSE,FALSE,6621,,,,,,
income_tax_6717_VII_m_01092024_with_moh_disab,married_one_holder_pt,TRUE,m,2024-09-01,0.3506,1882.69,42.86,,0.07,VII,with_one_or_more,FALSE,FALSE,6717,,,,,,
income_tax_20265_VII_m_01092024_with_moh_disab,married_one_holder_pt,TRUE,m,2024-09-01,0.4202,2350.38,42.86,,0.304,VII,with_one_or_more,FALSE,FALSE,20265,,,,,,
income_tax_999999999_VII_m_01092024_with_moh_disab,married_one_holder_pt,TRUE,m,2024-09-01,0.467,3298.56,42.86,,,VII,with_one_or_more,FALSE,FALSE,999999999,,,,,,
